ISO-10303-21;
HEADER;
FILE_DESCRIPTION((''),'2;1');
FILE_NAME('SB105175_3D-SOFTWARE_COLOUR','2013-07-17T',('SESA231906'),(
'Schneider-Electric'),
'PRO/ENGINEER BY PARAMETRIC TECHNOLOGY CORPORATION, 2011410',
'PRO/ENGINEER BY PARAMETRIC TECHNOLOGY CORPORATION, 2011410','');
FILE_SCHEMA(('CONFIG_CONTROL_DESIGN'));
ENDSEC;
DATA;
#2=CARTESIAN_POINT('',(0.E0,5.004E1,2.010000000001E0));
#3=DIRECTION('',(-1.E0,0.E0,0.E0));
#4=DIRECTION('',(0.E0,-1.E0,-1.384174160572E-14));
#5=AXIS2_PLACEMENT_3D('',#2,#3,#4);
#7=CARTESIAN_POINT('',(0.E0,5.004E1,2.010000000001E0));
#8=DIRECTION('',(-1.E0,0.E0,0.E0));
#9=DIRECTION('',(0.E0,1.E0,1.384174160572E-14));
#10=AXIS2_PLACEMENT_3D('',#7,#8,#9);
#12=CARTESIAN_POINT('',(0.E0,9.5E0,2.01E0));
#13=DIRECTION('',(-1.E0,0.E0,0.E0));
#14=DIRECTION('',(0.E0,-1.E0,-1.268826313857E-14));
#15=AXIS2_PLACEMENT_3D('',#12,#13,#14);
#17=CARTESIAN_POINT('',(0.E0,9.5E0,2.01E0));
#18=DIRECTION('',(-1.E0,0.E0,0.E0));
#19=DIRECTION('',(0.E0,1.E0,1.268826313857E-14));
#20=AXIS2_PLACEMENT_3D('',#17,#18,#19);
#22=DIRECTION('',(0.E0,0.E0,1.E0));
#23=VECTOR('',#22,6.746020779701E0);
#24=CARTESIAN_POINT('',(0.E0,5.7796632E1,8.489295238291E-13));
#25=LINE('',#24,#23);
#26=DIRECTION('',(0.E0,-9.986834440951E-1,5.129696375403E-2));
#27=VECTOR('',#26,6.799924480728E0);
#28=CARTESIAN_POINT('',(0.E0,5.7796632E1,6.746020779702E0));
#29=LINE('',#28,#27);
#30=DIRECTION('',(0.E0,0.E0,1.E0));
#31=VECTOR('',#30,2.664330959627E1);
#32=CARTESIAN_POINT('',(0.E0,5.100566E1,7.094836259320E0));
#33=LINE('',#32,#31);
#34=DIRECTION('',(0.E0,9.986604858275E-1,5.174199500267E-2));
#35=VECTOR('',#34,3.797447735061E0);
#36=CARTESIAN_POINT('',(0.E0,5.100566E1,3.373814585559E1));
#37=LINE('',#36,#35);
#38=DIRECTION('',(0.E0,0.E0,-1.E0));
#39=VECTOR('',#38,2.259536662267E1);
#40=CARTESIAN_POINT('',(0.E0,5.4798021E1,5.653E1));
#41=LINE('',#40,#39);
#42=DIRECTION('',(0.E0,-8.370469652734E-13,1.E0));
#43=VECTOR('',#42,1.612850000004E-1);
#44=CARTESIAN_POINT('',(0.E0,5.241E1,5.653E1));
#45=LINE('',#44,#43);
#46=DIRECTION('',(0.E0,0.E0,-1.E0));
#47=VECTOR('',#46,2.259536662267E1);
#48=CARTESIAN_POINT('',(0.E0,3.201979E0,5.653E1));
#49=LINE('',#48,#47);
#50=DIRECTION('',(0.E0,9.986604858275E-1,-5.174199500267E-2));
#51=VECTOR('',#50,3.797447735061E0);
#52=CARTESIAN_POINT('',(0.E0,3.201979E0,3.393463337733E1));
#53=LINE('',#52,#51);
#54=DIRECTION('',(0.E0,0.E0,-1.E0));
#55=VECTOR('',#54,2.664330959627E1);
#56=CARTESIAN_POINT('',(0.E0,6.99434E0,3.373814585559E1));
#57=LINE('',#56,#55);
#58=DIRECTION('',(0.E0,-9.986834440951E-1,-5.129696375403E-2));
#59=VECTOR('',#58,6.799924480728E0);
#60=CARTESIAN_POINT('',(0.E0,6.99434E0,7.094836259320E0));
#61=LINE('',#60,#59);
#62=DIRECTION('',(0.E0,0.E0,1.E0));
#63=VECTOR('',#62,6.746020779702E0);
#64=CARTESIAN_POINT('',(0.E0,2.03368E-1,4.410019537250E-14));
#65=LINE('',#64,#63);
#66=DIRECTION('',(0.E0,7.119286918062E-1,7.022517623923E-1));
#67=VECTOR('',#66,1.833536160326E0);
#68=CARTESIAN_POINT('',(0.E0,1.1200694E1,2.042034507791E-12));
#69=LINE('',#68,#67);
#70=DIRECTION('',(0.E0,-8.253559039214E-1,5.646128158854E-1));
#71=VECTOR('',#70,1.218202953687E0);
#72=CARTESIAN_POINT('',(0.E0,1.2506041E1,1.799201000001E0));
#73=LINE('',#72,#71);
#74=DIRECTION('',(0.E0,9.781047383844E-1,2.081132402083E-1));
#75=VECTOR('',#74,3.474675610637E0);
#76=CARTESIAN_POINT('',(0.E0,4.389119532090E1,3.492465000001E0));
#77=LINE('',#76,#75);
#78=CARTESIAN_POINT('',(0.E0,4.749152150630E1,3.220380307537E0));
#79=DIRECTION('',(-1.E0,0.E0,0.E0));
#80=DIRECTION('',(0.E0,-1.986601662513E-1,9.800684355416E-1));
#81=AXIS2_PLACEMENT_3D('',#78,#79,#80);
#83=CARTESIAN_POINT('',(0.E0,4.749152150630E1,3.220380307537E0));
#84=DIRECTION('',(-1.E0,0.E0,0.E0));
#85=DIRECTION('',(0.E0,-1.399463475808E-14,1.E0));
#86=AXIS2_PLACEMENT_3D('',#83,#84,#85);
#88=CARTESIAN_POINT('',(0.E0,4.745380052982E1,3.270065272045E0));
#89=DIRECTION('',(-1.E0,0.E0,0.E0));
#90=DIRECTION('',(0.E0,9.991987772736E-1,-4.002253733809E-2));
#91=AXIS2_PLACEMENT_3D('',#88,#89,#90);
#93=DIRECTION('',(0.E0,-9.859517852088E-1,-1.670301686627E-1));
#94=VECTOR('',#93,2.218281899946E0);
#95=CARTESIAN_POINT('',(0.E0,4.767788199935E1,2.240172999890E0));
#96=LINE('',#95,#94);
#97=DIRECTION('',(-1.E0,0.E0,0.E0));
#98=VECTOR('',#97,2.E0);
#99=CARTESIAN_POINT('',(2.E0,5.081E1,2.010000000001E0));
#100=LINE('',#99,#98);
#101=DIRECTION('',(-1.E0,0.E0,0.E0));
#102=VECTOR('',#101,2.E0);
#103=CARTESIAN_POINT('',(2.E0,4.927E1,2.010000000001E0));
#104=LINE('',#103,#102);
#105=CARTESIAN_POINT('',(2.E0,5.004E1,2.010000000001E0));
#106=DIRECTION('',(1.E0,0.E0,0.E0));
#107=DIRECTION('',(0.E0,1.E0,1.384174160572E-14));
#108=AXIS2_PLACEMENT_3D('',#105,#106,#107);
#110=CARTESIAN_POINT('',(2.E0,5.004E1,2.010000000001E0));
#111=DIRECTION('',(1.E0,0.E0,0.E0));
#112=DIRECTION('',(0.E0,-1.E0,-1.384174160572E-14));
#113=AXIS2_PLACEMENT_3D('',#110,#111,#112);
#115=DIRECTION('',(-1.E0,0.E0,0.E0));
#116=VECTOR('',#115,2.E0);
#117=CARTESIAN_POINT('',(2.E0,1.027E1,2.01E0));
#118=LINE('',#117,#116);
#119=DIRECTION('',(-1.E0,0.E0,0.E0));
#120=VECTOR('',#119,2.E0);
#121=CARTESIAN_POINT('',(2.E0,8.73E0,2.01E0));
#122=LINE('',#121,#120);
#123=CARTESIAN_POINT('',(2.E0,9.5E0,2.01E0));
#124=DIRECTION('',(1.E0,0.E0,0.E0));
#125=DIRECTION('',(0.E0,1.E0,1.326500237214E-14));
#126=AXIS2_PLACEMENT_3D('',#123,#124,#125);
#128=CARTESIAN_POINT('',(2.E0,9.5E0,2.01E0));
#129=DIRECTION('',(1.E0,0.E0,0.E0));
#130=DIRECTION('',(0.E0,-1.E0,-1.326500237214E-14));
#131=AXIS2_PLACEMENT_3D('',#128,#129,#130);
#133=CARTESIAN_POINT('',(2.25E1,5.4E1,7.810585077847E-13));
#134=DIRECTION('',(0.E0,1.382976518076E-14,-1.E0));
#135=DIRECTION('',(0.E0,-1.E0,-1.382976518076E-14));
#136=AXIS2_PLACEMENT_3D('',#133,#134,#135);
#138=CARTESIAN_POINT('',(2.25E1,5.4E1,7.810585077847E-13));
#139=DIRECTION('',(0.E0,1.382976518076E-14,-1.E0));
#140=DIRECTION('',(-1.E0,0.E0,0.E0));
#141=AXIS2_PLACEMENT_3D('',#138,#139,#140);
#143=CARTESIAN_POINT('',(2.25E1,5.4E1,7.810585077847E-13));
#144=DIRECTION('',(0.E0,1.382976518076E-14,-1.E0));
#145=DIRECTION('',(0.E0,1.E0,1.382976518076E-14));
#146=AXIS2_PLACEMENT_3D('',#143,#144,#145);
#148=CARTESIAN_POINT('',(2.25E1,5.4E1,7.810585077847E-13));
#149=DIRECTION('',(0.E0,1.382976518076E-14,-1.E0));
#150=DIRECTION('',(1.E0,0.E0,0.E0));
#151=AXIS2_PLACEMENT_3D('',#148,#149,#150);
#153=DIRECTION('',(0.E0,1.E0,1.782988785078E-14));
#154=VECTOR('',#153,2.E-1);
#155=CARTESIAN_POINT('',(4.36E1,5.7796632E1,8.488437451518E-13));
#156=LINE('',#155,#154);
#157=DIRECTION('',(-1.E0,0.E0,0.E0));
#158=VECTOR('',#157,4.22E1);
#159=CARTESIAN_POINT('',(4.36E1,5.7996632E1,8.524097227220E-13));
#160=LINE('',#159,#158);
#161=DIRECTION('',(0.E0,1.E0,1.782988785078E-14));
#162=VECTOR('',#161,2.E-1);
#163=CARTESIAN_POINT('',(1.4E0,5.7796632E1,8.488437451518E-13));
#164=LINE('',#163,#162);
#165=DIRECTION('',(1.E0,0.E0,0.E0));
#166=VECTOR('',#165,1.4E0);
#167=CARTESIAN_POINT('',(0.E0,5.7796632E1,8.489295238291E-13));
#168=LINE('',#167,#166);
#169=DIRECTION('',(0.E0,-1.E0,-1.716395798496E-14));
#170=VECTOR('',#169,1.2305869E1);
#171=CARTESIAN_POINT('',(0.E0,5.7796632E1,8.489295238291E-13));
#172=LINE('',#171,#170);
#173=DIRECTION('',(-6.243030115719E-2,9.980493261845E-1,1.645588389466E-14));
#174=VECTOR('',#173,2.514159182434E0);
#175=CARTESIAN_POINT('',(4.155385643907E0,4.5490763E1,6.309022358765E-13));
#176=LINE('',#175,#174);
#177=DIRECTION('',(-6.240056048835E-2,-9.980511860875E-1,-1.649897917036E-14));
#178=VECTOR('',#177,2.508173820410E0);
#179=CARTESIAN_POINT('',(4.101266752362E1,4.799404885637E1,6.721995400152E-13));
#180=LINE('',#179,#178);
#181=DIRECTION('',(-1.E0,0.E0,0.E0));
#182=VECTOR('',#181,1.4E0);
#183=CARTESIAN_POINT('',(4.5E1,5.7796632E1,8.489295238291E-13));
#184=LINE('',#183,#182);
#185=DIRECTION('',(-1.428250783277E-11,-9.250814139840E-6,9.999999999572E-1));
#186=VECTOR('',#185,7.218354049038E0);
#187=CARTESIAN_POINT('',(2.25E1,5.25E1,7.583213580984E-13));
#188=LINE('',#187,#186);
#189=CARTESIAN_POINT('',(4.081617758801E1,5.505482736941E1,7.087116451090E0));
#190=CARTESIAN_POINT('',(4.072122297678E1,5.519661257325E1,7.079833712495E0));
#191=CARTESIAN_POINT('',(4.050358090008E1,5.544742019754E1,7.066950573240E0));
#192=CARTESIAN_POINT('',(4.008992090911E1,5.573852192636E1,7.051998457659E0));
#193=CARTESIAN_POINT('',(3.962040778797E1,5.591861945268E1,7.042747766542E0));
#194=CARTESIAN_POINT('',(3.912114430159E1,5.598008908482E1,7.039590422825E0));
#195=CARTESIAN_POINT('',(3.862188693636E1,5.591860369114E1,7.042748576127E0));
#196=CARTESIAN_POINT('',(3.815239054683E1,5.573849710944E1,7.051999732370E0));
#197=CARTESIAN_POINT('',(3.773875359578E1,5.544739887474E1,7.066951668477E0));
#198=CARTESIAN_POINT('',(3.752112601818E1,5.519660334360E1,7.079834186572E0));
#199=CARTESIAN_POINT('',(3.742617758801E1,5.505482736925E1,7.087116451098E0));
#201=CARTESIAN_POINT('',(3.742617758801E1,5.235486853842E1,7.225797949048E0));
#202=CARTESIAN_POINT('',(3.752113525785E1,5.221307876750E1,7.233080922229E0));
#203=CARTESIAN_POINT('',(3.773877776413E1,5.196227383911E1,7.245964040389E0));
#204=CARTESIAN_POINT('',(3.815243439319E1,5.167116639460E1,7.260916402315E0));
#205=CARTESIAN_POINT('',(3.862194725897E1,5.149106706274E1,7.270167199057E0));
#206=CARTESIAN_POINT('',(3.912121087533E1,5.142959638767E1,7.273324592049E0));
#207=CARTESIAN_POINT('',(3.962046837031E1,5.149108282491E1,7.270166389440E0));
#208=CARTESIAN_POINT('',(4.008996450392E1,5.167119121249E1,7.260915127555E0));
#209=CARTESIAN_POINT('',(4.050359809234E1,5.196229516274E1,7.245962945109E0));
#210=CARTESIAN_POINT('',(4.072122609938E1,5.221308799741E1,7.233080448138E0));
#211=CARTESIAN_POINT('',(4.081617758801E1,5.235486853862E1,7.225797949037E0));
#213=CARTESIAN_POINT('',(3.116617758794E1,5.550006677564E1,7.064239705019E0));
#214=CARTESIAN_POINT('',(3.103171467918E1,5.550006677564E1,7.064239705019E0));
#215=CARTESIAN_POINT('',(3.077335164688E1,5.546493723329E1,7.066054162932E0));
#216=CARTESIAN_POINT('',(3.040610439899E1,5.531292977049E1,7.073857926923E0));
#217=CARTESIAN_POINT('',(3.009322715969E1,5.507212387033E1,7.086227904535E0));
#218=CARTESIAN_POINT('',(2.985251799521E1,5.475935863723E1,7.102292671685E0));
#219=CARTESIAN_POINT('',(2.970067325416E1,5.439238435871E1,7.121142233498E0));
#220=CARTESIAN_POINT('',(2.966605829161E1,5.413429790402E1,7.134398720350E0));
#221=CARTESIAN_POINT('',(2.966605829161E1,5.4E1,7.141296876873E0));
#223=CARTESIAN_POINT('',(2.966605829161E1,5.4E1,7.141296876873E0));
#224=CARTESIAN_POINT('',(2.966605829161E1,5.386571424857E1,7.148194409184E0));
#225=CARTESIAN_POINT('',(2.970066700645E1,5.360764670030E1,7.161449924916E0));
#226=CARTESIAN_POINT('',(2.985249398768E1,5.324068497966E1,7.180298841698E0));
#227=CARTESIAN_POINT('',(3.009318776044E1,5.292791552844E1,7.196363825510E0));
#228=CARTESIAN_POINT('',(3.040606075551E1,5.268709425982E1,7.208734592517E0));
#229=CARTESIAN_POINT('',(3.077332055507E1,5.253506905361E1,7.216539267891E0));
#230=CARTESIAN_POINT('',(3.103170251057E1,5.249993322436E1,7.218354048728E0));
#231=CARTESIAN_POINT('',(3.116617758793E1,5.249993322436E1,7.218354048728E0));
#233=CARTESIAN_POINT('',(3.116617758793E1,5.249993322436E1,7.218354048728E0));
#234=CARTESIAN_POINT('',(3.130064049691E1,5.249993322436E1,7.218354048728E0));
#235=CARTESIAN_POINT('',(3.155900352909E1,5.253506276680E1,7.216539590810E0));
#236=CARTESIAN_POINT('',(3.192625077700E1,5.268707022956E1,7.208735826821E0));
#237=CARTESIAN_POINT('',(3.223912801627E1,5.292787612972E1,7.196365849209E0));
#238=CARTESIAN_POINT('',(3.247983718074E1,5.324064136280E1,7.180301082060E0));
#239=CARTESIAN_POINT('',(3.263168192177E1,5.360761564131E1,7.161451520248E0));
#240=CARTESIAN_POINT('',(3.266629688438E1,5.386570209599E1,7.148195033396E0));
#241=CARTESIAN_POINT('',(3.266629688438E1,5.4E1,7.141296876873E0));
#243=CARTESIAN_POINT('',(3.266629688438E1,5.4E1,7.141296876873E0));
#244=CARTESIAN_POINT('',(3.266629688438E1,5.413428575142E1,7.134399344563E0));
#245=CARTESIAN_POINT('',(3.263168816948E1,5.439235329969E1,7.121143828833E0));
#246=CARTESIAN_POINT('',(3.247986118828E1,5.475931502030E1,7.102294912051E0));
#247=CARTESIAN_POINT('',(3.223916741552E1,5.507208447151E1,7.086229928240E0));
#248=CARTESIAN_POINT('',(3.192629442048E1,5.531290574014E1,7.073859161233E0));
#249=CARTESIAN_POINT('',(3.155903462090E1,5.546493094630E1,7.066054485860E0));
#250=CARTESIAN_POINT('',(3.130065266552E1,5.550006677564E1,7.064239705019E0));
#251=CARTESIAN_POINT('',(3.116617758794E1,5.550006677564E1,7.064239705019E0));
#253=CARTESIAN_POINT('',(2.249999999990E1,5.550006677565E1,7.064239705017E0));
#254=CARTESIAN_POINT('',(2.236553709118E1,5.550006677565E1,7.064239705017E0));
#255=CARTESIAN_POINT('',(2.210717405887E1,5.546493723333E1,7.066054162930E0));
#256=CARTESIAN_POINT('',(2.173992681100E1,5.531292977050E1,7.073857926923E0));
#257=CARTESIAN_POINT('',(2.142704957171E1,5.507212387033E1,7.086227904535E0));
#258=CARTESIAN_POINT('',(2.118634040724E1,5.475935863723E1,7.102292671685E0));
#259=CARTESIAN_POINT('',(2.103449566621E1,5.439238435871E1,7.121142233499E0));
#260=CARTESIAN_POINT('',(2.099988070362E1,5.413429790402E1,7.134398720350E0));
#261=CARTESIAN_POINT('',(2.099988070362E1,5.4E1,7.141296876873E0));
#263=CARTESIAN_POINT('',(2.099988070362E1,5.4E1,7.141296876873E0));
#264=CARTESIAN_POINT('',(2.099988070362E1,5.386571424858E1,7.148194409184E0));
#265=CARTESIAN_POINT('',(2.103448941850E1,5.360764670030E1,7.161449924915E0));
#266=CARTESIAN_POINT('',(2.118631639971E1,5.324068497967E1,7.180298841698E0));
#267=CARTESIAN_POINT('',(2.142701017246E1,5.292791552844E1,7.196363825510E0));
#268=CARTESIAN_POINT('',(2.173988316752E1,5.268709425981E1,7.208734592517E0));
#269=CARTESIAN_POINT('',(2.210714296706E1,5.253506905356E1,7.216539267893E0));
#270=CARTESIAN_POINT('',(2.236552492257E1,5.249993322435E1,7.218354048730E0));
#271=CARTESIAN_POINT('',(2.249999999990E1,5.249993322435E1,7.218354048730E0));
#273=CARTESIAN_POINT('',(2.249999999990E1,5.249993322435E1,7.218354048730E0));
#274=CARTESIAN_POINT('',(2.263446290891E1,5.249993322435E1,7.218354048730E0));
#275=CARTESIAN_POINT('',(2.289282594107E1,5.253506276678E1,7.216539590811E0));
#276=CARTESIAN_POINT('',(2.326007318898E1,5.268707022955E1,7.208735826821E0));
#277=CARTESIAN_POINT('',(2.357295042825E1,5.292787612972E1,7.196365849209E0));
#278=CARTESIAN_POINT('',(2.381365959271E1,5.324064136280E1,7.180301082060E0));
#279=CARTESIAN_POINT('',(2.396550433372E1,5.360761564131E1,7.161451520248E0));
#280=CARTESIAN_POINT('',(2.400011929635E1,5.386570209599E1,7.148195033396E0));
#281=CARTESIAN_POINT('',(2.400011929635E1,5.4E1,7.141296876873E0));
#283=CARTESIAN_POINT('',(2.400011929635E1,5.4E1,7.141296876873E0));
#284=CARTESIAN_POINT('',(2.400011929635E1,5.413428575142E1,7.134399344563E0));
#285=CARTESIAN_POINT('',(2.396551058143E1,5.439235329968E1,7.121143828833E0));
#286=CARTESIAN_POINT('',(2.381368360025E1,5.475931502030E1,7.102294912051E0));
#287=CARTESIAN_POINT('',(2.357298982749E1,5.507208447151E1,7.086229928240E0));
#288=CARTESIAN_POINT('',(2.326011683247E1,5.531290574014E1,7.073859161232E0));
#289=CARTESIAN_POINT('',(2.289285703288E1,5.546493094633E1,7.066054485860E0));
#290=CARTESIAN_POINT('',(2.263447507752E1,5.550006677565E1,7.064239705017E0));
#291=CARTESIAN_POINT('',(2.249999999990E1,5.550006677565E1,7.064239705017E0));
#293=CARTESIAN_POINT('',(1.384999999992E1,5.550006677565E1,7.064239705017E0));
#294=CARTESIAN_POINT('',(1.371553709117E1,5.550006677565E1,7.064239705017E0));
#295=CARTESIAN_POINT('',(1.345717405887E1,5.546493723332E1,7.066054162931E0));
#296=CARTESIAN_POINT('',(1.308992681100E1,5.531292977050E1,7.073857926923E0));
#297=CARTESIAN_POINT('',(1.277704957170E1,5.507212387033E1,7.086227904535E0));
#298=CARTESIAN_POINT('',(1.253634040723E1,5.475935863723E1,7.102292671685E0));
#299=CARTESIAN_POINT('',(1.238449566620E1,5.439238435871E1,7.121142233499E0));
#300=CARTESIAN_POINT('',(1.234988070362E1,5.413429790402E1,7.134398720350E0));
#301=CARTESIAN_POINT('',(1.234988070362E1,5.4E1,7.141296876873E0));
#303=CARTESIAN_POINT('',(1.234988070362E1,5.4E1,7.141296876873E0));
#304=CARTESIAN_POINT('',(1.234988070362E1,5.386571424858E1,7.148194409184E0));
#305=CARTESIAN_POINT('',(1.238448941849E1,5.360764670030E1,7.161449924916E0));
#306=CARTESIAN_POINT('',(1.253631639970E1,5.324068497967E1,7.180298841698E0));
#307=CARTESIAN_POINT('',(1.277701017246E1,5.292791552844E1,7.196363825510E0));
#308=CARTESIAN_POINT('',(1.308988316751E1,5.268709425981E1,7.208734592517E0));
#309=CARTESIAN_POINT('',(1.345714296706E1,5.253506905357E1,7.216539267892E0));
#310=CARTESIAN_POINT('',(1.371552492256E1,5.249993322435E1,7.218354048730E0));
#311=CARTESIAN_POINT('',(1.384999999992E1,5.249993322435E1,7.218354048730E0));
#313=CARTESIAN_POINT('',(1.384999999992E1,5.249993322435E1,7.218354048730E0));
#314=CARTESIAN_POINT('',(1.398446290890E1,5.249993322435E1,7.218354048730E0));
#315=CARTESIAN_POINT('',(1.424282594107E1,5.253506276677E1,7.216539590811E0));
#316=CARTESIAN_POINT('',(1.461007318898E1,5.268707022955E1,7.208735826821E0));
#317=CARTESIAN_POINT('',(1.492295042824E1,5.292787612972E1,7.196365849209E0));
#318=CARTESIAN_POINT('',(1.516365959271E1,5.324064136280E1,7.180301082060E0));
#319=CARTESIAN_POINT('',(1.531550433372E1,5.360761564131E1,7.161451520248E0));
#320=CARTESIAN_POINT('',(1.535011929635E1,5.386570209599E1,7.148195033396E0));
#321=CARTESIAN_POINT('',(1.535011929635E1,5.4E1,7.141296876873E0));
#323=CARTESIAN_POINT('',(1.535011929635E1,5.4E1,7.141296876873E0));
#324=CARTESIAN_POINT('',(1.535011929635E1,5.413428575142E1,7.134399344563E0));
#325=CARTESIAN_POINT('',(1.531551058143E1,5.439235329968E1,7.121143828833E0));
#326=CARTESIAN_POINT('',(1.516368360024E1,5.475931502030E1,7.102294912051E0));
#327=CARTESIAN_POINT('',(1.492298982749E1,5.507208447151E1,7.086229928240E0));
#328=CARTESIAN_POINT('',(1.461011683246E1,5.531290574014E1,7.073859161232E0));
#329=CARTESIAN_POINT('',(1.424285703288E1,5.546493094633E1,7.066054485859E0));
#330=CARTESIAN_POINT('',(1.398447507751E1,5.550006677565E1,7.064239705017E0));
#331=CARTESIAN_POINT('',(1.384999999992E1,5.550006677565E1,7.064239705017E0));
#333=CARTESIAN_POINT('',(6.259358359260E0,5.229E1,7.229130940867E0));
#334=CARTESIAN_POINT('',(6.399530967123E0,5.238707055438E1,7.224144951824E0));
#335=CARTESIAN_POINT('',(6.647659613605E0,5.260853688420E1,7.212768519598E0));
#336=CARTESIAN_POINT('',(6.936018544559E0,5.302546507273E1,7.191353539299E0));
#337=CARTESIAN_POINT('',(7.114606729802E0,5.349978796556E1,7.166990039905E0));
#338=CARTESIAN_POINT('',(7.155187540273E0,5.382962239249E1,7.150048252506E0));
#339=CARTESIAN_POINT('',(7.155187540273E0,5.4E1,7.141296876873E0));
#341=CARTESIAN_POINT('',(7.155187540273E0,5.4E1,7.141296876873E0));
#342=CARTESIAN_POINT('',(7.155187540273E0,5.417037760751E1,7.132545501241E0));
#343=CARTESIAN_POINT('',(7.114606729802E0,5.450021203444E1,7.115603713842E0));
#344=CARTESIAN_POINT('',(6.936018544559E0,5.497453492727E1,7.091240214448E0));
#345=CARTESIAN_POINT('',(6.647659613605E0,5.539146311580E1,7.069825234149E0));
#346=CARTESIAN_POINT('',(6.399530967123E0,5.561292944562E1,7.058448801922E0));
#347=CARTESIAN_POINT('',(6.259358359260E0,5.571E1,7.053462812879E0));
#349=DIRECTION('',(-1.E0,1.551375683220E-14,3.757267614074E-8));
#350=VECTOR('',#349,2.290040843896E0);
#351=CARTESIAN_POINT('',(6.259358359260E0,5.571E1,7.053462812879E0));
#352=LINE('',#351,#350);
#353=CARTESIAN_POINT('',(3.969317515365E0,5.571E1,7.053462898922E0));
#354=CARTESIAN_POINT('',(3.825905459534E0,5.561517498237E1,7.058333546895E0));
#355=CARTESIAN_POINT('',(3.571871712471E0,5.539679976437E1,7.069551079445E0));
#356=CARTESIAN_POINT('',(3.275552404371E0,5.498053554543E1,7.090932005923E0));
#357=CARTESIAN_POINT('',(3.091755973404E0,5.450388834482E1,7.115414878601E0));
#358=CARTESIAN_POINT('',(3.049955616444E0,5.417179295906E1,7.132472802292E0));
#359=CARTESIAN_POINT('',(3.049955616444E0,5.4E1,7.141296876873E0));
#361=CARTESIAN_POINT('',(3.049955616444E0,5.4E1,7.141296876873E0));
#362=CARTESIAN_POINT('',(3.049955616444E0,5.382820704094E1,7.150120951455E0));
#363=CARTESIAN_POINT('',(3.091755973404E0,5.349611165518E1,7.167178875146E0));
#364=CARTESIAN_POINT('',(3.275552404371E0,5.301946445457E1,7.191661747824E0));
#365=CARTESIAN_POINT('',(3.571871712472E0,5.260320023563E1,7.213042674302E0));
#366=CARTESIAN_POINT('',(3.825905459534E0,5.238482501763E1,7.224260206852E0));
#367=CARTESIAN_POINT('',(3.969317515365E0,5.229E1,7.229130854824E0));
#369=DIRECTION('',(1.E0,1.861650819864E-14,3.757265248226E-8));
#370=VECTOR('',#369,2.290040843896E0);
#371=CARTESIAN_POINT('',(3.969317515365E0,5.229E1,7.229130854824E0));
#372=LINE('',#371,#370);
#373=DIRECTION('',(0.E0,-9.987015490548E-1,5.094326172865E-2));
#374=VECTOR('',#373,6.799677405329E0);
#375=CARTESIAN_POINT('',(4.36E1,5.7996632E1,6.936011520383E0));
#376=LINE('',#375,#374);
#377=DIRECTION('',(-1.E0,0.E0,0.E0));
#378=VECTOR('',#377,2.923637457973E1);
#379=CARTESIAN_POINT('',(3.711818728990E1,5.120569091056E1,7.282110224793E0));
#380=LINE('',#379,#378);
#381=DIRECTION('',(0.E0,-9.987015490548E-1,5.094326172867E-2));
#382=VECTOR('',#381,6.799677405329E0);
#383=CARTESIAN_POINT('',(1.4E0,5.7996632E1,6.936011520383E0));
#384=LINE('',#383,#382);
#385=DIRECTION('',(0.E0,-5.292683170286E-6,9.999999999860E-1));
#386=VECTOR('',#385,3.487116451146E0);
#387=CARTESIAN_POINT('',(3.742617758801E1,5.505484582545E1,3.600000000001E0));
#388=LINE('',#387,#386);
#389=DIRECTION('',(0.E0,5.292636219398E-6,-9.999999999860E-1));
#390=VECTOR('',#389,3.487116451137E0);
#391=CARTESIAN_POINT('',(4.081617758801E1,5.505482736941E1,7.087116451090E0));
#392=LINE('',#391,#390);
#393=DIRECTION('',(1.E0,0.E0,0.E0));
#394=VECTOR('',#393,7.E0);
#395=CARTESIAN_POINT('',(3.681266301447E1,5.099406718451E1,3.600000000001E0));
#396=LINE('',#395,#394);
#397=DIRECTION('',(0.E0,1.E0,0.E0));
#398=VECTOR('',#397,6.E0);
#399=CARTESIAN_POINT('',(4.381266301447E1,5.099406718451E1,3.600000000001E0));
#400=LINE('',#399,#398);
#401=DIRECTION('',(-1.E0,0.E0,0.E0));
#402=VECTOR('',#401,7.E0);
#403=CARTESIAN_POINT('',(4.381266301447E1,5.699406718451E1,3.600000000001E0));
#404=LINE('',#403,#402);
#405=DIRECTION('',(0.E0,-1.E0,0.E0));
#406=VECTOR('',#405,6.E0);
#407=CARTESIAN_POINT('',(3.681266301447E1,5.699406718451E1,3.600000000001E0));
#408=LINE('',#407,#406);
#409=CARTESIAN_POINT('',(3.912117758801E1,5.391969165090E1,3.600000000001E0));
#410=DIRECTION('',(0.E0,1.382976518076E-14,-1.E0));
#411=DIRECTION('',(-8.308823529412E-1,5.564481247798E-1,0.E0));
#412=AXIS2_PLACEMENT_3D('',#409,#410,#411);
#414=CARTESIAN_POINT('',(3.912117758801E1,5.349E1,3.600000000001E0));
#415=DIRECTION('',(0.E0,1.382976518076E-14,-1.E0));
#416=DIRECTION('',(8.308823529412E-1,-5.564481247798E-1,0.E0));
#417=AXIS2_PLACEMENT_3D('',#414,#415,#416);
#419=DIRECTION('',(1.E0,0.E0,0.E0));
#420=VECTOR('',#419,7.E0);
#421=CARTESIAN_POINT('',(3.681266301447E1,5.099406718451E1,7.314149024377E-13));
#422=LINE('',#421,#420);
#423=DIRECTION('',(0.E0,0.E0,-1.E0));
#424=VECTOR('',#423,3.6E0);
#425=CARTESIAN_POINT('',(3.681266301447E1,5.099406718451E1,3.600000000001E0));
#426=LINE('',#425,#424);
#427=DIRECTION('',(0.E0,1.E0,1.650488679569E-14));
#428=VECTOR('',#427,6.E0);
#429=CARTESIAN_POINT('',(4.381266301447E1,5.099406718451E1,7.314222458996E-13));
#430=LINE('',#429,#428);
#431=DIRECTION('',(0.E0,0.E0,-1.E0));
#432=VECTOR('',#431,3.6E0);
#433=CARTESIAN_POINT('',(4.381266301447E1,5.099406718451E1,3.600000000001E0));
#434=LINE('',#433,#432);
#435=DIRECTION('',(-1.E0,0.E0,0.E0));
#436=VECTOR('',#435,7.E0);
#437=CARTESIAN_POINT('',(4.381266301447E1,5.699406718451E1,8.304515666738E-13));
#438=LINE('',#437,#436);
#439=DIRECTION('',(0.E0,0.E0,-1.E0));
#440=VECTOR('',#439,3.6E0);
#441=CARTESIAN_POINT('',(4.381266301447E1,5.699406718451E1,3.600000000001E0));
#442=LINE('',#441,#440);
#443=DIRECTION('',(0.E0,-1.E0,-1.650488679569E-14));
#444=VECTOR('',#443,6.E0);
#445=CARTESIAN_POINT('',(3.681266301447E1,5.699406718451E1,8.304442232119E-13));
#446=LINE('',#445,#444);
#447=DIRECTION('',(0.E0,0.E0,-1.E0));
#448=VECTOR('',#447,3.6E0);
#449=CARTESIAN_POINT('',(3.681266301447E1,5.699406718451E1,3.600000000001E0));
#450=LINE('',#449,#448);
#451=DIRECTION('',(-1.315819881037E-14,1.E0,1.332267629550E-14));
#452=VECTOR('',#451,2.700000000001E0);
#453=CARTESIAN_POINT('',(4.081617758801E1,5.235484582545E1,3.600000000001E0));
#454=LINE('',#453,#452);
#455=DIRECTION('',(1.051286069806E-14,-9.986834587863E-1,5.129667773472E-2));
#456=VECTOR('',#455,2.703518123820E0);
#457=CARTESIAN_POINT('',(4.081617758801E1,5.505482736941E1,7.087116451090E0));
#458=LINE('',#457,#456);
#459=DIRECTION('',(0.E0,6.264324105183E-6,9.999999999804E-1));
#460=VECTOR('',#459,3.625797949107E0);
#461=CARTESIAN_POINT('',(4.081617758801E1,5.235484582545E1,3.600000000001E0));
#462=LINE('',#461,#460);
#463=DIRECTION('',(0.E0,-6.264268538254E-6,-9.999999999804E-1));
#464=VECTOR('',#463,3.625797949118E0);
#465=CARTESIAN_POINT('',(3.742617758801E1,5.235486853842E1,7.225797949048E0));
#466=LINE('',#465,#464);
#467=DIRECTION('',(-1.052655904830E-14,-1.E0,-1.332267629550E-14));
#468=VECTOR('',#467,2.700000000001E0);
#469=CARTESIAN_POINT('',(3.742617758801E1,5.505484582545E1,3.600000000001E0));
#470=LINE('',#469,#468);
#471=DIRECTION('',(1.314107587239E-14,9.986834587863E-1,-5.129667773471E-2));
#472=VECTOR('',#471,2.703518123858E0);
#473=CARTESIAN_POINT('',(3.742617758801E1,5.235486853842E1,7.225797949048E0));
#474=LINE('',#473,#472);
#475=DIRECTION('',(-6.296215268264E-11,-5.480807243289E-5,9.999999984980E-1));
#476=VECTOR('',#475,1.218354050557E0);
#477=CARTESIAN_POINT('',(3.116617758801E1,5.25E1,6.000000000001E0));
#478=LINE('',#477,#476);
#479=DIRECTION('',(1.E0,0.E0,0.E0));
#480=VECTOR('',#479,9.E0);
#481=CARTESIAN_POINT('',(2.65E1,4.99E1,6.000000000001E0));
#482=LINE('',#481,#480);
#483=DIRECTION('',(0.E0,1.E0,0.E0));
#484=VECTOR('',#483,7.1E0);
#485=CARTESIAN_POINT('',(3.55E1,4.99E1,6.000000000001E0));
#486=LINE('',#485,#484);
#487=DIRECTION('',(-1.E0,0.E0,0.E0));
#488=VECTOR('',#487,9.E0);
#489=CARTESIAN_POINT('',(3.55E1,5.7E1,6.000000000001E0));
#490=LINE('',#489,#488);
#491=DIRECTION('',(0.E0,-1.E0,0.E0));
#492=VECTOR('',#491,7.1E0);
#493=CARTESIAN_POINT('',(2.65E1,5.7E1,6.000000000001E0));
#494=LINE('',#493,#492);
#495=CARTESIAN_POINT('',(3.116617758801E1,5.4E1,6.000000000001E0));
#496=DIRECTION('',(0.E0,1.382976518076E-14,-1.E0));
#497=DIRECTION('',(1.657933050107E-14,-1.E0,-1.361873576874E-14));
#498=AXIS2_PLACEMENT_3D('',#495,#496,#497);
#500=CARTESIAN_POINT('',(3.116617758801E1,5.4E1,6.000000000001E0));
#501=DIRECTION('',(0.E0,1.382976518076E-14,-1.E0));
#502=DIRECTION('',(-1.E0,0.E0,0.E0));
#503=AXIS2_PLACEMENT_3D('',#500,#501,#502);
#505=CARTESIAN_POINT('',(3.116617758801E1,5.4E1,6.000000000001E0));
#506=DIRECTION('',(0.E0,1.382976518076E-14,-1.E0));
#507=DIRECTION('',(-1.657933050107E-14,1.E0,1.361873576874E-14));
#508=AXIS2_PLACEMENT_3D('',#505,#506,#507);
#510=CARTESIAN_POINT('',(3.116617758801E1,5.4E1,6.000000000001E0));
#511=DIRECTION('',(0.E0,1.382976518076E-14,-1.E0));
#512=DIRECTION('',(1.E0,0.E0,0.E0));
#513=AXIS2_PLACEMENT_3D('',#510,#511,#512);
#515=DIRECTION('',(1.E0,0.E0,0.E0));
#516=VECTOR('',#515,9.E0);
#517=CARTESIAN_POINT('',(2.65E1,4.99E1,3.600000000001E0));
#518=LINE('',#517,#516);
#519=DIRECTION('',(0.E0,0.E0,-1.E0));
#520=VECTOR('',#519,2.4E0);
#521=CARTESIAN_POINT('',(2.65E1,4.99E1,6.000000000001E0));
#522=LINE('',#521,#520);
#523=CARTESIAN_POINT('',(3.851536191530E1,4.843334314823E1,3.6E0));
#524=CARTESIAN_POINT('',(3.851737105772E1,4.895377883048E1,3.6E0));
#525=CARTESIAN_POINT('',(3.851737040763E1,4.947404999480E1,3.600000000001E0));
#526=CARTESIAN_POINT('',(3.851937955004E1,4.999448567705E1,3.600000000001E0));
#528=DIRECTION('',(-9.999999931928E-1,1.166811499289E-4,0.E0));
#529=VECTOR('',#528,3.019379570599E0);
#530=CARTESIAN_POINT('',(3.851937955004E1,4.999448567705E1,3.600000000001E0));
#531=LINE('',#530,#529);
#532=DIRECTION('',(-9.999999931973E-1,1.166423488567E-4,0.E0));
#533=VECTOR('',#532,8.000000054422E0);
#534=CARTESIAN_POINT('',(2.65E1,4.999673401431E1,3.600000000001E0));
#535=LINE('',#534,#533);
#536=DIRECTION('',(-9.999999931982E-1,1.166343576562E-4,0.E0));
#537=VECTOR('',#536,3.000205551097E0);
#538=CARTESIAN_POINT('',(9.5E0,4.999956259128E1,3.600000000001E0));
#539=LINE('',#538,#537);
#540=DIRECTION('',(-5.157418809971E-4,-9.999998670051E-1,-2.891483426629E-13));
#541=VECTOR('',#540,1.566569567286E0);
#542=CARTESIAN_POINT('',(6.499794469310E0,4.999991251833E1,3.600000000001E0));
#543=LINE('',#542,#541);
#544=DIRECTION('',(-1.E0,3.485173918015E-10,0.E0));
#545=VECTOR('',#544,3.201637539153E1);
#546=CARTESIAN_POINT('',(3.851536191530E1,4.843334314823E1,3.6E0));
#547=LINE('',#546,#545);
#548=DIRECTION('',(-1.E0,4.362322127563E-10,2.647022208554E-9));
#549=VECTOR('',#548,6.498819616040E0);
#550=CARTESIAN_POINT('',(6.498819616040E0,4.850694399717E1,3.227881982788E0));
#551=LINE('',#550,#549);
#552=DIRECTION('',(1.E0,0.E0,0.E0));
#553=VECTOR('',#552,4.5E1);
#554=CARTESIAN_POINT('',(0.E0,4.728979200001E1,4.215591000004E0));
#555=LINE('',#554,#553);
#556=DIRECTION('',(-1.E0,-1.391425461339E-13,0.E0));
#557=VECTOR('',#556,6.485358357229E0);
#558=CARTESIAN_POINT('',(4.5E1,4.8506944E1,3.227881999991E0));
#559=LINE('',#558,#557);
#560=CARTESIAN_POINT('',(6.498809347510E0,4.749152150630E1,3.220380307537E0));
#561=DIRECTION('',(1.E0,0.E0,0.E0));
#562=DIRECTION('',(0.E0,9.999727120311E-1,7.387502494035E-3));
#563=AXIS2_PLACEMENT_3D('',#560,#561,#562);
#565=DIRECTION('',(-1.579179911652E-5,0.E0,-9.999999998753E-1));
#566=VECTOR('',#565,3.600000000449E0);
#567=CARTESIAN_POINT('',(6.499794469310E0,4.999991251833E1,3.600000000001E0));
#568=LINE('',#567,#566);
#569=DIRECTION('',(-5.247862850245E-4,-9.999998622997E-1,-1.651186550823E-14));
#570=VECTOR('',#569,1.999908722374E0);
#571=CARTESIAN_POINT('',(6.499737618833E0,4.999991251833E1,7.083420068513E-13));
#572=LINE('',#571,#570);
#573=DIRECTION('',(-9.999999931985E-1,1.166321476075E-4,0.E0));
#574=VECTOR('',#573,3.000262401573E0);
#575=CARTESIAN_POINT('',(9.5E0,4.999956259128E1,7.143495066131E-13));
#576=LINE('',#575,#574);
#577=DIRECTION('',(0.E0,0.E0,-1.E0));
#578=VECTOR('',#577,3.6E0);
#579=CARTESIAN_POINT('',(9.5E0,4.999956259128E1,3.600000000001E0));
#580=LINE('',#579,#578);
#581=DIRECTION('',(0.E0,-1.E0,-2.230201143509E-14));
#582=VECTOR('',#581,9.956259128072E-2);
#583=CARTESIAN_POINT('',(9.5E0,4.999956259128E1,3.600000000001E0));
#584=LINE('',#583,#582);
#585=DIRECTION('',(0.E0,0.E0,-1.E0));
#586=VECTOR('',#585,6.E0);
#587=CARTESIAN_POINT('',(9.5E0,5.7E1,6.000000000001E0));
#588=LINE('',#587,#586);
#589=DIRECTION('',(0.E0,-1.E0,-1.650327833245E-14));
#590=VECTOR('',#589,7.000437408719E0);
#591=CARTESIAN_POINT('',(9.5E0,5.7E1,8.298796736181E-13));
#592=LINE('',#591,#590);
#593=DIRECTION('',(1.E0,0.E0,0.E0));
#594=VECTOR('',#593,9.E0);
#595=CARTESIAN_POINT('',(9.5E0,4.99E1,3.600000000001E0));
#596=LINE('',#595,#594);
#597=DIRECTION('',(0.E0,0.E0,-1.E0));
#598=VECTOR('',#597,2.4E0);
#599=CARTESIAN_POINT('',(9.5E0,4.99E1,6.000000000001E0));
#600=LINE('',#599,#598);
#601=DIRECTION('',(0.E0,1.E0,0.E0));
#602=VECTOR('',#601,9.766715310892E-2);
#603=CARTESIAN_POINT('',(1.85E1,4.99E1,3.600000000001E0));
#604=LINE('',#603,#602);
#605=DIRECTION('',(0.E0,0.E0,-1.E0));
#606=VECTOR('',#605,3.6E0);
#607=CARTESIAN_POINT('',(1.85E1,4.999766715311E1,3.600000000001E0));
#608=LINE('',#607,#606);
#609=DIRECTION('',(0.E0,1.E0,1.650380097899E-14));
#610=VECTOR('',#609,7.002332846891E0);
#611=CARTESIAN_POINT('',(1.85E1,4.999766715311E1,7.143085730283E-13));
#612=LINE('',#611,#610);
#613=DIRECTION('',(0.E0,1.184237892934E-14,-1.E0));
#614=VECTOR('',#613,2.4E0);
#615=CARTESIAN_POINT('',(1.85E1,4.99E1,6.000000000001E0));
#616=LINE('',#615,#614);
#617=DIRECTION('',(-9.999999931973E-1,1.166423488567E-4,0.E0));
#618=VECTOR('',#617,8.000000054422E0);
#619=CARTESIAN_POINT('',(2.65E1,4.999673401431E1,7.143067872411E-13));
#620=LINE('',#619,#618);
#621=DIRECTION('',(0.E0,0.E0,-1.E0));
#622=VECTOR('',#621,3.6E0);
#623=CARTESIAN_POINT('',(2.65E1,4.999673401431E1,3.600000000001E0));
#624=LINE('',#623,#622);
#625=DIRECTION('',(0.E0,-1.E0,-2.295413940018E-14));
#626=VECTOR('',#625,9.673401431172E-2);
#627=CARTESIAN_POINT('',(2.65E1,4.999673401431E1,3.600000000001E0));
#628=LINE('',#627,#626);
#629=DIRECTION('',(0.E0,0.E0,-1.E0));
#630=VECTOR('',#629,6.E0);
#631=CARTESIAN_POINT('',(2.65E1,5.7E1,6.000000000001E0));
#632=LINE('',#631,#630);
#633=DIRECTION('',(0.E0,-1.E0,-1.650252331914E-14));
#634=VECTOR('',#633,7.003265985688E0);
#635=CARTESIAN_POINT('',(2.65E1,5.7E1,8.298783474801E-13));
#636=LINE('',#635,#634);
#637=DIRECTION('',(-1.E0,0.E0,0.E0));
#638=VECTOR('',#637,9.E0);
#639=CARTESIAN_POINT('',(3.55E1,5.7E1,8.298723545841E-13));
#640=LINE('',#639,#638);
#641=DIRECTION('',(0.E0,0.E0,-1.E0));
#642=VECTOR('',#641,6.E0);
#643=CARTESIAN_POINT('',(3.55E1,5.7E1,6.000000000001E0));
#644=LINE('',#643,#642);
#645=DIRECTION('',(0.E0,1.E0,0.E0));
#646=VECTOR('',#645,9.483798172829E-2);
#647=CARTESIAN_POINT('',(3.55E1,4.99E1,3.600000000001E0));
#648=LINE('',#647,#646);
#649=DIRECTION('',(0.E0,0.E0,-1.E0));
#650=VECTOR('',#649,3.6E0);
#651=CARTESIAN_POINT('',(3.55E1,4.999483798173E1,3.600000000001E0));
#652=LINE('',#651,#650);
#653=DIRECTION('',(0.E0,1.E0,1.650358438282E-14));
#654=VECTOR('',#653,7.005162018272E0);
#655=CARTESIAN_POINT('',(3.55E1,4.999483798173E1,7.142620721002E-13));
#656=LINE('',#655,#654);
#657=DIRECTION('',(0.E0,0.E0,-1.E0));
#658=VECTOR('',#657,2.4E0);
#659=CARTESIAN_POINT('',(3.55E1,4.99E1,6.000000000001E0));
#660=LINE('',#659,#658);
#661=DIRECTION('',(-9.999999931915E-1,1.166920646341E-4,0.E0));
#662=VECTOR('',#661,3.019097155243E0);
#663=CARTESIAN_POINT('',(3.851909713469E1,4.999448567705E1,7.082484707981E-13));
#664=LINE('',#663,#662);
#665=DIRECTION('',(-7.844871012292E-5,0.E0,-9.999999969229E-1));
#666=VECTOR('',#665,3.600000011078E0);
#667=CARTESIAN_POINT('',(3.851937955004E1,4.999448567705E1,3.600000000001E0));
#668=LINE('',#667,#666);
#669=CARTESIAN_POINT('',(3.851435750662E1,4.843334314823E1,3.6E0));
#670=CARTESIAN_POINT('',(3.851454325994E1,4.848145952595E1,3.480625144660E0));
#671=CARTESIAN_POINT('',(3.851463797208E1,4.850599316776E1,3.356585816180E0));
#672=CARTESIAN_POINT('',(3.851464164277E1,4.8506944E1,3.227881999991E0));
#674=CARTESIAN_POINT('',(3.851464164277E1,4.8506944E1,3.227881999991E0));
#675=CARTESIAN_POINT('',(3.851462791004E1,4.850338675882E1,3.139072262295E0));
#676=CARTESIAN_POINT('',(3.851451739261E1,4.847475923336E1,2.968344954619E0));
#677=CARTESIAN_POINT('',(3.851411073022E1,4.836941896986E1,2.726011791864E0));
#678=CARTESIAN_POINT('',(3.851348369342E1,4.820699887896E1,2.517700716827E0));
#679=CARTESIAN_POINT('',(3.851295734901E1,4.807064897244E1,2.410767258349E0));
#680=CARTESIAN_POINT('',(3.851266275731E1,4.799433977985E1,2.365197048712E0));
#682=DIRECTION('',(5.441749643066E-4,-2.213743209864E-9,-9.999998519368E-1));
#683=VECTOR('',#682,2.365197398910E0);
#684=CARTESIAN_POINT('',(3.851266275731E1,4.799433977985E1,2.365197048712E0));
#685=LINE('',#684,#683);
#686=DIRECTION('',(2.573451827091E-3,9.999966886674E-1,1.649852389424E-14));
#687=VECTOR('',#686,2.000152525599E0);
#688=CARTESIAN_POINT('',(3.851394983852E1,4.799433977462E1,6.752489065624E-13));
#689=LINE('',#688,#687);
#690=DIRECTION('',(-1.E0,3.883328581054E-13,6.416801508077E-14));
#691=VECTOR('',#690,4.007099988671E0);
#692=CARTESIAN_POINT('',(4.5E1,4.767788199935E1,2.240172999890E0));
#693=LINE('',#692,#691);
#694=DIRECTION('',(-9.999999926257E-1,1.163670691058E-4,3.474595613172E-5));
#695=VECTOR('',#694,2.500004921410E0);
#696=CARTESIAN_POINT('',(4.101266766028E1,4.799404886161E1,2.365110183651E0));
#697=LINE('',#696,#695);
#698=CARTESIAN_POINT('',(4.5E1,9.5E0,2.01E0));
#699=DIRECTION('',(1.E0,0.E0,0.E0));
#700=DIRECTION('',(0.E0,1.E0,1.499522007286E-14));
#701=AXIS2_PLACEMENT_3D('',#698,#699,#700);
#703=CARTESIAN_POINT('',(4.5E1,9.5E0,2.01E0));
#704=DIRECTION('',(1.E0,0.E0,0.E0));
#705=DIRECTION('',(0.E0,-1.E0,-1.499522007286E-14));
#706=AXIS2_PLACEMENT_3D('',#703,#704,#705);
#708=CARTESIAN_POINT('',(4.5E1,5.004E1,2.010000000001E0));
#709=DIRECTION('',(1.E0,0.E0,0.E0));
#710=DIRECTION('',(0.E0,1.E0,1.384174160572E-14));
#711=AXIS2_PLACEMENT_3D('',#708,#709,#710);
#713=CARTESIAN_POINT('',(4.5E1,5.004E1,2.010000000001E0));
#714=DIRECTION('',(1.E0,0.E0,0.E0));
#715=DIRECTION('',(0.E0,-1.E0,-1.384174160572E-14));
#716=AXIS2_PLACEMENT_3D('',#713,#714,#715);
#718=DIRECTION('',(0.E0,0.E0,1.E0));
#719=VECTOR('',#718,6.746020779701E0);
#720=CARTESIAN_POINT('',(4.5E1,5.7796632E1,8.489295238291E-13));
#721=LINE('',#720,#719);
#722=DIRECTION('',(0.E0,-1.E0,-1.716997258404E-14));
#723=VECTOR('',#722,1.2305869E1);
#724=CARTESIAN_POINT('',(4.5E1,5.7796632E1,8.489295238291E-13));
#725=LINE('',#724,#723);
#726=DIRECTION('',(0.E0,1.140119694553E-14,1.E0));
#727=VECTOR('',#726,1.869653E0);
#728=CARTESIAN_POINT('',(4.5E1,4.5490763E1,6.376380904764E-13));
#729=LINE('',#728,#727);
#730=DIRECTION('',(0.E0,9.859517852088E-1,1.670301686627E-1));
#731=VECTOR('',#730,2.218281899946E0);
#732=CARTESIAN_POINT('',(4.5E1,4.5490763E1,1.869653000001E0));
#733=LINE('',#732,#731);
#734=CARTESIAN_POINT('',(4.5E1,4.745380052982E1,3.270065272045E0));
#735=DIRECTION('',(1.E0,0.E0,0.E0));
#736=DIRECTION('',(0.E0,2.126034454931E-1,-9.771385648742E-1));
#737=AXIS2_PLACEMENT_3D('',#734,#735,#736);
#739=CARTESIAN_POINT('',(4.5E1,4.749152150630E1,3.220380307537E0));
#740=DIRECTION('',(1.E0,0.E0,0.E0));
#741=DIRECTION('',(0.E0,9.999727116561E-1,7.387553251733E-3));
#742=AXIS2_PLACEMENT_3D('',#739,#740,#741);
#744=CARTESIAN_POINT('',(4.5E1,4.749152150630E1,3.220380307537E0));
#745=DIRECTION('',(1.E0,0.E0,0.E0));
#746=DIRECTION('',(0.E0,-1.399463475808E-14,1.E0));
#747=AXIS2_PLACEMENT_3D('',#744,#745,#746);
#749=DIRECTION('',(0.E0,-9.781047383844E-1,-2.081132402083E-1));
#750=VECTOR('',#749,3.474675610637E0);
#751=CARTESIAN_POINT('',(4.5E1,4.728979200001E1,4.215591000004E0));
#752=LINE('',#751,#750);
#753=DIRECTION('',(0.E0,-1.E0,1.728885545895E-14));
#754=VECTOR('',#753,3.239060532090E1);
#755=CARTESIAN_POINT('',(4.5E1,4.389119532090E1,3.492465000001E0));
#756=LINE('',#755,#754);
#757=DIRECTION('',(0.E0,-2.491084243345E-13,-1.E0));
#758=VECTOR('',#757,1.005451E0);
#759=CARTESIAN_POINT('',(4.5E1,1.150059E1,3.492465000002E0));
#760=LINE('',#759,#758);
#761=DIRECTION('',(0.E0,8.253559039214E-1,-5.646128158854E-1));
#762=VECTOR('',#761,1.218202953687E0);
#763=CARTESIAN_POINT('',(4.5E1,1.150059E1,2.487014000002E0));
#764=LINE('',#763,#762);
#765=DIRECTION('',(0.E0,-2.777743949867E-14,-1.E0));
#766=VECTOR('',#765,5.115969999999E-1);
#767=CARTESIAN_POINT('',(4.5E1,1.2506041E1,1.799201000001E0));
#768=LINE('',#767,#766);
#769=DIRECTION('',(0.E0,-7.119286918062E-1,-7.022517623923E-1));
#770=VECTOR('',#769,1.833536160326E0);
#771=CARTESIAN_POINT('',(4.5E1,1.2506041E1,1.287604000001E0));
#772=LINE('',#771,#770);
#773=DIRECTION('',(0.E0,-1.E0,-1.816747907462E-13));
#774=VECTOR('',#773,1.0997326E1);
#775=CARTESIAN_POINT('',(4.5E1,1.1200694E1,2.042037095190E-12));
#776=LINE('',#775,#774);
#777=DIRECTION('',(0.E0,0.E0,1.E0));
#778=VECTOR('',#777,6.746020779702E0);
#779=CARTESIAN_POINT('',(4.5E1,2.03368E-1,4.410019537250E-14));
#780=LINE('',#779,#778);
#781=DIRECTION('',(0.E0,-9.986834440951E-1,-5.129696375403E-2));
#782=VECTOR('',#781,6.799924480728E0);
#783=CARTESIAN_POINT('',(4.5E1,6.99434E0,7.094836259320E0));
#784=LINE('',#783,#782);
#785=DIRECTION('',(0.E0,0.E0,-1.E0));
#786=VECTOR('',#785,2.664330959627E1);
#787=CARTESIAN_POINT('',(4.5E1,6.99434E0,3.373814585559E1));
#788=LINE('',#787,#786);
#789=DIRECTION('',(0.E0,9.986604858275E-1,-5.174199500267E-2));
#790=VECTOR('',#789,3.797447735061E0);
#791=CARTESIAN_POINT('',(4.5E1,3.201979E0,3.393463337733E1));
#792=LINE('',#791,#790);
#793=DIRECTION('',(0.E0,0.E0,-1.E0));
#794=VECTOR('',#793,2.259536662267E1);
#795=CARTESIAN_POINT('',(4.5E1,3.201979E0,5.653E1));
#796=LINE('',#795,#794);
#797=DIRECTION('',(0.E0,1.E0,1.190178370726E-14));
#798=VECTOR('',#797,2.388021000001E0);
#799=CARTESIAN_POINT('',(4.5E1,3.201979E0,5.653E1));
#800=LINE('',#799,#798);
#801=DIRECTION('',(0.E0,-1.305132439273E-12,1.E0));
#802=VECTOR('',#801,1.612850000006E-1);
#803=CARTESIAN_POINT('',(4.5E1,5.590000000001E0,5.653E1));
#804=LINE('',#803,#802);
#805=DIRECTION('',(0.E0,1.E0,0.E0));
#806=VECTOR('',#805,4.682E1);
#807=CARTESIAN_POINT('',(4.5E1,5.590000000001E0,5.6691285E1));
#808=LINE('',#807,#806);
#809=DIRECTION('',(0.E0,1.E0,0.E0));
#810=VECTOR('',#809,2.388021E0);
#811=CARTESIAN_POINT('',(4.5E1,5.241E1,5.653E1));
#812=LINE('',#811,#810);
#813=DIRECTION('',(0.E0,0.E0,-1.E0));
#814=VECTOR('',#813,2.259536662267E1);
#815=CARTESIAN_POINT('',(4.5E1,5.4798021E1,5.653E1));
#816=LINE('',#815,#814);
#817=DIRECTION('',(0.E0,9.986604858275E-1,5.174199500267E-2));
#818=VECTOR('',#817,3.797447735061E0);
#819=CARTESIAN_POINT('',(4.5E1,5.100566E1,3.373814585559E1));
#820=LINE('',#819,#818);
#821=DIRECTION('',(0.E0,0.E0,1.E0));
#822=VECTOR('',#821,2.664330959627E1);
#823=CARTESIAN_POINT('',(4.5E1,5.100566E1,7.094836259320E0));
#824=LINE('',#823,#822);
#825=DIRECTION('',(0.E0,-9.986834440951E-1,5.129696375403E-2));
#826=VECTOR('',#825,6.799924480728E0);
#827=CARTESIAN_POINT('',(4.5E1,5.7796632E1,6.746020779702E0));
#828=LINE('',#827,#826);
#829=DIRECTION('',(1.E0,0.E0,0.E0));
#830=VECTOR('',#829,2.E0);
#831=CARTESIAN_POINT('',(4.3E1,8.73E0,2.01E0));
#832=LINE('',#831,#830);
#833=DIRECTION('',(1.E0,0.E0,0.E0));
#834=VECTOR('',#833,2.E0);
#835=CARTESIAN_POINT('',(4.3E1,1.027E1,2.01E0));
#836=LINE('',#835,#834);
#837=CARTESIAN_POINT('',(4.3E1,9.5E0,2.01E0));
#838=DIRECTION('',(-1.E0,0.E0,0.E0));
#839=DIRECTION('',(0.E0,-1.E0,-1.499522007286E-14));
#840=AXIS2_PLACEMENT_3D('',#837,#838,#839);
#842=CARTESIAN_POINT('',(4.3E1,9.5E0,2.01E0));
#843=DIRECTION('',(-1.E0,0.E0,0.E0));
#844=DIRECTION('',(0.E0,1.E0,1.499522007286E-14));
#845=AXIS2_PLACEMENT_3D('',#842,#843,#844);
#847=DIRECTION('',(1.E0,0.E0,0.E0));
#848=VECTOR('',#847,2.E0);
#849=CARTESIAN_POINT('',(4.3E1,4.927E1,2.010000000001E0));
#850=LINE('',#849,#848);
#851=DIRECTION('',(1.E0,0.E0,0.E0));
#852=VECTOR('',#851,2.E0);
#853=CARTESIAN_POINT('',(4.3E1,5.081E1,2.010000000001E0));
#854=LINE('',#853,#852);
#855=CARTESIAN_POINT('',(4.3E1,5.004E1,2.010000000001E0));
#856=DIRECTION('',(-1.E0,0.E0,0.E0));
#857=DIRECTION('',(0.E0,-1.E0,-1.384174160572E-14));
#858=AXIS2_PLACEMENT_3D('',#855,#856,#857);
#860=CARTESIAN_POINT('',(4.3E1,5.004E1,2.010000000001E0));
#861=DIRECTION('',(-1.E0,0.E0,0.E0));
#862=DIRECTION('',(0.E0,1.E0,1.384174160572E-14));
#863=AXIS2_PLACEMENT_3D('',#860,#861,#862);
#865=DIRECTION('',(0.E0,0.E0,1.E0));
#866=VECTOR('',#865,6.746020779701E0);
#867=CARTESIAN_POINT('',(4.36E1,5.7796632E1,8.488437451518E-13));
#868=LINE('',#867,#866);
#869=DIRECTION('',(0.E0,-9.986834440951E-1,5.129696375403E-2));
#870=VECTOR('',#869,6.799924480728E0);
#871=CARTESIAN_POINT('',(4.36E1,5.7796632E1,6.746020779702E0));
#872=LINE('',#871,#870);
#873=DIRECTION('',(0.E0,0.E0,1.E0));
#874=VECTOR('',#873,1.851637406807E-1);
#875=CARTESIAN_POINT('',(4.36E1,5.100566E1,7.094836259320E0));
#876=LINE('',#875,#874);
#877=DIRECTION('',(0.E0,0.E0,1.E0));
#878=VECTOR('',#877,1.145814585559E1);
#879=CARTESIAN_POINT('',(4.36E1,5.100566E1,2.228E1));
#880=LINE('',#879,#878);
#881=DIRECTION('',(0.E0,9.986604858275E-1,5.174199500267E-2));
#882=VECTOR('',#881,1.406223656517E0);
#883=CARTESIAN_POINT('',(4.36E1,5.100566E1,3.373814585559E1));
#884=LINE('',#883,#882);
#885=DIRECTION('',(0.E0,0.E0,-1.E0));
#886=VECTOR('',#885,1.145814585559E1);
#887=CARTESIAN_POINT('',(4.36E1,6.99434E0,3.373814585559E1));
#888=LINE('',#887,#886);
#889=DIRECTION('',(0.E0,9.986604858275E-1,-5.174199500267E-2));
#890=VECTOR('',#889,1.406223656517E0);
#891=CARTESIAN_POINT('',(4.36E1,5.590000000001E0,3.381090667300E1));
#892=LINE('',#891,#890);
#893=DIRECTION('',(0.E0,0.E0,-1.E0));
#894=VECTOR('',#893,1.851637406797E-1);
#895=CARTESIAN_POINT('',(4.36E1,6.99434E0,7.28E0));
#896=LINE('',#895,#894);
#897=DIRECTION('',(0.E0,-9.986834440951E-1,-5.129696375403E-2));
#898=VECTOR('',#897,6.799924480728E0);
#899=CARTESIAN_POINT('',(4.36E1,6.99434E0,7.094836259320E0));
#900=LINE('',#899,#898);
#901=DIRECTION('',(0.E0,0.E0,-1.E0));
#902=VECTOR('',#901,6.746020779702E0);
#903=CARTESIAN_POINT('',(4.36E1,2.03368E-1,6.746020779702E0));
#904=LINE('',#903,#902);
#905=DIRECTION('',(-1.E0,0.E0,0.E0));
#906=VECTOR('',#905,1.4E0);
#907=CARTESIAN_POINT('',(4.5E1,5.7796632E1,6.746020779702E0));
#908=LINE('',#907,#906);
#909=DIRECTION('',(-1.E0,0.E0,0.E0));
#910=VECTOR('',#909,1.4E0);
#911=CARTESIAN_POINT('',(4.5E1,5.100566E1,7.094836259320E0));
#912=LINE('',#911,#910);
#913=DIRECTION('',(-1.E0,0.E0,0.E0));
#914=VECTOR('',#913,1.4E0);
#915=CARTESIAN_POINT('',(4.5E1,5.100566E1,3.373814585559E1));
#916=LINE('',#915,#914);
#917=DIRECTION('',(-1.E0,0.E0,0.E0));
#918=VECTOR('',#917,1.18E0);
#919=CARTESIAN_POINT('',(4.5E1,5.4798021E1,3.393463337733E1));
#920=LINE('',#919,#918);
#921=DIRECTION('',(-1.E0,0.E0,0.E0));
#922=VECTOR('',#921,1.18E0);
#923=CARTESIAN_POINT('',(4.5E1,5.4798021E1,5.653E1));
#924=LINE('',#923,#922);
#925=DIRECTION('',(-1.E0,9.032322912205E-14,1.806464582441E-14));
#926=VECTOR('',#925,1.18E0);
#927=CARTESIAN_POINT('',(4.5E1,5.241E1,5.653E1));
#928=LINE('',#927,#926);
#929=DIRECTION('',(0.E0,0.E0,1.E0));
#930=VECTOR('',#929,2.002682621755E-1);
#931=CARTESIAN_POINT('',(4.36E1,5.241E1,3.361063841083E1));
#932=LINE('',#931,#930);
#933=DIRECTION('',(-1.E0,0.E0,0.E0));
#934=VECTOR('',#933,2.2E-1);
#935=CARTESIAN_POINT('',(4.382E1,5.241E1,3.381090667300E1));
#936=LINE('',#935,#934);
#937=DIRECTION('',(0.E0,2.658386568087E-14,1.E0));
#938=VECTOR('',#937,2.271909332700E1);
#939=CARTESIAN_POINT('',(4.382E1,5.241E1,3.381090667300E1));
#940=LINE('',#939,#938);
#941=DIRECTION('',(0.E0,7.048816549670E-13,1.E0));
#942=VECTOR('',#941,1.612850000004E-1);
#943=CARTESIAN_POINT('',(4.5E1,5.241E1,5.653E1));
#944=LINE('',#943,#942);
#945=DIRECTION('',(1.E0,0.E0,0.E0));
#946=VECTOR('',#945,1.E-2);
#947=CARTESIAN_POINT('',(1.39E0,5.241E1,3.381090667300E1));
#948=LINE('',#947,#946);
#949=DIRECTION('',(0.E0,0.E0,1.E0));
#950=VECTOR('',#949,2.002682621755E-1);
#951=CARTESIAN_POINT('',(1.4E0,5.241E1,3.361063841083E1));
#952=LINE('',#951,#950);
#953=DIRECTION('',(0.E0,1.643098340622E-14,1.E0));
#954=VECTOR('',#953,2.291936158917E1);
#955=CARTESIAN_POINT('',(9.22E0,5.241E1,3.361063841083E1));
#956=LINE('',#955,#954);
#957=DIRECTION('',(0.E0,1.643098340622E-14,1.E0));
#958=VECTOR('',#957,2.291936158917E1);
#959=CARTESIAN_POINT('',(1.786E1,5.241E1,3.361063841083E1));
#960=LINE('',#959,#958);
#961=DIRECTION('',(0.E0,1.643098340622E-14,1.E0));
#962=VECTOR('',#961,2.291936158917E1);
#963=CARTESIAN_POINT('',(2.652E1,5.241E1,3.361063841083E1));
#964=LINE('',#963,#962);
#965=DIRECTION('',(0.E0,1.643098340622E-14,1.E0));
#966=VECTOR('',#965,2.291936158917E1);
#967=CARTESIAN_POINT('',(3.516E1,5.241E1,3.361063841083E1));
#968=LINE('',#967,#966);
#969=DIRECTION('',(-1.E0,0.E0,0.E0));
#970=VECTOR('',#969,7.5E0);
#971=CARTESIAN_POINT('',(4.365E1,5.241E1,4.8711947E1));
#972=LINE('',#971,#970);
#973=DIRECTION('',(0.E0,1.E0,-2.056834235095E-14));
#974=VECTOR('',#973,3.8E0);
#975=CARTESIAN_POINT('',(4.365E1,4.861E1,4.8711947E1));
#976=LINE('',#975,#974);
#977=DIRECTION('',(0.E0,-1.741542472407E-14,-1.E0));
#978=VECTOR('',#977,5.711947000001E0);
#979=CARTESIAN_POINT('',(3.615E1,5.241E1,4.8711947E1));
#980=LINE('',#979,#978);
#981=DIRECTION('',(0.E0,1.E0,-2.056834235095E-14));
#982=VECTOR('',#981,3.8E0);
#983=CARTESIAN_POINT('',(3.615E1,4.861E1,4.8711947E1));
#984=LINE('',#983,#982);
#985=DIRECTION('',(1.E0,0.E0,7.389644451905E-14));
#986=VECTOR('',#985,7.5E0);
#987=CARTESIAN_POINT('',(3.615E1,5.241E1,4.3E1));
#988=LINE('',#987,#986);
#989=DIRECTION('',(0.E0,1.E0,-2.056834235095E-14));
#990=VECTOR('',#989,3.8E0);
#991=CARTESIAN_POINT('',(3.615E1,4.861E1,4.3E1));
#992=LINE('',#991,#990);
#993=DIRECTION('',(0.E0,1.865938363294E-14,1.E0));
#994=VECTOR('',#993,5.711947E0);
#995=CARTESIAN_POINT('',(4.365E1,5.241E1,4.3E1));
#996=LINE('',#995,#994);
#997=DIRECTION('',(0.E0,1.E0,-1.869849304632E-14));
#998=VECTOR('',#997,3.8E0);
#999=CARTESIAN_POINT('',(4.365E1,4.861E1,4.3E1));
#1000=LINE('',#999,#998);
#1001=DIRECTION('',(-1.E0,0.E0,0.E0));
#1002=VECTOR('',#1001,7.5E0);
#1003=CARTESIAN_POINT('',(4.365E1,4.861E1,4.8711947E1));
#1004=LINE('',#1003,#1002);
#1005=DIRECTION('',(0.E0,-1.865938363294E-14,-1.E0));
#1006=VECTOR('',#1005,5.711947000001E0);
#1007=CARTESIAN_POINT('',(3.615E1,4.861E1,4.8711947E1));
#1008=LINE('',#1007,#1006);
#1009=DIRECTION('',(1.E0,0.E0,7.389644451905E-14));
#1010=VECTOR('',#1009,7.5E0);
#1011=CARTESIAN_POINT('',(3.615E1,4.861E1,4.3E1));
#1012=LINE('',#1011,#1010);
#1013=DIRECTION('',(0.E0,1.990334254180E-14,1.E0));
#1014=VECTOR('',#1013,5.711947E0);
#1015=CARTESIAN_POINT('',(4.365E1,4.861E1,4.3E1));
#1016=LINE('',#1015,#1014);
#1017=DIRECTION('',(1.E0,0.E0,0.E0));
#1018=VECTOR('',#1017,7.403474E0);
#1019=CARTESIAN_POINT('',(3.61636475E1,4.861E1,4.482889E1));
#1020=LINE('',#1019,#1018);
#1021=DIRECTION('',(0.E0,1.E0,-1.604451338813E-14));
#1022=VECTOR('',#1021,3.1E0);
#1023=CARTESIAN_POINT('',(3.61636475E1,4.551E1,4.482889E1));
#1024=LINE('',#1023,#1022);
#1025=DIRECTION('',(0.E0,1.941154154391E-14,1.E0));
#1026=VECTOR('',#1025,2.928331E0);
#1027=CARTESIAN_POINT('',(4.35671215E1,4.861E1,4.482889E1));
#1028=LINE('',#1027,#1026);
#1029=DIRECTION('',(0.E0,1.E0,-1.604451338813E-14));
#1030=VECTOR('',#1029,3.1E0);
#1031=CARTESIAN_POINT('',(4.35671215E1,4.551E1,4.482889E1));
#1032=LINE('',#1031,#1030);
#1033=DIRECTION('',(-1.E0,0.E0,0.E0));
#1034=VECTOR('',#1033,7.403474E0);
#1035=CARTESIAN_POINT('',(4.35671215E1,4.861E1,4.7757221E1));
#1036=LINE('',#1035,#1034);
#1037=DIRECTION('',(0.E0,1.E0,-1.375244004697E-14));
#1038=VECTOR('',#1037,3.1E0);
#1039=CARTESIAN_POINT('',(4.35671215E1,4.551E1,4.7757221E1));
#1040=LINE('',#1039,#1038);
#1041=DIRECTION('',(0.E0,-1.698509885092E-14,-1.E0));
#1042=VECTOR('',#1041,2.928331E0);
#1043=CARTESIAN_POINT('',(3.61636475E1,4.861E1,4.7757221E1));
#1044=LINE('',#1043,#1042);
#1045=DIRECTION('',(0.E0,1.E0,-1.833658672929E-14));
#1046=VECTOR('',#1045,3.1E0);
#1047=CARTESIAN_POINT('',(3.61636475E1,4.551E1,4.7757221E1));
#1048=LINE('',#1047,#1046);
#1049=DIRECTION('',(1.E0,0.E0,0.E0));
#1050=VECTOR('',#1049,7.403474E0);
#1051=CARTESIAN_POINT('',(3.61636475E1,4.551E1,4.482889E1));
#1052=LINE('',#1051,#1050);
#1053=DIRECTION('',(0.E0,1.698509885092E-14,1.E0));
#1054=VECTOR('',#1053,2.928331E0);
#1055=CARTESIAN_POINT('',(4.35671215E1,4.551E1,4.482889E1));
#1056=LINE('',#1055,#1054);
#1057=DIRECTION('',(-1.E0,0.E0,0.E0));
#1058=VECTOR('',#1057,7.403474E0);
#1059=CARTESIAN_POINT('',(4.35671215E1,4.551E1,4.7757221E1));
#1060=LINE('',#1059,#1058);
#1061=DIRECTION('',(0.E0,-1.941154154391E-14,-1.E0));
#1062=VECTOR('',#1061,2.928331E0);
#1063=CARTESIAN_POINT('',(3.61636475E1,4.551E1,4.7757221E1));
#1064=LINE('',#1063,#1062);
#1065=DIRECTION('',(-1.E0,0.E0,0.E0));
#1066=VECTOR('',#1065,7.5E0);
#1067=CARTESIAN_POINT('',(2.6326E1,5.241E1,4.8711947E1));
#1068=LINE('',#1067,#1066);
#1069=DIRECTION('',(0.E0,1.E0,-2.056834235095E-14));
#1070=VECTOR('',#1069,3.8E0);
#1071=CARTESIAN_POINT('',(2.6326E1,4.861E1,4.8711947E1));
#1072=LINE('',#1071,#1070);
#1073=DIRECTION('',(0.E0,-1.806782738070E-14,-1.E0));
#1074=VECTOR('',#1073,5.505697E0);
#1075=CARTESIAN_POINT('',(1.8826E1,5.241E1,4.8711947E1));
#1076=LINE('',#1075,#1074);
#1077=DIRECTION('',(0.E0,1.E0,-2.056834235095E-14));
#1078=VECTOR('',#1077,3.8E0);
#1079=CARTESIAN_POINT('',(1.8826E1,4.861E1,4.8711947E1));
#1080=LINE('',#1079,#1078);
#1081=DIRECTION('',(1.E0,0.E0,0.E0));
#1082=VECTOR('',#1081,7.5E0);
#1083=CARTESIAN_POINT('',(1.8826E1,5.241E1,4.320625E1));
#1084=LINE('',#1083,#1082);
#1085=DIRECTION('',(0.E0,1.E0,-2.056834235095E-14));
#1086=VECTOR('',#1085,3.8E0);
#1087=CARTESIAN_POINT('',(1.8826E1,4.861E1,4.320625E1));
#1088=LINE('',#1087,#1086);
#1089=DIRECTION('',(0.E0,1.935838647932E-14,1.E0));
#1090=VECTOR('',#1089,5.505697E0);
#1091=CARTESIAN_POINT('',(2.6326E1,5.241E1,4.320625E1));
#1092=LINE('',#1091,#1090);
#1093=DIRECTION('',(0.E0,1.E0,-1.869849304632E-14));
#1094=VECTOR('',#1093,3.8E0);
#1095=CARTESIAN_POINT('',(2.6326E1,4.861E1,4.320625E1));
#1096=LINE('',#1095,#1094);
#1097=DIRECTION('',(-1.E0,0.E0,0.E0));
#1098=VECTOR('',#1097,7.5E0);
#1099=CARTESIAN_POINT('',(2.6326E1,4.861E1,4.8711947E1));
#1100=LINE('',#1099,#1098);
#1101=DIRECTION('',(0.E0,-1.935838647932E-14,-1.E0));
#1102=VECTOR('',#1101,5.505697E0);
#1103=CARTESIAN_POINT('',(1.8826E1,4.861E1,4.8711947E1));
#1104=LINE('',#1103,#1102);
#1105=DIRECTION('',(1.E0,0.E0,0.E0));
#1106=VECTOR('',#1105,7.5E0);
#1107=CARTESIAN_POINT('',(1.8826E1,4.861E1,4.320625E1));
#1108=LINE('',#1107,#1106);
#1109=DIRECTION('',(0.E0,2.064894557794E-14,1.E0));
#1110=VECTOR('',#1109,5.505697E0);
#1111=CARTESIAN_POINT('',(2.6326E1,4.861E1,4.320625E1));
#1112=LINE('',#1111,#1110);
#1113=DIRECTION('',(1.E0,0.E0,0.E0));
#1114=VECTOR('',#1113,7.403474E0);
#1115=CARTESIAN_POINT('',(1.88776475E1,4.861E1,4.482889E1));
#1116=LINE('',#1115,#1114);
#1117=DIRECTION('',(0.E0,1.E0,-1.833658672929E-14));
#1118=VECTOR('',#1117,3.1E0);
#1119=CARTESIAN_POINT('',(1.88776475E1,4.551E1,4.482889E1));
#1120=LINE('',#1119,#1118);
#1121=DIRECTION('',(0.E0,1.941154154391E-14,1.E0));
#1122=VECTOR('',#1121,2.928330999999E0);
#1123=CARTESIAN_POINT('',(2.62811215E1,4.861E1,4.482889E1));
#1124=LINE('',#1123,#1122);
#1125=DIRECTION('',(0.E0,1.E0,-1.833658672929E-14));
#1126=VECTOR('',#1125,3.1E0);
#1127=CARTESIAN_POINT('',(2.62811215E1,4.551E1,4.482889E1));
#1128=LINE('',#1127,#1126);
#1129=DIRECTION('',(-1.E0,0.E0,7.390015910575E-14));
#1130=VECTOR('',#1129,7.403474E0);
#1131=CARTESIAN_POINT('',(2.62811215E1,4.861E1,4.7757221E1));
#1132=LINE('',#1131,#1130);
#1133=DIRECTION('',(0.E0,1.E0,-1.833658672929E-14));
#1134=VECTOR('',#1133,3.1E0);
#1135=CARTESIAN_POINT('',(2.62811215E1,4.551E1,4.7757221E1));
#1136=LINE('',#1135,#1134);
#1137=DIRECTION('',(0.E0,-1.698509885092E-14,-1.E0));
#1138=VECTOR('',#1137,2.928331E0);
#1139=CARTESIAN_POINT('',(1.88776475E1,4.861E1,4.7757221E1));
#1140=LINE('',#1139,#1138);
#1141=DIRECTION('',(0.E0,1.E0,-1.833658672929E-14));
#1142=VECTOR('',#1141,3.1E0);
#1143=CARTESIAN_POINT('',(1.88776475E1,4.551E1,4.7757221E1));
#1144=LINE('',#1143,#1142);
#1145=DIRECTION('',(1.E0,0.E0,0.E0));
#1146=VECTOR('',#1145,7.403474E0);
#1147=CARTESIAN_POINT('',(1.88776475E1,4.551E1,4.482889E1));
#1148=LINE('',#1147,#1146);
#1149=DIRECTION('',(0.E0,1.698509885092E-14,1.E0));
#1150=VECTOR('',#1149,2.928330999999E0);
#1151=CARTESIAN_POINT('',(2.62811215E1,4.551E1,4.482889E1));
#1152=LINE('',#1151,#1150);
#1153=DIRECTION('',(-1.E0,0.E0,7.485990143180E-14));
#1154=VECTOR('',#1153,7.403474E0);
#1155=CARTESIAN_POINT('',(2.62811215E1,4.551E1,4.7757221E1));
#1156=LINE('',#1155,#1154);
#1157=DIRECTION('',(0.E0,-1.941154154391E-14,-1.E0));
#1158=VECTOR('',#1157,2.928331E0);
#1159=CARTESIAN_POINT('',(1.88776475E1,4.551E1,4.7757221E1));
#1160=LINE('',#1159,#1158);
#1161=DIRECTION('',(-1.E0,0.E0,0.E0));
#1162=VECTOR('',#1161,7.5E0);
#1163=CARTESIAN_POINT('',(1.7683E1,5.241E1,4.8711947E1));
#1164=LINE('',#1163,#1162);
#1165=DIRECTION('',(0.E0,1.E0,-2.056834235095E-14));
#1166=VECTOR('',#1165,3.8E0);
#1167=CARTESIAN_POINT('',(1.7683E1,4.861E1,4.8711947E1));
#1168=LINE('',#1167,#1166);
#1169=DIRECTION('',(0.E0,-1.806782738070E-14,-1.E0));
#1170=VECTOR('',#1169,5.505697E0);
#1171=CARTESIAN_POINT('',(1.0183E1,5.241E1,4.8711947E1));
#1172=LINE('',#1171,#1170);
#1173=DIRECTION('',(0.E0,1.E0,-2.056834235095E-14));
#1174=VECTOR('',#1173,3.8E0);
#1175=CARTESIAN_POINT('',(1.0183E1,4.861E1,4.8711947E1));
#1176=LINE('',#1175,#1174);
#1177=DIRECTION('',(1.E0,0.E0,0.E0));
#1178=VECTOR('',#1177,7.5E0);
#1179=CARTESIAN_POINT('',(1.0183E1,5.241E1,4.320625E1));
#1180=LINE('',#1179,#1178);
#1181=DIRECTION('',(0.E0,1.E0,-2.056834235095E-14));
#1182=VECTOR('',#1181,3.8E0);
#1183=CARTESIAN_POINT('',(1.0183E1,4.861E1,4.320625E1));
#1184=LINE('',#1183,#1182);
#1185=DIRECTION('',(0.E0,1.935838647932E-14,1.E0));
#1186=VECTOR('',#1185,5.505697E0);
#1187=CARTESIAN_POINT('',(1.7683E1,5.241E1,4.320625E1));
#1188=LINE('',#1187,#1186);
#1189=DIRECTION('',(0.E0,1.E0,-1.869849304632E-14));
#1190=VECTOR('',#1189,3.8E0);
#1191=CARTESIAN_POINT('',(1.7683E1,4.861E1,4.320625E1));
#1192=LINE('',#1191,#1190);
#1193=DIRECTION('',(-1.E0,0.E0,0.E0));
#1194=VECTOR('',#1193,7.5E0);
#1195=CARTESIAN_POINT('',(1.7683E1,4.861E1,4.8711947E1));
#1196=LINE('',#1195,#1194);
#1197=DIRECTION('',(0.E0,-1.935838647932E-14,-1.E0));
#1198=VECTOR('',#1197,5.505697E0);
#1199=CARTESIAN_POINT('',(1.0183E1,4.861E1,4.8711947E1));
#1200=LINE('',#1199,#1198);
#1201=DIRECTION('',(1.E0,0.E0,0.E0));
#1202=VECTOR('',#1201,7.5E0);
#1203=CARTESIAN_POINT('',(1.0183E1,4.861E1,4.320625E1));
#1204=LINE('',#1203,#1202);
#1205=DIRECTION('',(0.E0,2.064894557794E-14,1.E0));
#1206=VECTOR('',#1205,5.505697E0);
#1207=CARTESIAN_POINT('',(1.7683E1,4.861E1,4.320625E1));
#1208=LINE('',#1207,#1206);
#1209=DIRECTION('',(0.E0,-1.698509885092E-14,-1.E0));
#1210=VECTOR('',#1209,2.928331E0);
#1211=CARTESIAN_POINT('',(1.02346475E1,4.861E1,4.7757221E1));
#1212=LINE('',#1211,#1210);
#1213=DIRECTION('',(0.E0,1.E0,-1.833658672929E-14));
#1214=VECTOR('',#1213,3.1E0);
#1215=CARTESIAN_POINT('',(1.02346475E1,4.551E1,4.7757221E1));
#1216=LINE('',#1215,#1214);
#1217=DIRECTION('',(1.E0,0.E0,0.E0));
#1218=VECTOR('',#1217,7.403474E0);
#1219=CARTESIAN_POINT('',(1.02346475E1,4.861E1,4.482889E1));
#1220=LINE('',#1219,#1218);
#1221=DIRECTION('',(0.E0,1.E0,-1.833658672929E-14));
#1222=VECTOR('',#1221,3.1E0);
#1223=CARTESIAN_POINT('',(1.02346475E1,4.551E1,4.482889E1));
#1224=LINE('',#1223,#1222);
#1225=DIRECTION('',(0.E0,1.941154154391E-14,1.E0));
#1226=VECTOR('',#1225,2.928331E0);
#1227=CARTESIAN_POINT('',(1.76381215E1,4.861E1,4.482889E1));
#1228=LINE('',#1227,#1226);
#1229=DIRECTION('',(0.E0,1.E0,-1.833658672929E-14));
#1230=VECTOR('',#1229,3.1E0);
#1231=CARTESIAN_POINT('',(1.76381215E1,4.551E1,4.482889E1));
#1232=LINE('',#1231,#1230);
#1233=DIRECTION('',(-1.E0,0.E0,0.E0));
#1234=VECTOR('',#1233,7.403474E0);
#1235=CARTESIAN_POINT('',(1.76381215E1,4.861E1,4.7757221E1));
#1236=LINE('',#1235,#1234);
#1237=DIRECTION('',(0.E0,1.E0,-1.375244004697E-14));
#1238=VECTOR('',#1237,3.1E0);
#1239=CARTESIAN_POINT('',(1.76381215E1,4.551E1,4.7757221E1));
#1240=LINE('',#1239,#1238);
#1241=DIRECTION('',(0.E0,-1.941154154391E-14,-1.E0));
#1242=VECTOR('',#1241,2.928331E0);
#1243=CARTESIAN_POINT('',(1.02346475E1,4.551E1,4.7757221E1));
#1244=LINE('',#1243,#1242);
#1245=DIRECTION('',(1.E0,0.E0,0.E0));
#1246=VECTOR('',#1245,7.403474E0);
#1247=CARTESIAN_POINT('',(1.02346475E1,4.551E1,4.482889E1));
#1248=LINE('',#1247,#1246);
#1249=DIRECTION('',(0.E0,1.698509885092E-14,1.E0));
#1250=VECTOR('',#1249,2.928331E0);
#1251=CARTESIAN_POINT('',(1.76381215E1,4.551E1,4.482889E1));
#1252=LINE('',#1251,#1250);
#1253=DIRECTION('',(-1.E0,0.E0,0.E0));
#1254=VECTOR('',#1253,7.403474E0);
#1255=CARTESIAN_POINT('',(1.76381215E1,4.551E1,4.7757221E1));
#1256=LINE('',#1255,#1254);
#1257=DIRECTION('',(0.E0,-1.806782738070E-14,-1.E0));
#1258=VECTOR('',#1257,5.505697E0);
#1259=CARTESIAN_POINT('',(1.54E0,5.241E1,4.8711947E1));
#1260=LINE('',#1259,#1258);
#1261=DIRECTION('',(0.E0,1.E0,-2.056834235095E-14));
#1262=VECTOR('',#1261,3.8E0);
#1263=CARTESIAN_POINT('',(1.54E0,4.861E1,4.8711947E1));
#1264=LINE('',#1263,#1262);
#1265=DIRECTION('',(1.E0,0.E0,0.E0));
#1266=VECTOR('',#1265,7.5E0);
#1267=CARTESIAN_POINT('',(1.54E0,5.241E1,4.320625E1));
#1268=LINE('',#1267,#1266);
#1269=DIRECTION('',(0.E0,1.E0,-2.056834235095E-14));
#1270=VECTOR('',#1269,3.8E0);
#1271=CARTESIAN_POINT('',(1.54E0,4.861E1,4.320625E1));
#1272=LINE('',#1271,#1270);
#1273=DIRECTION('',(0.E0,1.935838647932E-14,1.E0));
#1274=VECTOR('',#1273,5.505697E0);
#1275=CARTESIAN_POINT('',(9.04E0,5.241E1,4.320625E1));
#1276=LINE('',#1275,#1274);
#1277=DIRECTION('',(0.E0,1.E0,-1.869849304632E-14));
#1278=VECTOR('',#1277,3.8E0);
#1279=CARTESIAN_POINT('',(9.04E0,4.861E1,4.320625E1));
#1280=LINE('',#1279,#1278);
#1281=DIRECTION('',(-1.E0,0.E0,0.E0));
#1282=VECTOR('',#1281,7.5E0);
#1283=CARTESIAN_POINT('',(9.04E0,5.241E1,4.8711947E1));
#1284=LINE('',#1283,#1282);
#1285=DIRECTION('',(0.E0,1.E0,-2.056834235095E-14));
#1286=VECTOR('',#1285,3.8E0);
#1287=CARTESIAN_POINT('',(9.04E0,4.861E1,4.8711947E1));
#1288=LINE('',#1287,#1286);
#1289=DIRECTION('',(0.E0,-1.935838647932E-14,-1.E0));
#1290=VECTOR('',#1289,5.505697E0);
#1291=CARTESIAN_POINT('',(1.54E0,4.861E1,4.8711947E1));
#1292=LINE('',#1291,#1290);
#1293=DIRECTION('',(1.E0,0.E0,0.E0));
#1294=VECTOR('',#1293,7.5E0);
#1295=CARTESIAN_POINT('',(1.54E0,4.861E1,4.320625E1));
#1296=LINE('',#1295,#1294);
#1297=DIRECTION('',(0.E0,2.064894557794E-14,1.E0));
#1298=VECTOR('',#1297,5.505697E0);
#1299=CARTESIAN_POINT('',(9.04E0,4.861E1,4.320625E1));
#1300=LINE('',#1299,#1298);
#1301=DIRECTION('',(-1.E0,0.E0,0.E0));
#1302=VECTOR('',#1301,7.5E0);
#1303=CARTESIAN_POINT('',(9.04E0,4.861E1,4.8711947E1));
#1304=LINE('',#1303,#1302);
#1305=DIRECTION('',(1.E0,0.E0,-7.485990143180E-14));
#1306=VECTOR('',#1305,7.403474E0);
#1307=CARTESIAN_POINT('',(1.5916475E0,4.861E1,4.482889E1));
#1308=LINE('',#1307,#1306);
#1309=DIRECTION('',(0.E0,1.E0,-1.833658672929E-14));
#1310=VECTOR('',#1309,3.1E0);
#1311=CARTESIAN_POINT('',(1.5916475E0,4.551E1,4.482889E1));
#1312=LINE('',#1311,#1310);
#1313=DIRECTION('',(0.E0,1.941154154391E-14,1.E0));
#1314=VECTOR('',#1313,2.928331E0);
#1315=CARTESIAN_POINT('',(8.9951215E0,4.861E1,4.482889E1));
#1316=LINE('',#1315,#1314);
#1317=DIRECTION('',(0.E0,1.E0,-1.375244004697E-14));
#1318=VECTOR('',#1317,3.1E0);
#1319=CARTESIAN_POINT('',(8.9951215E0,4.551E1,4.482889E1));
#1320=LINE('',#1319,#1318);
#1321=DIRECTION('',(-1.E0,0.E0,0.E0));
#1322=VECTOR('',#1321,7.403474E0);
#1323=CARTESIAN_POINT('',(8.9951215E0,4.861E1,4.7757221E1));
#1324=LINE('',#1323,#1322);
#1325=DIRECTION('',(0.E0,1.E0,-1.375244004697E-14));
#1326=VECTOR('',#1325,3.1E0);
#1327=CARTESIAN_POINT('',(8.9951215E0,4.551E1,4.7757221E1));
#1328=LINE('',#1327,#1326);
#1329=DIRECTION('',(0.E0,-1.698509885092E-14,-1.E0));
#1330=VECTOR('',#1329,2.928330999999E0);
#1331=CARTESIAN_POINT('',(1.5916475E0,4.861E1,4.7757221E1));
#1332=LINE('',#1331,#1330);
#1333=DIRECTION('',(0.E0,1.E0,-1.833658672929E-14));
#1334=VECTOR('',#1333,3.1E0);
#1335=CARTESIAN_POINT('',(1.5916475E0,4.551E1,4.7757221E1));
#1336=LINE('',#1335,#1334);
#1337=DIRECTION('',(1.E0,0.E0,-7.390015910575E-14));
#1338=VECTOR('',#1337,7.403474E0);
#1339=CARTESIAN_POINT('',(1.5916475E0,4.551E1,4.482889E1));
#1340=LINE('',#1339,#1338);
#1341=DIRECTION('',(0.E0,1.698509885092E-14,1.E0));
#1342=VECTOR('',#1341,2.928331E0);
#1343=CARTESIAN_POINT('',(8.9951215E0,4.551E1,4.482889E1));
#1344=LINE('',#1343,#1342);
#1345=DIRECTION('',(-1.E0,0.E0,0.E0));
#1346=VECTOR('',#1345,7.403474E0);
#1347=CARTESIAN_POINT('',(8.9951215E0,4.551E1,4.7757221E1));
#1348=LINE('',#1347,#1346);
#1349=DIRECTION('',(0.E0,-1.941154154391E-14,-1.E0));
#1350=VECTOR('',#1349,2.928330999999E0);
#1351=CARTESIAN_POINT('',(1.5916475E0,4.551E1,4.7757221E1));
#1352=LINE('',#1351,#1350);
#1353=DIRECTION('',(0.E0,-1.806782738070E-14,-1.E0));
#1354=VECTOR('',#1353,5.505697E0);
#1355=CARTESIAN_POINT('',(2.7469E1,5.241E1,4.8711947E1));
#1356=LINE('',#1355,#1354);
#1357=DIRECTION('',(0.E0,1.E0,-2.056834235095E-14));
#1358=VECTOR('',#1357,3.8E0);
#1359=CARTESIAN_POINT('',(2.7469E1,4.861E1,4.8711947E1));
#1360=LINE('',#1359,#1358);
#1361=DIRECTION('',(1.E0,0.E0,0.E0));
#1362=VECTOR('',#1361,7.5E0);
#1363=CARTESIAN_POINT('',(2.7469E1,5.241E1,4.320625E1));
#1364=LINE('',#1363,#1362);
#1365=DIRECTION('',(0.E0,1.E0,-2.056834235095E-14));
#1366=VECTOR('',#1365,3.8E0);
#1367=CARTESIAN_POINT('',(2.7469E1,4.861E1,4.320625E1));
#1368=LINE('',#1367,#1366);
#1369=DIRECTION('',(0.E0,1.935838647932E-14,1.E0));
#1370=VECTOR('',#1369,5.505697E0);
#1371=CARTESIAN_POINT('',(3.4969E1,5.241E1,4.320625E1));
#1372=LINE('',#1371,#1370);
#1373=DIRECTION('',(0.E0,1.E0,-1.869849304632E-14));
#1374=VECTOR('',#1373,3.8E0);
#1375=CARTESIAN_POINT('',(3.4969E1,4.861E1,4.320625E1));
#1376=LINE('',#1375,#1374);
#1377=DIRECTION('',(-1.E0,0.E0,0.E0));
#1378=VECTOR('',#1377,7.5E0);
#1379=CARTESIAN_POINT('',(3.4969E1,5.241E1,4.8711947E1));
#1380=LINE('',#1379,#1378);
#1381=DIRECTION('',(0.E0,1.E0,-2.056834235095E-14));
#1382=VECTOR('',#1381,3.8E0);
#1383=CARTESIAN_POINT('',(3.4969E1,4.861E1,4.8711947E1));
#1384=LINE('',#1383,#1382);
#1385=DIRECTION('',(0.E0,-1.935838647932E-14,-1.E0));
#1386=VECTOR('',#1385,5.505697E0);
#1387=CARTESIAN_POINT('',(2.7469E1,4.861E1,4.8711947E1));
#1388=LINE('',#1387,#1386);
#1389=DIRECTION('',(1.E0,0.E0,0.E0));
#1390=VECTOR('',#1389,7.5E0);
#1391=CARTESIAN_POINT('',(2.7469E1,4.861E1,4.320625E1));
#1392=LINE('',#1391,#1390);
#1393=DIRECTION('',(0.E0,2.064894557794E-14,1.E0));
#1394=VECTOR('',#1393,5.505697E0);
#1395=CARTESIAN_POINT('',(3.4969E1,4.861E1,4.320625E1));
#1396=LINE('',#1395,#1394);
#1397=DIRECTION('',(-1.E0,0.E0,0.E0));
#1398=VECTOR('',#1397,7.5E0);
#1399=CARTESIAN_POINT('',(3.4969E1,4.861E1,4.8711947E1));
#1400=LINE('',#1399,#1398);
#1401=DIRECTION('',(1.E0,0.E0,-7.485990143180E-14));
#1402=VECTOR('',#1401,7.403474E0);
#1403=CARTESIAN_POINT('',(2.75206475E1,4.861E1,4.482889E1));
#1404=LINE('',#1403,#1402);
#1405=DIRECTION('',(0.E0,1.E0,-1.833658672929E-14));
#1406=VECTOR('',#1405,3.1E0);
#1407=CARTESIAN_POINT('',(2.75206475E1,4.551E1,4.482889E1));
#1408=LINE('',#1407,#1406);
#1409=DIRECTION('',(0.E0,1.941154154391E-14,1.E0));
#1410=VECTOR('',#1409,2.928331E0);
#1411=CARTESIAN_POINT('',(3.49241215E1,4.861E1,4.482889E1));
#1412=LINE('',#1411,#1410);
#1413=DIRECTION('',(0.E0,1.E0,-1.375244004697E-14));
#1414=VECTOR('',#1413,3.1E0);
#1415=CARTESIAN_POINT('',(3.49241215E1,4.551E1,4.482889E1));
#1416=LINE('',#1415,#1414);
#1417=DIRECTION('',(-1.E0,0.E0,0.E0));
#1418=VECTOR('',#1417,7.403474E0);
#1419=CARTESIAN_POINT('',(3.49241215E1,4.861E1,4.7757221E1));
#1420=LINE('',#1419,#1418);
#1421=DIRECTION('',(0.E0,1.E0,-1.375244004697E-14));
#1422=VECTOR('',#1421,3.1E0);
#1423=CARTESIAN_POINT('',(3.49241215E1,4.551E1,4.7757221E1));
#1424=LINE('',#1423,#1422);
#1425=DIRECTION('',(0.E0,-1.698509885092E-14,-1.E0));
#1426=VECTOR('',#1425,2.928330999999E0);
#1427=CARTESIAN_POINT('',(2.75206475E1,4.861E1,4.7757221E1));
#1428=LINE('',#1427,#1426);
#1429=DIRECTION('',(0.E0,1.E0,-1.833658672929E-14));
#1430=VECTOR('',#1429,3.1E0);
#1431=CARTESIAN_POINT('',(2.75206475E1,4.551E1,4.7757221E1));
#1432=LINE('',#1431,#1430);
#1433=DIRECTION('',(1.E0,0.E0,-7.390015910575E-14));
#1434=VECTOR('',#1433,7.403474E0);
#1435=CARTESIAN_POINT('',(2.75206475E1,4.551E1,4.482889E1));
#1436=LINE('',#1435,#1434);
#1437=DIRECTION('',(0.E0,1.698509885092E-14,1.E0));
#1438=VECTOR('',#1437,2.928331E0);
#1439=CARTESIAN_POINT('',(3.49241215E1,4.551E1,4.482889E1));
#1440=LINE('',#1439,#1438);
#1441=DIRECTION('',(-1.E0,0.E0,0.E0));
#1442=VECTOR('',#1441,7.403474E0);
#1443=CARTESIAN_POINT('',(3.49241215E1,4.551E1,4.7757221E1));
#1444=LINE('',#1443,#1442);
#1445=DIRECTION('',(0.E0,-1.941154154391E-14,-1.E0));
#1446=VECTOR('',#1445,2.928330999999E0);
#1447=CARTESIAN_POINT('',(2.75206475E1,4.551E1,4.7757221E1));
#1448=LINE('',#1447,#1446);
#1449=DIRECTION('',(0.E0,9.986604858275E-1,5.174199500267E-2));
#1450=VECTOR('',#1449,2.391224078543E0);
#1451=CARTESIAN_POINT('',(4.382E1,5.241E1,3.381090667300E1));
#1452=LINE('',#1451,#1450);
#1453=DIRECTION('',(0.E0,0.E0,-1.E0));
#1454=VECTOR('',#1453,2.259536662267E1);
#1455=CARTESIAN_POINT('',(4.382E1,5.4798021E1,5.653E1));
#1456=LINE('',#1455,#1454);
#1457=DIRECTION('',(0.E0,-1.E0,0.E0));
#1458=VECTOR('',#1457,2.388021E0);
#1459=CARTESIAN_POINT('',(4.382E1,5.4798021E1,5.653E1));
#1460=LINE('',#1459,#1458);
#1461=DIRECTION('',(1.E0,0.E0,0.E0));
#1462=VECTOR('',#1461,4.5E1);
#1463=CARTESIAN_POINT('',(0.E0,5.241E1,5.6691285E1));
#1464=LINE('',#1463,#1462);
#1465=DIRECTION('',(-1.E0,0.E0,0.E0));
#1466=VECTOR('',#1465,4.5E1);
#1467=CARTESIAN_POINT('',(4.5E1,5.590000000001E0,5.6691285E1));
#1468=LINE('',#1467,#1466);
#1469=DIRECTION('',(0.E0,1.E0,0.E0));
#1470=VECTOR('',#1469,4.682E1);
#1471=CARTESIAN_POINT('',(0.E0,5.590000000001E0,5.6691285E1));
#1472=LINE('',#1471,#1470);
#1473=CARTESIAN_POINT('',(5.29E0,4.563E1,5.6691285E1));
#1474=DIRECTION('',(0.E0,2.702955214810E-14,1.E0));
#1475=DIRECTION('',(0.E0,-1.E0,2.605323364454E-14));
#1476=AXIS2_PLACEMENT_3D('',#1473,#1474,#1475);
#1478=CARTESIAN_POINT('',(5.29E0,4.563E1,5.6691285E1));
#1479=DIRECTION('',(0.E0,2.702955214810E-14,1.E0));
#1480=DIRECTION('',(1.E0,0.E0,0.E0));
#1481=AXIS2_PLACEMENT_3D('',#1478,#1479,#1480);
#1483=CARTESIAN_POINT('',(5.29E0,4.563E1,5.6691285E1));
#1484=DIRECTION('',(0.E0,2.702955214810E-14,1.E0));
#1485=DIRECTION('',(0.E0,1.E0,-2.605323364454E-14));
#1486=AXIS2_PLACEMENT_3D('',#1483,#1484,#1485);
#1488=CARTESIAN_POINT('',(5.29E0,4.563E1,5.6691285E1));
#1489=DIRECTION('',(0.E0,2.702955214810E-14,1.E0));
#1490=DIRECTION('',(-1.E0,0.E0,0.E0));
#1491=AXIS2_PLACEMENT_3D('',#1488,#1489,#1490);
#1493=CARTESIAN_POINT('',(1.393E1,4.563E1,5.6691285E1));
#1494=DIRECTION('',(0.E0,2.702955214810E-14,1.E0));
#1495=DIRECTION('',(0.E0,-1.E0,2.605323364454E-14));
#1496=AXIS2_PLACEMENT_3D('',#1493,#1494,#1495);
#1498=CARTESIAN_POINT('',(1.393E1,4.563E1,5.6691285E1));
#1499=DIRECTION('',(0.E0,2.702955214810E-14,1.E0));
#1500=DIRECTION('',(1.E0,0.E0,0.E0));
#1501=AXIS2_PLACEMENT_3D('',#1498,#1499,#1500);
#1503=CARTESIAN_POINT('',(1.393E1,4.563E1,5.6691285E1));
#1504=DIRECTION('',(0.E0,2.702955214810E-14,1.E0));
#1505=DIRECTION('',(0.E0,1.E0,-2.605323364454E-14));
#1506=AXIS2_PLACEMENT_3D('',#1503,#1504,#1505);
#1508=CARTESIAN_POINT('',(1.393E1,4.563E1,5.6691285E1));
#1509=DIRECTION('',(0.E0,2.702955214810E-14,1.E0));
#1510=DIRECTION('',(-1.E0,0.E0,0.E0));
#1511=AXIS2_PLACEMENT_3D('',#1508,#1509,#1510);
#1513=CARTESIAN_POINT('',(2.258E1,4.563E1,5.6691285E1));
#1514=DIRECTION('',(0.E0,2.702955214810E-14,1.E0));
#1515=DIRECTION('',(0.E0,-1.E0,2.605323364454E-14));
#1516=AXIS2_PLACEMENT_3D('',#1513,#1514,#1515);
#1518=CARTESIAN_POINT('',(2.258E1,4.563E1,5.6691285E1));
#1519=DIRECTION('',(0.E0,2.702955214810E-14,1.E0));
#1520=DIRECTION('',(1.E0,0.E0,0.E0));
#1521=AXIS2_PLACEMENT_3D('',#1518,#1519,#1520);
#1523=CARTESIAN_POINT('',(2.258E1,4.563E1,5.6691285E1));
#1524=DIRECTION('',(0.E0,2.702955214810E-14,1.E0));
#1525=DIRECTION('',(0.E0,1.E0,-2.605323364454E-14));
#1526=AXIS2_PLACEMENT_3D('',#1523,#1524,#1525);
#1528=CARTESIAN_POINT('',(2.258E1,4.563E1,5.6691285E1));
#1529=DIRECTION('',(0.E0,2.702955214810E-14,1.E0));
#1530=DIRECTION('',(-1.E0,0.E0,0.E0));
#1531=AXIS2_PLACEMENT_3D('',#1528,#1529,#1530);
#1533=CARTESIAN_POINT('',(3.122E1,4.563E1,5.6691285E1));
#1534=DIRECTION('',(0.E0,2.702955214810E-14,1.E0));
#1535=DIRECTION('',(0.E0,-1.E0,2.605323364454E-14));
#1536=AXIS2_PLACEMENT_3D('',#1533,#1534,#1535);
#1538=CARTESIAN_POINT('',(3.122E1,4.563E1,5.6691285E1));
#1539=DIRECTION('',(0.E0,2.702955214810E-14,1.E0));
#1540=DIRECTION('',(1.E0,0.E0,0.E0));
#1541=AXIS2_PLACEMENT_3D('',#1538,#1539,#1540);
#1543=CARTESIAN_POINT('',(3.122E1,4.563E1,5.6691285E1));
#1544=DIRECTION('',(0.E0,2.702955214810E-14,1.E0));
#1545=DIRECTION('',(0.E0,1.E0,-2.605323364454E-14));
#1546=AXIS2_PLACEMENT_3D('',#1543,#1544,#1545);
#1548=CARTESIAN_POINT('',(3.122E1,4.563E1,5.6691285E1));
#1549=DIRECTION('',(0.E0,2.702955214810E-14,1.E0));
#1550=DIRECTION('',(-1.E0,0.E0,0.E0));
#1551=AXIS2_PLACEMENT_3D('',#1548,#1549,#1550);
#1553=CARTESIAN_POINT('',(3.99E1,4.643E1,5.6691285E1));
#1554=DIRECTION('',(0.E0,2.702955214810E-14,1.E0));
#1555=DIRECTION('',(0.E0,1.E0,-2.605323364454E-14));
#1556=AXIS2_PLACEMENT_3D('',#1553,#1554,#1555);
#1558=CARTESIAN_POINT('',(3.99E1,4.643E1,5.6691285E1));
#1559=DIRECTION('',(0.E0,2.702955214810E-14,1.E0));
#1560=DIRECTION('',(-1.E0,0.E0,0.E0));
#1561=AXIS2_PLACEMENT_3D('',#1558,#1559,#1560);
#1563=CARTESIAN_POINT('',(3.99E1,4.643E1,5.6691285E1));
#1564=DIRECTION('',(0.E0,2.702955214810E-14,1.E0));
#1565=DIRECTION('',(0.E0,-1.E0,2.605323364454E-14));
#1566=AXIS2_PLACEMENT_3D('',#1563,#1564,#1565);
#1568=CARTESIAN_POINT('',(3.99E1,4.643E1,5.6691285E1));
#1569=DIRECTION('',(0.E0,2.702955214810E-14,1.E0));
#1570=DIRECTION('',(1.E0,0.E0,0.E0));
#1571=AXIS2_PLACEMENT_3D('',#1568,#1569,#1570);
#1573=CARTESIAN_POINT('',(5.29E0,1.236E1,5.6691285E1));
#1574=DIRECTION('',(0.E0,2.702955214810E-14,1.E0));
#1575=DIRECTION('',(0.E0,-1.E0,2.605323364454E-14));
#1576=AXIS2_PLACEMENT_3D('',#1573,#1574,#1575);
#1578=CARTESIAN_POINT('',(5.29E0,1.236E1,5.6691285E1));
#1579=DIRECTION('',(0.E0,2.702955214810E-14,1.E0));
#1580=DIRECTION('',(1.E0,0.E0,0.E0));
#1581=AXIS2_PLACEMENT_3D('',#1578,#1579,#1580);
#1583=CARTESIAN_POINT('',(5.29E0,1.236E1,5.6691285E1));
#1584=DIRECTION('',(0.E0,2.702955214810E-14,1.E0));
#1585=DIRECTION('',(0.E0,1.E0,-2.605323364454E-14));
#1586=AXIS2_PLACEMENT_3D('',#1583,#1584,#1585);
#1588=CARTESIAN_POINT('',(5.29E0,1.236E1,5.6691285E1));
#1589=DIRECTION('',(0.E0,2.702955214810E-14,1.E0));
#1590=DIRECTION('',(-1.E0,0.E0,0.E0));
#1591=AXIS2_PLACEMENT_3D('',#1588,#1589,#1590);
#1593=CARTESIAN_POINT('',(1.393E1,1.236E1,5.6691285E1));
#1594=DIRECTION('',(0.E0,2.702955214810E-14,1.E0));
#1595=DIRECTION('',(0.E0,1.E0,-2.605323364454E-14));
#1596=AXIS2_PLACEMENT_3D('',#1593,#1594,#1595);
#1598=CARTESIAN_POINT('',(1.393E1,1.236E1,5.6691285E1));
#1599=DIRECTION('',(0.E0,2.702955214810E-14,1.E0));
#1600=DIRECTION('',(-1.E0,0.E0,0.E0));
#1601=AXIS2_PLACEMENT_3D('',#1598,#1599,#1600);
#1603=CARTESIAN_POINT('',(1.393E1,1.236E1,5.6691285E1));
#1604=DIRECTION('',(0.E0,2.702955214810E-14,1.E0));
#1605=DIRECTION('',(0.E0,-1.E0,2.605323364454E-14));
#1606=AXIS2_PLACEMENT_3D('',#1603,#1604,#1605);
#1608=CARTESIAN_POINT('',(1.393E1,1.236E1,5.6691285E1));
#1609=DIRECTION('',(0.E0,2.702955214810E-14,1.E0));
#1610=DIRECTION('',(1.E0,0.E0,0.E0));
#1611=AXIS2_PLACEMENT_3D('',#1608,#1609,#1610);
#1613=CARTESIAN_POINT('',(2.258E1,1.236E1,5.6691285E1));
#1614=DIRECTION('',(0.E0,2.702955214810E-14,1.E0));
#1615=DIRECTION('',(0.E0,1.E0,-2.605323364454E-14));
#1616=AXIS2_PLACEMENT_3D('',#1613,#1614,#1615);
#1618=CARTESIAN_POINT('',(2.258E1,1.236E1,5.6691285E1));
#1619=DIRECTION('',(0.E0,2.702955214810E-14,1.E0));
#1620=DIRECTION('',(-1.E0,0.E0,0.E0));
#1621=AXIS2_PLACEMENT_3D('',#1618,#1619,#1620);
#1623=CARTESIAN_POINT('',(2.258E1,1.236E1,5.6691285E1));
#1624=DIRECTION('',(0.E0,2.702955214810E-14,1.E0));
#1625=DIRECTION('',(0.E0,-1.E0,2.605323364454E-14));
#1626=AXIS2_PLACEMENT_3D('',#1623,#1624,#1625);
#1628=CARTESIAN_POINT('',(2.258E1,1.236E1,5.6691285E1));
#1629=DIRECTION('',(0.E0,2.702955214810E-14,1.E0));
#1630=DIRECTION('',(1.E0,0.E0,0.E0));
#1631=AXIS2_PLACEMENT_3D('',#1628,#1629,#1630);
#1633=CARTESIAN_POINT('',(3.122E1,1.236E1,5.6691285E1));
#1634=DIRECTION('',(0.E0,2.702955214810E-14,1.E0));
#1635=DIRECTION('',(0.E0,-1.E0,2.605323364454E-14));
#1636=AXIS2_PLACEMENT_3D('',#1633,#1634,#1635);
#1638=CARTESIAN_POINT('',(3.122E1,1.236E1,5.6691285E1));
#1639=DIRECTION('',(0.E0,2.702955214810E-14,1.E0));
#1640=DIRECTION('',(1.E0,0.E0,0.E0));
#1641=AXIS2_PLACEMENT_3D('',#1638,#1639,#1640);
#1643=CARTESIAN_POINT('',(3.122E1,1.236E1,5.6691285E1));
#1644=DIRECTION('',(0.E0,2.702955214810E-14,1.E0));
#1645=DIRECTION('',(0.E0,1.E0,-2.605323364454E-14));
#1646=AXIS2_PLACEMENT_3D('',#1643,#1644,#1645);
#1648=CARTESIAN_POINT('',(3.122E1,1.236E1,5.6691285E1));
#1649=DIRECTION('',(0.E0,2.702955214810E-14,1.E0));
#1650=DIRECTION('',(-1.E0,0.E0,0.E0));
#1651=AXIS2_PLACEMENT_3D('',#1648,#1649,#1650);
#1653=CARTESIAN_POINT('',(3.99E1,1.157E1,5.6691285E1));
#1654=DIRECTION('',(0.E0,2.702955214810E-14,1.E0));
#1655=DIRECTION('',(0.E0,1.E0,-2.605323364454E-14));
#1656=AXIS2_PLACEMENT_3D('',#1653,#1654,#1655);
#1658=CARTESIAN_POINT('',(3.99E1,1.157E1,5.6691285E1));
#1659=DIRECTION('',(0.E0,2.702955214810E-14,1.E0));
#1660=DIRECTION('',(-1.E0,0.E0,0.E0));
#1661=AXIS2_PLACEMENT_3D('',#1658,#1659,#1660);
#1663=CARTESIAN_POINT('',(3.99E1,1.157E1,5.6691285E1));
#1664=DIRECTION('',(0.E0,2.702955214810E-14,1.E0));
#1665=DIRECTION('',(0.E0,-1.E0,2.605323364454E-14));
#1666=AXIS2_PLACEMENT_3D('',#1663,#1664,#1665);
#1668=CARTESIAN_POINT('',(3.99E1,1.157E1,5.6691285E1));
#1669=DIRECTION('',(0.E0,2.702955214810E-14,1.E0));
#1670=DIRECTION('',(1.E0,0.E0,0.E0));
#1671=AXIS2_PLACEMENT_3D('',#1668,#1669,#1670);
#1673=DIRECTION('',(1.E0,0.E0,0.E0));
#1674=VECTOR('',#1673,1.009E1);
#1675=CARTESIAN_POINT('',(2.475E1,2.596124444444E1,5.6691285E1));
#1676=LINE('',#1675,#1674);
#1677=DIRECTION('',(-1.E0,0.E0,0.E0));
#1678=VECTOR('',#1677,1.009E1);
#1679=CARTESIAN_POINT('',(3.484E1,3.20408E1,5.6691285E1));
#1680=LINE('',#1679,#1678);
#1681=DIRECTION('',(0.E0,2.658725872497E-14,1.E0));
#1682=VECTOR('',#1681,2.004370053087E-1);
#1683=CARTESIAN_POINT('',(4.36E1,5.590000000001E0,3.361046966769E1));
#1684=LINE('',#1683,#1682);
#1685=DIRECTION('',(0.E0,2.239867567718E-14,1.E0));
#1686=VECTOR('',#1685,2.291953033230E1);
#1687=CARTESIAN_POINT('',(3.578E1,5.590000000001E0,3.361046966770E1));
#1688=LINE('',#1687,#1686);
#1689=DIRECTION('',(-1.E0,2.192882731582E-14,0.E0));
#1690=VECTOR('',#1689,8.100555555556E-1);
#1691=CARTESIAN_POINT('',(3.578E1,5.590000000001E0,5.653E1));
#1692=LINE('',#1691,#1690);
#1693=DIRECTION('',(-1.E0,0.E0,0.E0));
#1694=VECTOR('',#1693,7.500777777779E0);
#1695=CARTESIAN_POINT('',(3.496977777778E1,5.590000000001E0,4.8711947E1));
#1696=LINE('',#1695,#1694);
#1697=DIRECTION('',(0.E0,-1.806782738070E-14,-1.E0));
#1698=VECTOR('',#1697,5.505697E0);
#1699=CARTESIAN_POINT('',(2.7469E1,5.590000000001E0,4.8711947E1));
#1700=LINE('',#1699,#1698);
#1701=DIRECTION('',(1.E0,0.E0,0.E0));
#1702=VECTOR('',#1701,7.500777777780E0);
#1703=CARTESIAN_POINT('',(2.7469E1,5.590000000001E0,4.320625E1));
#1704=LINE('',#1703,#1702);
#1705=DIRECTION('',(0.E0,2.239867567718E-14,1.E0));
#1706=VECTOR('',#1705,2.291953033230E1);
#1707=CARTESIAN_POINT('',(2.714E1,5.590000000001E0,3.361046966770E1));
#1708=LINE('',#1707,#1706);
#1709=DIRECTION('',(-1.E0,2.192431644899E-14,0.E0));
#1710=VECTOR('',#1709,8.102222222222E-1);
#1711=CARTESIAN_POINT('',(2.714E1,5.590000000001E0,5.653E1));
#1712=LINE('',#1711,#1710);
#1713=DIRECTION('',(-1.E0,0.E0,0.E0));
#1714=VECTOR('',#1713,7.503111111112E0);
#1715=CARTESIAN_POINT('',(2.632911111111E1,5.590000000001E0,4.8711947E1));
#1716=LINE('',#1715,#1714);
#1717=DIRECTION('',(0.E0,-1.806782738070E-14,-1.E0));
#1718=VECTOR('',#1717,5.505697E0);
#1719=CARTESIAN_POINT('',(1.8826E1,5.590000000001E0,4.8711947E1));
#1720=LINE('',#1719,#1718);
#1721=DIRECTION('',(1.E0,0.E0,0.E0));
#1722=VECTOR('',#1721,7.503111111113E0);
#1723=CARTESIAN_POINT('',(1.8826E1,5.590000000001E0,4.320625E1));
#1724=LINE('',#1723,#1722);
#1725=DIRECTION('',(0.E0,2.239867567718E-14,1.E0));
#1726=VECTOR('',#1725,2.291953033230E1);
#1727=CARTESIAN_POINT('',(1.848E1,5.590000000001E0,3.361046966770E1));
#1728=LINE('',#1727,#1726);
#1729=DIRECTION('',(-1.E0,2.220908738571E-14,0.E0));
#1730=VECTOR('',#1729,7.998333333333E-1);
#1731=CARTESIAN_POINT('',(1.848E1,5.590000000001E0,5.653E1));
#1732=LINE('',#1731,#1730);
#1733=DIRECTION('',(0.E0,-1.806782738070E-14,-1.E0));
#1734=VECTOR('',#1733,5.505697E0);
#1735=CARTESIAN_POINT('',(1.0183E1,5.590000000001E0,4.8711947E1));
#1736=LINE('',#1735,#1734);
#1737=DIRECTION('',(1.E0,0.E0,0.E0));
#1738=VECTOR('',#1737,7.497666666667E0);
#1739=CARTESIAN_POINT('',(1.0183E1,5.590000000001E0,4.320625E1));
#1740=LINE('',#1739,#1738);
#1741=DIRECTION('',(0.E0,2.239867567718E-14,1.E0));
#1742=VECTOR('',#1741,2.291953033230E1);
#1743=CARTESIAN_POINT('',(9.83E0,5.590000000001E0,3.361046966770E1));
#1744=LINE('',#1743,#1742);
#1745=DIRECTION('',(-1.E0,2.220446049250E-14,0.E0));
#1746=VECTOR('',#1745,8.E-1);
#1747=CARTESIAN_POINT('',(9.83E0,5.590000000001E0,5.653E1));
#1748=LINE('',#1747,#1746);
#1749=DIRECTION('',(0.E0,-1.806782738070E-14,-1.E0));
#1750=VECTOR('',#1749,5.505697E0);
#1751=CARTESIAN_POINT('',(1.54E0,5.590000000001E0,4.8711947E1));
#1752=LINE('',#1751,#1750);
#1753=DIRECTION('',(1.E0,1.185818984913E-14,0.E0));
#1754=VECTOR('',#1753,7.49E0);
#1755=CARTESIAN_POINT('',(1.54E0,5.590000000001E0,4.320625E1));
#1756=LINE('',#1755,#1754);
#1757=DIRECTION('',(0.E0,2.658725872497E-14,1.E0));
#1758=VECTOR('',#1757,2.004370053087E-1);
#1759=CARTESIAN_POINT('',(1.4E0,5.590000000001E0,3.361046966769E1));
#1760=LINE('',#1759,#1758);
#1761=DIRECTION('',(1.E0,0.E0,0.E0));
#1762=VECTOR('',#1761,2.4E-1);
#1763=CARTESIAN_POINT('',(1.16E0,5.590000000001E0,3.381090667300E1));
#1764=LINE('',#1763,#1762);
#1765=DIRECTION('',(0.E0,0.E0,1.E0));
#1766=VECTOR('',#1765,2.271909332700E1);
#1767=CARTESIAN_POINT('',(1.16E0,5.590000000001E0,3.381090667300E1));
#1768=LINE('',#1767,#1766);
#1769=DIRECTION('',(-1.E0,-3.759444862696E-13,0.E0));
#1770=VECTOR('',#1769,1.16E0);
#1771=CARTESIAN_POINT('',(1.16E0,5.590000000001E0,5.653E1));
#1772=LINE('',#1771,#1770);
#1773=DIRECTION('',(0.E0,-7.544436463310E-13,1.E0));
#1774=VECTOR('',#1773,1.612850000006E-1);
#1775=CARTESIAN_POINT('',(0.E0,5.590000000001E0,5.653E1));
#1776=LINE('',#1775,#1774);
#1777=DIRECTION('',(-1.E0,3.368498895455E-13,0.E0));
#1778=VECTOR('',#1777,1.35E0);
#1779=CARTESIAN_POINT('',(4.5E1,5.590000000001E0,5.653E1));
#1780=LINE('',#1779,#1778);
#1781=DIRECTION('',(0.E0,-1.803740417851E-14,-1.E0));
#1782=VECTOR('',#1781,5.711947000001E0);
#1783=CARTESIAN_POINT('',(3.615E1,5.590000000001E0,4.8711947E1));
#1784=LINE('',#1783,#1782);
#1785=DIRECTION('',(1.E0,0.E0,7.389644451905E-14));
#1786=VECTOR('',#1785,7.5E0);
#1787=CARTESIAN_POINT('',(3.615E1,5.590000000001E0,4.3E1));
#1788=LINE('',#1787,#1786);
#1789=DIRECTION('',(-1.E0,0.E0,0.E0));
#1790=VECTOR('',#1789,4.999999999999E-2);
#1791=CARTESIAN_POINT('',(4.365E1,5.590000000001E0,3.381090667300E1));
#1792=LINE('',#1791,#1790);
#1793=DIRECTION('',(0.E0,9.986603499532E-1,-5.174461741374E-2));
#1794=VECTOR('',#1793,1.202583040425E0);
#1795=CARTESIAN_POINT('',(4.36E1,5.590000000001E0,3.361046966769E1));
#1796=LINE('',#1795,#1794);
#1797=DIRECTION('',(-1.E0,0.E0,0.E0));
#1798=VECTOR('',#1797,4.22E1);
#1799=CARTESIAN_POINT('',(4.36E1,6.790972E0,3.354824246836E1));
#1800=LINE('',#1799,#1798);
#1801=DIRECTION('',(0.E0,9.986603499532E-1,-5.174461741374E-2));
#1802=VECTOR('',#1801,1.202583040425E0);
#1803=CARTESIAN_POINT('',(1.4E0,5.590000000001E0,3.361046966769E1));
#1804=LINE('',#1803,#1802);
#1805=DIRECTION('',(1.E0,-5.738819933318E-14,2.551621357775E-13));
#1806=VECTOR('',#1805,7.63E0);
#1807=CARTESIAN_POINT('',(1.4E0,5.590000000001E0,3.361046966769E1));
#1808=LINE('',#1807,#1806);
#1809=DIRECTION('',(1.E0,0.E0,0.E0));
#1810=VECTOR('',#1809,7.850166666667E0);
#1811=CARTESIAN_POINT('',(9.83E0,5.590000000001E0,3.361046966770E1));
#1812=LINE('',#1811,#1810);
#1813=DIRECTION('',(1.E0,0.E0,0.E0));
#1814=VECTOR('',#1813,7.849777777779E0);
#1815=CARTESIAN_POINT('',(1.848E1,5.590000000001E0,3.361046966770E1));
#1816=LINE('',#1815,#1814);
#1817=DIRECTION('',(1.E0,0.E0,0.E0));
#1818=VECTOR('',#1817,7.829944444446E0);
#1819=CARTESIAN_POINT('',(2.714E1,5.590000000001E0,3.361046966770E1));
#1820=LINE('',#1819,#1818);
#1821=DIRECTION('',(1.E0,5.803825734869E-14,-2.480539218191E-13));
#1822=VECTOR('',#1821,7.82E0);
#1823=CARTESIAN_POINT('',(3.578E1,5.590000000001E0,3.361046966770E1));
#1824=LINE('',#1823,#1822);
#1825=DIRECTION('',(0.E0,1.387256285141E-14,-1.E0));
#1826=VECTOR('',#1825,1.126824246836E1);
#1827=CARTESIAN_POINT('',(4.36E1,6.790972E0,3.354824246836E1));
#1828=LINE('',#1827,#1826);
#1829=DIRECTION('',(0.E0,-3.479383632142E-6,-9.999999999939E-1));
#1830=VECTOR('',#1829,1.499789186042E1);
#1831=CARTESIAN_POINT('',(3.711654097840E1,6.790964272136E0,2.228E1));
#1832=LINE('',#1831,#1830);
#1833=DIRECTION('',(-1.E0,0.E0,0.E0));
#1834=VECTOR('',#1833,2.923308195687E1);
#1835=CARTESIAN_POINT('',(3.711654097840E1,6.790912088716E0,7.282108139667E0));
#1836=LINE('',#1835,#1834);
#1837=DIRECTION('',(0.E0,1.387256285141E-14,-1.E0));
#1838=VECTOR('',#1837,1.126824246836E1);
#1839=CARTESIAN_POINT('',(1.4E0,6.790972E0,3.354824246836E1));
#1840=LINE('',#1839,#1838);
#1841=DIRECTION('',(9.999999999993E-1,1.191935390880E-6,0.E0));
#1842=VECTOR('',#1841,6.483459021605E0);
#1843=CARTESIAN_POINT('',(3.711654097840E1,6.790964272136E0,2.228E1));
#1844=LINE('',#1843,#1842);
#1845=DIRECTION('',(0.E0,-1.E0,0.E0));
#1846=VECTOR('',#1845,2.033680000002E-1);
#1847=CARTESIAN_POINT('',(4.36E1,6.99434E0,2.228E1));
#1848=LINE('',#1847,#1846);
#1849=DIRECTION('',(-1.E0,0.E0,0.E0));
#1850=VECTOR('',#1849,4.E-1);
#1851=CARTESIAN_POINT('',(4.4E1,6.99434E0,2.228E1));
#1852=LINE('',#1851,#1850);
#1853=DIRECTION('',(0.E0,-1.E0,0.E0));
#1854=VECTOR('',#1853,1.200007727864E0);
#1855=CARTESIAN_POINT('',(3.711654097840E1,7.990972E0,2.228E1));
#1856=LINE('',#1855,#1854);
#1857=DIRECTION('',(-1.E0,0.E0,0.E0));
#1858=VECTOR('',#1857,1.4E0);
#1859=CARTESIAN_POINT('',(4.5E1,6.99434E0,3.373814585559E1));
#1860=LINE('',#1859,#1858);
#1861=DIRECTION('',(-1.E0,0.E0,0.E0));
#1862=VECTOR('',#1861,1.35E0);
#1863=CARTESIAN_POINT('',(4.5E1,3.201979E0,3.393463337733E1));
#1864=LINE('',#1863,#1862);
#1865=DIRECTION('',(0.E0,0.E0,-1.E0));
#1866=VECTOR('',#1865,2.259536662267E1);
#1867=CARTESIAN_POINT('',(4.365E1,3.201979E0,5.653E1));
#1868=LINE('',#1867,#1866);
#1869=DIRECTION('',(0.E0,9.986604858275E-1,-5.174199500267E-2));
#1870=VECTOR('',#1869,2.391224078544E0);
#1871=CARTESIAN_POINT('',(4.365E1,3.201979E0,3.393463337733E1));
#1872=LINE('',#1871,#1870);
#1873=DIRECTION('',(0.E0,-1.875120942733E-14,1.E0));
#1874=VECTOR('',#1873,9.189093326997E0);
#1875=CARTESIAN_POINT('',(4.365E1,5.590000000001E0,3.381090667300E1));
#1876=LINE('',#1875,#1874);
#1877=DIRECTION('',(0.E0,1.834839390572E-14,1.E0));
#1878=VECTOR('',#1877,5.711947E0);
#1879=CARTESIAN_POINT('',(4.365E1,9.390000000001E0,4.3E1));
#1880=LINE('',#1879,#1878);
#1881=DIRECTION('',(0.E0,-1.E0,1.682864374169E-14));
#1882=VECTOR('',#1881,3.8E0);
#1883=CARTESIAN_POINT('',(4.365E1,9.390000000001E0,4.8711947E1));
#1884=LINE('',#1883,#1882);
#1885=DIRECTION('',(0.E0,0.E0,1.E0));
#1886=VECTOR('',#1885,7.818053E0);
#1887=CARTESIAN_POINT('',(4.365E1,5.590000000001E0,4.8711947E1));
#1888=LINE('',#1887,#1886);
#1889=DIRECTION('',(0.E0,-1.E0,-1.190178370726E-14));
#1890=VECTOR('',#1889,2.388021000001E0);
#1891=CARTESIAN_POINT('',(4.365E1,5.590000000001E0,5.653E1));
#1892=LINE('',#1891,#1890);
#1893=DIRECTION('',(0.E0,-1.E0,1.869849304632E-14));
#1894=VECTOR('',#1893,3.8E0);
#1895=CARTESIAN_POINT('',(4.365E1,9.390000000001E0,4.3E1));
#1896=LINE('',#1895,#1894);
#1897=DIRECTION('',(1.E0,0.E0,7.389644451905E-14));
#1898=VECTOR('',#1897,7.5E0);
#1899=CARTESIAN_POINT('',(3.615E1,9.390000000001E0,4.3E1));
#1900=LINE('',#1899,#1898);
#1901=DIRECTION('',(0.E0,-1.772641445129E-14,-1.E0));
#1902=VECTOR('',#1901,5.711947000001E0);
#1903=CARTESIAN_POINT('',(3.615E1,9.390000000001E0,4.8711947E1));
#1904=LINE('',#1903,#1902);
#1905=DIRECTION('',(0.E0,-1.E0,1.869849304632E-14));
#1906=VECTOR('',#1905,3.8E0);
#1907=CARTESIAN_POINT('',(3.615E1,9.390000000001E0,4.3E1));
#1908=LINE('',#1907,#1906);
#1909=DIRECTION('',(0.E0,-1.E0,1.682864374169E-14));
#1910=VECTOR('',#1909,3.8E0);
#1911=CARTESIAN_POINT('',(3.615E1,9.390000000001E0,4.8711947E1));
#1912=LINE('',#1911,#1910);
#1913=DIRECTION('',(1.E0,0.E0,0.E0));
#1914=VECTOR('',#1913,7.5E0);
#1915=CARTESIAN_POINT('',(3.615E1,5.590000000001E0,4.8711947E1));
#1916=LINE('',#1915,#1914);
#1917=DIRECTION('',(-1.E0,0.E0,0.E0));
#1918=VECTOR('',#1917,7.5E0);
#1919=CARTESIAN_POINT('',(4.365E1,9.390000000001E0,4.8711947E1));
#1920=LINE('',#1919,#1918);
#1921=DIRECTION('',(1.E0,0.E0,0.E0));
#1922=VECTOR('',#1921,7.403474E0);
#1923=CARTESIAN_POINT('',(3.61636475E1,9.390000000001E0,4.482889E1));
#1924=LINE('',#1923,#1922);
#1925=DIRECTION('',(0.E0,1.819832019741E-14,1.E0));
#1926=VECTOR('',#1925,2.928331E0);
#1927=CARTESIAN_POINT('',(4.35671215E1,9.390000000001E0,4.482889E1));
#1928=LINE('',#1927,#1926);
#1929=DIRECTION('',(-1.E0,0.E0,0.E0));
#1930=VECTOR('',#1929,7.403474E0);
#1931=CARTESIAN_POINT('',(4.35671215E1,9.390000000001E0,4.7757221E1));
#1932=LINE('',#1931,#1930);
#1933=DIRECTION('',(0.E0,-1.759170952416E-14,-1.E0));
#1934=VECTOR('',#1933,2.928331E0);
#1935=CARTESIAN_POINT('',(3.61636475E1,9.390000000001E0,4.7757221E1));
#1936=LINE('',#1935,#1934);
#1937=DIRECTION('',(0.E0,-1.E0,1.375244004698E-14));
#1938=VECTOR('',#1937,3.099999999999E0);
#1939=CARTESIAN_POINT('',(4.35671215E1,1.249E1,4.482889E1));
#1940=LINE('',#1939,#1938);
#1941=DIRECTION('',(1.E0,0.E0,0.E0));
#1942=VECTOR('',#1941,7.403474E0);
#1943=CARTESIAN_POINT('',(3.61636475E1,1.249E1,4.482889E1));
#1944=LINE('',#1943,#1942);
#1945=DIRECTION('',(0.E0,1.759170952416E-14,1.E0));
#1946=VECTOR('',#1945,2.928331E0);
#1947=CARTESIAN_POINT('',(4.35671215E1,1.249E1,4.482889E1));
#1948=LINE('',#1947,#1946);
#1949=DIRECTION('',(0.E0,-1.E0,1.833658672930E-14));
#1950=VECTOR('',#1949,3.099999999999E0);
#1951=CARTESIAN_POINT('',(4.35671215E1,1.249E1,4.7757221E1));
#1952=LINE('',#1951,#1950);
#1953=DIRECTION('',(0.E0,-1.E0,1.833658672930E-14));
#1954=VECTOR('',#1953,3.099999999999E0);
#1955=CARTESIAN_POINT('',(3.61636475E1,1.249E1,4.482889E1));
#1956=LINE('',#1955,#1954);
#1957=DIRECTION('',(0.E0,-1.759170952416E-14,-1.E0));
#1958=VECTOR('',#1957,2.928331E0);
#1959=CARTESIAN_POINT('',(3.61636475E1,1.249E1,4.7757221E1));
#1960=LINE('',#1959,#1958);
#1961=DIRECTION('',(0.E0,-1.E0,1.833658672930E-14));
#1962=VECTOR('',#1961,3.099999999999E0);
#1963=CARTESIAN_POINT('',(3.61636475E1,1.249E1,4.7757221E1));
#1964=LINE('',#1963,#1962);
#1965=DIRECTION('',(-1.E0,0.E0,0.E0));
#1966=VECTOR('',#1965,7.403474E0);
#1967=CARTESIAN_POINT('',(4.35671215E1,1.249E1,4.7757221E1));
#1968=LINE('',#1967,#1966);
#1969=DIRECTION('',(-1.E0,0.E0,0.E0));
#1970=VECTOR('',#1969,1.35E0);
#1971=CARTESIAN_POINT('',(4.5E1,3.201979E0,5.653E1));
#1972=LINE('',#1971,#1970);
#1973=DIRECTION('',(-1.E0,0.E0,0.E0));
#1974=VECTOR('',#1973,1.4E0);
#1975=CARTESIAN_POINT('',(4.5E1,6.99434E0,7.094836259320E0));
#1976=LINE('',#1975,#1974);
#1977=DIRECTION('',(-1.E0,0.E0,0.E0));
#1978=VECTOR('',#1977,1.4E0);
#1979=CARTESIAN_POINT('',(4.5E1,2.03368E-1,6.746020779702E0));
#1980=LINE('',#1979,#1978);
#1981=DIRECTION('',(0.E0,-1.E0,-2.167869538631E-13));
#1982=VECTOR('',#1981,2.03368E-1);
#1983=CARTESIAN_POINT('',(4.36E1,2.03368E-1,4.408752923322E-14));
#1984=LINE('',#1983,#1982);
#1985=DIRECTION('',(-1.E0,0.E0,0.E0));
#1986=VECTOR('',#1985,1.4E0);
#1987=CARTESIAN_POINT('',(4.5E1,2.03368E-1,4.410019537250E-14));
#1988=LINE('',#1987,#1986);
#1989=DIRECTION('',(-1.E0,3.870402219624E-14,4.289607544499E-14));
#1990=VECTOR('',#1989,6.287741510790E0);
#1991=CARTESIAN_POINT('',(4.5E1,1.1200694E1,2.042037095190E-12));
#1992=LINE('',#1991,#1990);
#1993=DIRECTION('',(-6.240056048849E-2,-9.980511860875E-1,-1.483400083652E-13));
#1994=VECTOR('',#1993,3.198616697911E0);
#1995=CARTESIAN_POINT('',(3.871225848921E1,1.1200694E1,2.311756529416E-12));
#1996=LINE('',#1995,#1994);
#1997=DIRECTION('',(-9.999999974796E-1,-7.099857152016E-5,0.E0));
#1998=VECTOR('',#1997,2.601245077831E1);
#1999=CARTESIAN_POINT('',(3.551266301447E1,1.002770270270E0,
4.525839432315E-13));
#2000=LINE('',#1999,#1998);
#2001=DIRECTION('',(-6.243030115722E-2,9.980493261845E-1,1.483368159530E-13));
#2002=VECTOR('',#2001,3.198624571339E0);
#2003=CARTESIAN_POINT('',(6.500000119432E0,8.008308901858E0,
1.837291421545E-12));
#2004=LINE('',#2003,#2002);
#2005=DIRECTION('',(-1.E0,-4.285603111747E-14,-4.281229651774E-14));
#2006=VECTOR('',#2005,6.300309024154E0);
#2007=CARTESIAN_POINT('',(6.300309024154E0,1.1200694E1,2.311765205887E-12));
#2008=LINE('',#2007,#2006);
#2009=DIRECTION('',(0.E0,-1.E0,-1.816745554709E-13));
#2010=VECTOR('',#2009,1.0997326E1);
#2011=CARTESIAN_POINT('',(0.E0,1.1200694E1,2.042034507791E-12));
#2012=LINE('',#2011,#2010);
#2013=DIRECTION('',(1.E0,0.E0,0.E0));
#2014=VECTOR('',#2013,1.4E0);
#2015=CARTESIAN_POINT('',(0.E0,2.03368E-1,4.410019537250E-14));
#2016=LINE('',#2015,#2014);
#2017=DIRECTION('',(0.E0,-1.E0,-2.167869538631E-13));
#2018=VECTOR('',#2017,2.03368E-1);
#2019=CARTESIAN_POINT('',(1.4E0,2.03368E-1,4.408752923322E-14));
#2020=LINE('',#2019,#2018);
#2021=DIRECTION('',(-1.E0,0.E0,0.E0));
#2022=VECTOR('',#2021,7.E0);
#2023=CARTESIAN_POINT('',(4.381266301447E1,7.508310810811E0,
1.402748903696E-12));
#2024=LINE('',#2023,#2022);
#2025=DIRECTION('',(0.E0,0.E0,-1.E0));
#2026=VECTOR('',#2025,3.599999999999E0);
#2027=CARTESIAN_POINT('',(4.381266301447E1,7.508310810811E0,3.6E0));
#2028=LINE('',#2027,#2026);
#2029=DIRECTION('',(0.E0,-1.E0,-1.486077757234E-13));
#2030=VECTOR('',#2029,6.5E0);
#2031=CARTESIAN_POINT('',(3.681266301447E1,7.508310810811E0,
1.402720388593E-12));
#2032=LINE('',#2031,#2030);
#2033=DIRECTION('',(0.E0,0.E0,-1.E0));
#2034=VECTOR('',#2033,3.599999999999E0);
#2035=CARTESIAN_POINT('',(3.681266301447E1,7.508310810811E0,3.6E0));
#2036=LINE('',#2035,#2034);
#2037=DIRECTION('',(1.E0,0.E0,0.E0));
#2038=VECTOR('',#2037,7.E0);
#2039=CARTESIAN_POINT('',(3.681266301447E1,1.008310810811E0,
4.367698463911E-13));
#2040=LINE('',#2039,#2038);
#2041=DIRECTION('',(0.E0,0.E0,-1.E0));
#2042=VECTOR('',#2041,3.6E0);
#2043=CARTESIAN_POINT('',(3.681266301447E1,1.008310810811E0,3.6E0));
#2044=LINE('',#2043,#2042);
#2045=DIRECTION('',(0.E0,1.E0,1.486077757234E-13));
#2046=VECTOR('',#2045,6.5E0);
#2047=CARTESIAN_POINT('',(4.381266301447E1,1.008310810811E0,
4.367983614937E-13));
#2048=LINE('',#2047,#2046);
#2049=DIRECTION('',(0.E0,0.E0,-1.E0));
#2050=VECTOR('',#2049,3.599999999999E0);
#2051=CARTESIAN_POINT('',(4.381266301447E1,1.008310810811E0,3.6E0));
#2052=LINE('',#2051,#2050);
#2053=DIRECTION('',(-1.E0,0.E0,0.E0));
#2054=VECTOR('',#2053,7.E0);
#2055=CARTESIAN_POINT('',(4.381266301447E1,7.508310810811E0,3.6E0));
#2056=LINE('',#2055,#2054);
#2057=DIRECTION('',(0.E0,-1.E0,0.E0));
#2058=VECTOR('',#2057,6.5E0);
#2059=CARTESIAN_POINT('',(3.681266301447E1,7.508310810811E0,3.6E0));
#2060=LINE('',#2059,#2058);
#2061=DIRECTION('',(1.E0,0.E0,0.E0));
#2062=VECTOR('',#2061,7.E0);
#2063=CARTESIAN_POINT('',(3.681266301447E1,1.008310810811E0,3.6E0));
#2064=LINE('',#2063,#2062);
#2065=DIRECTION('',(0.E0,1.E0,0.E0));
#2066=VECTOR('',#2065,6.5E0);
#2067=CARTESIAN_POINT('',(4.381266301447E1,1.008310810811E0,3.6E0));
#2068=LINE('',#2067,#2066);
#2069=CARTESIAN_POINT('',(3.912117758801E1,3.470308349102E0,3.6E0));
#2070=DIRECTION('',(0.E0,1.382976518076E-14,-1.E0));
#2071=DIRECTION('',(8.308823529412E-1,-5.564481247798E-1,0.E0));
#2072=AXIS2_PLACEMENT_3D('',#2069,#2070,#2071);
#2074=CARTESIAN_POINT('',(3.912117758801E1,3.9E0,3.6E0));
#2075=DIRECTION('',(0.E0,1.382976518076E-14,-1.E0));
#2076=DIRECTION('',(-8.308823529412E-1,5.564481247798E-1,0.E0));
#2077=AXIS2_PLACEMENT_3D('',#2074,#2075,#2076);
#2079=DIRECTION('',(0.E0,6.572577211503E-6,9.999999999784E-1));
#2080=VECTOR('',#2079,3.455950643950E0);
#2081=CARTESIAN_POINT('',(4.081617758801E1,2.335154174551E0,3.6E0));
#2082=LINE('',#2081,#2080);
#2083=DIRECTION('',(0.E0,-6.572518924624E-6,-9.999999999784E-1));
#2084=VECTOR('',#2083,3.455950643940E0);
#2085=CARTESIAN_POINT('',(3.742617758801E1,2.335176888852E0,7.055950643865E0));
#2086=LINE('',#2085,#2084);
#2087=DIRECTION('',(-1.315819881037E-14,1.E0,1.299372132524E-14));
#2088=VECTOR('',#2087,2.7E0);
#2089=CARTESIAN_POINT('',(4.081617758801E1,2.335154174551E0,3.6E0));
#2090=LINE('',#2089,#2088);
#2091=DIRECTION('',(0.E0,-9.986833818184E-1,-5.129817618408E-2));
#2092=VECTOR('',#2091,2.703518329783E0);
#2093=CARTESIAN_POINT('',(4.081617758801E1,5.035135717450E0,7.194636203474E0));
#2094=LINE('',#2093,#2092);
#2095=DIRECTION('',(0.E0,-5.134668418251E-6,9.999999999868E-1));
#2096=VECTOR('',#2095,3.594636203513E0);
#2097=CARTESIAN_POINT('',(3.742617758801E1,5.035154174551E0,3.6E0));
#2098=LINE('',#2097,#2096);
#2099=DIRECTION('',(0.E0,5.134622886520E-6,-9.999999999868E-1));
#2100=VECTOR('',#2099,3.594636203521E0);
#2101=CARTESIAN_POINT('',(4.081617758801E1,5.035135717450E0,7.194636203474E0));
#2102=LINE('',#2101,#2100);
#2103=DIRECTION('',(-1.052655904830E-14,-1.E0,-1.299372132524E-14));
#2104=VECTOR('',#2103,2.7E0);
#2105=CARTESIAN_POINT('',(3.742617758801E1,5.035154174551E0,3.6E0));
#2106=LINE('',#2105,#2104);
#2107=DIRECTION('',(1.051285989701E-14,9.986833818184E-1,5.129817618408E-2));
#2108=VECTOR('',#2107,2.703518329821E0);
#2109=CARTESIAN_POINT('',(3.742617758801E1,2.335176888852E0,7.055950643865E0));
#2110=LINE('',#2109,#2108);
#2111=CARTESIAN_POINT('',(6.283927245190E0,2.290022326505E0,7.053629954947E0));
#2112=CARTESIAN_POINT('',(6.424102487179E0,2.387099397352E0,7.058616424749E0));
#2113=CARTESIAN_POINT('',(6.672216341473E0,2.608563666275E0,7.069993420185E0));
#2114=CARTESIAN_POINT('',(6.960564322010E0,3.025486732619E0,7.091408629431E0));
#2115=CARTESIAN_POINT('',(7.139143759296E0,3.499799578590E0,7.115772363199E0));
#2116=CARTESIAN_POINT('',(7.179722763198E0,3.829626532260E0,7.132714254739E0));
#2117=CARTESIAN_POINT('',(7.179722763198E0,4.E0,7.141465674045E0));
#2119=CARTESIAN_POINT('',(7.179722763198E0,4.E0,7.141465674045E0));
#2120=CARTESIAN_POINT('',(7.179722763198E0,4.170377603240E0,7.150217305776E0));
#2121=CARTESIAN_POINT('',(7.139141914453E0,4.500212037186E0,7.167159589739E0));
#2122=CARTESIAN_POINT('',(6.960553894565E0,4.974534860251E0,7.191523799131E0));
#2123=CARTESIAN_POINT('',(6.672194363750E0,5.391463279720E0,7.212939418502E0));
#2124=CARTESIAN_POINT('',(6.424067212059E0,5.612929050985E0,7.224316155266E0));
#2125=CARTESIAN_POINT('',(6.283891987618E0,5.710001417366E0,7.229302383418E0));
#2127=DIRECTION('',(-9.999999999989E-1,1.484121240070E-6,2.609082017267E-8));
#2128=VECTOR('',#2127,2.290065459508E0);
#2129=CARTESIAN_POINT('',(6.283891987618E0,5.710001417366E0,7.229302383418E0));
#2130=LINE('',#2129,#2128);
#2131=CARTESIAN_POINT('',(3.993826528112E0,5.710004816100E0,7.229302443168E0));
#2132=CARTESIAN_POINT('',(3.850430976887E0,5.615187907430E0,7.224432069065E0));
#2133=CARTESIAN_POINT('',(3.596410658257E0,5.396821571531E0,7.213214704980E0));
#2134=CARTESIAN_POINT('',(3.300099018679E0,4.980551067863E0,7.191832818573E0));
#2135=CARTESIAN_POINT('',(3.116316444643E0,4.503908892097E0,7.167349469305E0));
#2136=CARTESIAN_POINT('',(3.074501321765E0,4.171816485128E0,7.150291253265E0));
#2137=CARTESIAN_POINT('',(3.074501321765E0,4.000025581899E0,7.141467025837E0));
#2139=CARTESIAN_POINT('',(3.074501321765E0,4.000025581899E0,7.141467025837E0));
#2140=CARTESIAN_POINT('',(3.074501321765E0,3.828229433676E0,7.132642528993E0));
#2141=CARTESIAN_POINT('',(3.116316166175E0,3.496127671168E0,7.115583721323E0));
#2142=CARTESIAN_POINT('',(3.300109646789E0,3.019471083098E0,7.091099678584E0));
#2143=CARTESIAN_POINT('',(3.596429422175E0,2.603197144776E0,7.069717595031E0));
#2144=CARTESIAN_POINT('',(3.850478149862E0,2.384817794915E0,7.058499586506E0));
#2145=CARTESIAN_POINT('',(3.993879580668E0,2.290004465301E0,7.053629396245E0));
#2147=DIRECTION('',(9.999999999696E-1,7.799489968386E-6,2.439694781924E-7));
#2148=VECTOR('',#2147,2.290047664591E0);
#2149=CARTESIAN_POINT('',(3.993879580668E0,2.290004465301E0,7.053629396245E0));
#2150=LINE('',#2149,#2148);
#2151=CARTESIAN_POINT('',(1.386087939690E1,5.500080258634E0,7.218526847022E0));
#2152=CARTESIAN_POINT('',(1.372735317941E1,5.498836910199E0,7.218462981071E0));
#2153=CARTESIAN_POINT('',(1.347075115546E1,5.461814240367E0,7.216549687745E0));
#2154=CARTESIAN_POINT('',(1.310679673492E1,5.308146727197E0,7.208661043739E0));
#2155=CARTESIAN_POINT('',(1.279707016036E1,5.067104120913E0,7.196278379321E0));
#2156=CARTESIAN_POINT('',(1.255901318359E1,4.755264889159E0,7.180260751216E0));
#2157=CARTESIAN_POINT('',(1.240890422851E1,4.390148433616E0,7.161506054294E0));
#2158=CARTESIAN_POINT('',(1.237475831748E1,4.133537547520E0,7.148324976065E0));
#2159=CARTESIAN_POINT('',(1.237475831748E1,4.000068842713E0,7.141469210226E0));
#2161=CARTESIAN_POINT('',(1.237475831748E1,4.000068842713E0,7.141469210226E0));
#2162=CARTESIAN_POINT('',(1.237475831748E1,3.866612077486E0,7.134614057677E0));
#2163=CARTESIAN_POINT('',(1.240889812545E1,3.610019781170E0,7.121433934332E0));
#2164=CARTESIAN_POINT('',(1.255898972058E1,3.244915726740E0,7.102679874407E0));
#2165=CARTESIAN_POINT('',(1.279703162478E1,2.933072459681E0,7.086662039024E0));
#2166=CARTESIAN_POINT('',(1.310675399867E1,2.692014841976E0,7.074278603528E0));
#2167=CARTESIAN_POINT('',(1.347072065225E1,2.538329869846E0,7.066389062723E0));
#2168=CARTESIAN_POINT('',(1.372734122477E1,2.501300887215E0,7.064475445134E0));
#2169=CARTESIAN_POINT('',(1.386087939681E1,2.500057427463E0,7.064411573466E0));
#2171=CARTESIAN_POINT('',(1.386087939681E1,2.500057427463E0,7.064411573466E0));
#2172=CARTESIAN_POINT('',(1.399627447637E1,2.498796676852E0,7.064346813633E0));
#2173=CARTESIAN_POINT('',(1.425639680150E1,2.531943304178E0,7.066061009800E0));
#2174=CARTESIAN_POINT('',(1.462695053879E1,2.682281408958E0,7.073778635107E0));
#2175=CARTESIAN_POINT('',(1.494300326822E1,2.922826669575E0,7.086135752821E0));
#2176=CARTESIAN_POINT('',(1.518638259639E1,3.236517770743E0,7.102248504222E0));
#2177=CARTESIAN_POINT('',(1.534000392544E1,3.605361057315E0,7.121194633891E0));
#2178=CARTESIAN_POINT('',(1.537503568345E1,3.864934641071E0,7.134527894323E0));
#2179=CARTESIAN_POINT('',(1.537503568345E1,4.000068842713E0,7.141469210226E0));
#2181=CARTESIAN_POINT('',(1.537503568345E1,4.000068842713E0,7.141469210226E0));
#2182=CARTESIAN_POINT('',(1.537503568345E1,4.135190675511E0,7.148409890791E0));
#2183=CARTESIAN_POINT('',(1.534001032075E1,4.394745031801E0,7.161742163582E0));
#2184=CARTESIAN_POINT('',(1.518640715916E1,4.763575603040E0,7.180687640114E0));
#2185=CARTESIAN_POINT('',(1.494304354710E1,5.077271110752E0,7.196800617862E0));
#2186=CARTESIAN_POINT('',(1.462699510454E1,5.317832104264E0,7.209158543714E0));
#2187=CARTESIAN_POINT('',(1.425642848973E1,5.468188240146E0,7.216877095208E0));
#2188=CARTESIAN_POINT('',(1.399628686104E1,5.501341124566E0,7.218591612778E0));
#2189=CARTESIAN_POINT('',(1.386087939690E1,5.500080258634E0,7.218526847022E0));
#2191=DIRECTION('',(-9.999999999502E-1,9.978698117456E-6,2.562834330744E-7));
#2192=VECTOR('',#2191,2.749999872065E0);
#2193=CARTESIAN_POINT('',(1.967999993612E1,6.689965698227E0,7.279639053350E0));
#2194=LINE('',#2193,#2192);
#2195=DIRECTION('',(9.298980668910E-3,-9.986401875965E-1,-5.129624426465E-2));
#2196=VECTOR('',#2195,3.504613890595E0);
#2197=CARTESIAN_POINT('',(1.693000006419E1,6.689993139645E0,7.279639758130E0));
#2198=LINE('',#2197,#2196);
#2199=DIRECTION('',(9.999999999502E-1,-9.978697996502E-6,-2.562834259690E-7));
#2200=VECTOR('',#2199,2.749999872065E0);
#2201=CARTESIAN_POINT('',(1.696258940101E1,3.190144866488E0,7.099866227944E0));
#2202=LINE('',#2201,#2200);
#2203=DIRECTION('',(-9.298980668908E-3,9.986401875965E-1,5.129624426465E-2));
#2204=VECTOR('',#2203,3.504613890595E0);
#2205=CARTESIAN_POINT('',(1.971258927294E1,3.190117425070E0,7.099865523165E0));
#2206=LINE('',#2205,#2204);
#2207=CARTESIAN_POINT('',(2.25E1,2.500002063141E0,7.064409780852E0));
#2208=CARTESIAN_POINT('',(2.263446291349E1,2.500002063141E0,7.064409780852E0));
#2209=CARTESIAN_POINT('',(2.289282595294E1,2.535131625303E0,7.066224293517E0));
#2210=CARTESIAN_POINT('',(2.326007320520E1,2.687139101310E0,7.074028286512E0));
#2211=CARTESIAN_POINT('',(2.357295044551E1,2.927945005745E0,7.086398626710E0));
#2212=CARTESIAN_POINT('',(2.381365960769E1,3.240710233661E0,7.102463864094E0));
#2213=CARTESIAN_POINT('',(2.396550435124E1,3.607684499645E0,7.121313977350E0));
#2214=CARTESIAN_POINT('',(2.400011930336E1,3.865770944823E0,7.134570851979E0));
#2215=CARTESIAN_POINT('',(2.400011930329E1,4.000068843097E0,7.141469210246E0));
#2217=CARTESIAN_POINT('',(2.400011930329E1,4.000068843097E0,7.141469210246E0));
#2218=CARTESIAN_POINT('',(2.400011930322E1,4.134354588780E0,7.148366944282E0));
#2219=CARTESIAN_POINT('',(2.396551059901E1,4.392422126420E0,7.161622847705E0));
#2220=CARTESIAN_POINT('',(2.381368361520E1,4.759383834967E0,7.180472315934E0));
#2221=CARTESIAN_POINT('',(2.357298984476E1,5.072153280887E0,7.196537769981E0));
#2222=CARTESIAN_POINT('',(2.326011684868E1,5.312974553815E0,7.208908899597E0));
#2223=CARTESIAN_POINT('',(2.289285704475E1,5.464999773224E0,7.216713804002E0));
#2224=CARTESIAN_POINT('',(2.263447508210E1,5.500135622284E0,7.218528639601E0));
#2225=CARTESIAN_POINT('',(2.250000000001E1,5.500135622284E0,7.218528639601E0));
#2227=CARTESIAN_POINT('',(2.250000000001E1,5.500135622284E0,7.218528639601E0));
#2228=CARTESIAN_POINT('',(2.236553708649E1,5.500135622284E0,7.218528639601E0));
#2229=CARTESIAN_POINT('',(2.210717404704E1,5.465006060151E0,7.216714126937E0));
#2230=CARTESIAN_POINT('',(2.173992679475E1,5.312998584162E0,7.208910133942E0));
#2231=CARTESIAN_POINT('',(2.142704955440E1,5.072192679715E0,7.196539793745E0));
#2232=CARTESIAN_POINT('',(2.118634039222E1,4.759427451851E0,7.180474556362E0));
#2233=CARTESIAN_POINT('',(2.103449564857E1,4.392453185624E0,7.161624443094E0));
#2234=CARTESIAN_POINT('',(2.099988069664E1,4.134366740995E0,7.148367568494E0));
#2235=CARTESIAN_POINT('',(2.099988069664E1,4.000068842713E0,7.141469210226E0));
#2237=CARTESIAN_POINT('',(2.099988069664E1,4.000068842713E0,7.141469210226E0));
#2238=CARTESIAN_POINT('',(2.099988069664E1,3.865783097023E0,7.134571476190E0));
#2239=CARTESIAN_POINT('',(2.103448940086E1,3.607715558805E0,7.121315572737E0));
#2240=CARTESIAN_POINT('',(2.118631638469E1,3.240753850468E0,7.102466104519E0));
#2241=CARTESIAN_POINT('',(2.142701015516E1,2.927984404479E0,7.086400650469E0));
#2242=CARTESIAN_POINT('',(2.173988315127E1,2.687163131572E0,7.074029520853E0));
#2243=CARTESIAN_POINT('',(2.210714295523E1,2.535137912172E0,7.066224616449E0));
#2244=CARTESIAN_POINT('',(2.236552491788E1,2.500002063141E0,7.064409780852E0));
#2245=CARTESIAN_POINT('',(2.25E1,2.500002063141E0,7.064409780852E0));
#2247=DIRECTION('',(1.E0,0.E0,1.905546427722E-14));
#2248=VECTOR('',#2247,2.749999999998E0);
#2249=CARTESIAN_POINT('',(2.550293296199E1,3.190023894583E0,7.099860366480E0));
#2250=LINE('',#2249,#2248);
#2251=DIRECTION('',(-1.E0,0.E0,-1.873249030641E-14));
#2252=VECTOR('',#2251,2.749999999998E0);
#2253=CARTESIAN_POINT('',(2.824E1,6.69E0,7.279640462909E0));
#2254=LINE('',#2253,#2252);
#2255=CARTESIAN_POINT('',(3.116436970070E1,5.500131987662E0,7.218529147734E0));
#2256=CARTESIAN_POINT('',(3.103030366927E1,5.499636592598E0,7.218503701225E0));
#2257=CARTESIAN_POINT('',(3.077261431006E1,5.463783662367E0,7.216651014667E0));
#2258=CARTESIAN_POINT('',(3.040666547343E1,5.311106028692E0,7.208813007171E0));
#2259=CARTESIAN_POINT('',(3.009502331373E1,5.070203877715E0,7.196437613596E0));
#2260=CARTESIAN_POINT('',(2.985536229535E1,4.757797235831E0,7.180390824770E0));
#2261=CARTESIAN_POINT('',(2.970418290272E1,4.391550028983E0,7.161578049690E0));
#2262=CARTESIAN_POINT('',(2.966979620677E1,4.134041632140E0,7.148350868913E0));
#2263=CARTESIAN_POINT('',(2.966979620677E1,4.000068842527E0,7.141469210207E0));
#2265=CARTESIAN_POINT('',(2.966979620677E1,4.000068842527E0,7.141469210207E0));
#2266=CARTESIAN_POINT('',(2.966979620677E1,3.866108140598E0,7.134588172399E0));
#2267=CARTESIAN_POINT('',(2.970417680032E1,3.608618566902E0,7.121361958507E0));
#2268=CARTESIAN_POINT('',(2.985533860997E1,3.242383928687E0,7.102549829080E0));
#2269=CARTESIAN_POINT('',(3.009498438179E1,2.929973225152E0,7.086502831394E0));
#2270=CARTESIAN_POINT('',(3.040662226010E1,2.689055866266E0,7.074126657512E0));
#2271=CARTESIAN_POINT('',(3.077258359904E1,2.536360798242E0,7.066287751256E0));
#2272=CARTESIAN_POINT('',(3.103029140348E1,2.500501192119E0,7.064434729810E0));
#2273=CARTESIAN_POINT('',(3.116437010199E1,2.500005750248E0,7.064409280897E0));
#2275=CARTESIAN_POINT('',(3.116437010199E1,2.500005750248E0,7.064409280897E0));
#2276=CARTESIAN_POINT('',(3.129923417372E1,2.499507406300E0,7.064383682916E0));
#2277=CARTESIAN_POINT('',(3.155828258470E1,2.533857236797E0,7.066159153087E0));
#2278=CARTESIAN_POINT('',(3.192684839501E1,2.685205279405E0,7.073928867911E0));
#2279=CARTESIAN_POINT('',(3.224098342453E1,2.925911391406E0,7.086294190865E0));
#2280=CARTESIAN_POINT('',(3.248275129106E1,3.239045817892E0,7.102378363374E0));
#2281=CARTESIAN_POINT('',(3.263529976628E1,3.606762465161E0,7.121266617808E0));
#2282=CARTESIAN_POINT('',(3.267007983839E1,3.865439147862E0,7.134553808866E0));
#2283=CARTESIAN_POINT('',(3.267007983842E1,4.000068842522E0,7.141469210217E0));
#2285=CARTESIAN_POINT('',(3.267007983842E1,4.000068842522E0,7.141469210217E0));
#2286=CARTESIAN_POINT('',(3.267007983845E1,4.134686299075E0,7.148383982944E0));
#2287=CARTESIAN_POINT('',(3.263530607171E1,4.393343948770E0,7.161670196335E0));
#2288=CARTESIAN_POINT('',(3.248277551965E1,4.761047976068E0,7.180557802595E0));
#2289=CARTESIAN_POINT('',(3.224102316454E1,5.074186692578E0,7.196642195233E0));
#2290=CARTESIAN_POINT('',(3.192689242800E1,5.314908325462E0,7.209008316299E0));
#2291=CARTESIAN_POINT('',(3.155831381925E1,5.466274193364E0,7.216778943513E0));
#2292=CARTESIAN_POINT('',(3.129924662881E1,5.500630379117E0,7.218554748156E0));
#2293=CARTESIAN_POINT('',(3.116436970070E1,5.500131987662E0,7.218529147734E0));
#2295=CARTESIAN_POINT('',(3.742617758801E1,2.335176888852E0,7.055950643865E0));
#2296=CARTESIAN_POINT('',(3.752113525594E1,2.193387120779E0,7.048667457521E0));
#2297=CARTESIAN_POINT('',(3.773877774939E1,1.942582193497E0,7.035783962049E0));
#2298=CARTESIAN_POINT('',(3.815243437763E1,1.651474749581E0,7.020831162231E0));
#2299=CARTESIAN_POINT('',(3.862194724881E1,1.471375416818E0,7.011580094494E0));
#2300=CARTESIAN_POINT('',(3.912121087534E1,1.409904741373E0,7.008422609008E0));
#2301=CARTESIAN_POINT('',(3.962046838048E1,1.471391178992E0,7.011580904135E0));
#2302=CARTESIAN_POINT('',(4.008996451949E1,1.651499567473E0,7.020832437029E0));
#2303=CARTESIAN_POINT('',(4.050359810708E1,1.942603517131E0,7.035785057361E0));
#2304=CARTESIAN_POINT('',(4.072122610129E1,2.193396350690E0,7.048667931625E0));
#2305=CARTESIAN_POINT('',(4.081617758801E1,2.335176889054E0,7.055950643876E0));
#2307=CARTESIAN_POINT('',(4.081617758801E1,5.035135717450E0,7.194636203474E0));
#2308=CARTESIAN_POINT('',(4.072122297888E1,5.176920918154E0,7.201919155210E0));
#2309=CARTESIAN_POINT('',(4.050358091505E1,5.427728541522E0,7.214802671779E0));
#2310=CARTESIAN_POINT('',(4.008992092469E1,5.718830269407E0,7.229755225230E0));
#2311=CARTESIAN_POINT('',(3.962040779813E1,5.898927796516E0,7.239006187333E0));
#2312=CARTESIAN_POINT('',(3.912114430158E1,5.960397428974E0,7.242163623539E0));
#2313=CARTESIAN_POINT('',(3.862188692619E1,5.898912034974E0,7.239005377724E0));
#2314=CARTESIAN_POINT('',(3.815239053125E1,5.718805452476E0,7.229753950481E0));
#2315=CARTESIAN_POINT('',(3.773875358080E1,5.427707218717E0,7.214801576510E0));
#2316=CARTESIAN_POINT('',(3.752112601608E1,5.176911688497E0,7.201918681119E0));
#2317=CARTESIAN_POINT('',(3.742617758801E1,5.035135717286E0,7.194636203465E0));
#2319=DIRECTION('',(0.E0,-9.987016794840E-1,-5.094070470529E-2));
#2320=VECTOR('',#2319,6.800769749281E0);
#2321=CARTESIAN_POINT('',(4.36E1,6.791940170391E0,7.282437307554E0));
#2322=LINE('',#2321,#2320);
#2323=DIRECTION('',(-1.E0,0.E0,0.E0));
#2324=VECTOR('',#2323,4.22E1);
#2325=CARTESIAN_POINT('',(4.36E1,0.E0,6.936001303988E0));
#2326=LINE('',#2325,#2324);
#2327=DIRECTION('',(0.E0,-9.987016794840E-1,-5.094070470529E-2));
#2328=VECTOR('',#2327,6.800769749281E0);
#2329=CARTESIAN_POINT('',(1.4E0,6.791940170391E0,7.282437307554E0));
#2330=LINE('',#2329,#2328);
#2331=DIRECTION('',(5.589823574249E-6,3.905338948915E-7,9.999999999843E-1));
#2332=VECTOR('',#2331,3.629302383475E0);
#2333=CARTESIAN_POINT('',(6.283871700458E0,5.71E0,3.6E0));
#2334=LINE('',#2333,#2332);
#2335=DIRECTION('',(-6.336551738427E-6,0.E0,-9.999999999799E-1));
#2336=VECTOR('',#2335,3.453629955016E0);
#2337=CARTESIAN_POINT('',(6.283927245190E0,2.290022326505E0,7.053629954947E0));
#2338=LINE('',#2337,#2336);
#2339=DIRECTION('',(1.E0,0.E0,0.E0));
#2340=VECTOR('',#2339,7.E0);
#2341=CARTESIAN_POINT('',(1.2E0,1.008310810811E0,3.6E0));
#2342=LINE('',#2341,#2340);
#2343=DIRECTION('',(0.E0,1.E0,0.E0));
#2344=VECTOR('',#2343,6.5E0);
#2345=CARTESIAN_POINT('',(8.2E0,1.008310810811E0,3.6E0));
#2346=LINE('',#2345,#2344);
#2347=DIRECTION('',(-1.E0,0.E0,0.E0));
#2348=VECTOR('',#2347,7.E0);
#2349=CARTESIAN_POINT('',(8.2E0,7.508310810811E0,3.6E0));
#2350=LINE('',#2349,#2348);
#2351=DIRECTION('',(0.E0,-1.E0,0.E0));
#2352=VECTOR('',#2351,6.5E0);
#2353=CARTESIAN_POINT('',(1.2E0,7.508310810811E0,3.6E0));
#2354=LINE('',#2353,#2352);
#2355=CARTESIAN_POINT('',(5.099684215302E0,4.E0,3.6E0));
#2356=DIRECTION('',(0.E0,1.382976518076E-14,-1.E0));
#2357=DIRECTION('',(5.693209063250E-1,8.221153846154E-1,1.131573467406E-14));
#2358=AXIS2_PLACEMENT_3D('',#2355,#2356,#2357);
#2360=CARTESIAN_POINT('',(5.099684215302E0,4.E0,3.6E0));
#2361=DIRECTION('',(0.E0,1.382976518076E-14,-1.E0));
#2362=DIRECTION('',(1.E0,0.E0,0.E0));
#2363=AXIS2_PLACEMENT_3D('',#2360,#2361,#2362);
#2365=CARTESIAN_POINT('',(5.124535222172E0,4.000025579897E0,3.6E0));
#2366=DIRECTION('',(0.E0,1.382976518076E-14,-1.E0));
#2367=DIRECTION('',(-5.515326324075E-1,-8.341533164771E-1,-1.148133079125E-14));
#2368=AXIS2_PLACEMENT_3D('',#2365,#2366,#2367);
#2370=CARTESIAN_POINT('',(5.124535222172E0,4.000025579897E0,3.6E0));
#2371=DIRECTION('',(0.E0,1.382976518076E-14,-1.E0));
#2372=DIRECTION('',(-1.E0,0.E0,0.E0));
#2373=AXIS2_PLACEMENT_3D('',#2370,#2371,#2372);
#2375=DIRECTION('',(1.E0,0.E0,0.E0));
#2376=VECTOR('',#2375,7.E0);
#2377=CARTESIAN_POINT('',(1.2E0,1.008310810811E0,4.367698463911E-13));
#2378=LINE('',#2377,#2376);
#2379=DIRECTION('',(0.E0,0.E0,-1.E0));
#2380=VECTOR('',#2379,3.6E0);
#2381=CARTESIAN_POINT('',(1.2E0,1.008310810811E0,3.6E0));
#2382=LINE('',#2381,#2380);
#2383=DIRECTION('',(0.E0,1.E0,1.486077757234E-13));
#2384=VECTOR('',#2383,6.5E0);
#2385=CARTESIAN_POINT('',(8.2E0,1.008310810811E0,4.367983614937E-13));
#2386=LINE('',#2385,#2384);
#2387=DIRECTION('',(0.E0,0.E0,-1.E0));
#2388=VECTOR('',#2387,3.599999999999E0);
#2389=CARTESIAN_POINT('',(8.2E0,1.008310810811E0,3.6E0));
#2390=LINE('',#2389,#2388);
#2391=DIRECTION('',(-1.E0,0.E0,0.E0));
#2392=VECTOR('',#2391,7.E0);
#2393=CARTESIAN_POINT('',(8.2E0,7.508310810811E0,1.402748903696E-12));
#2394=LINE('',#2393,#2392);
#2395=DIRECTION('',(0.E0,0.E0,-1.E0));
#2396=VECTOR('',#2395,3.599999999999E0);
#2397=CARTESIAN_POINT('',(8.2E0,7.508310810811E0,3.6E0));
#2398=LINE('',#2397,#2396);
#2399=DIRECTION('',(0.E0,-1.E0,-1.486077757234E-13));
#2400=VECTOR('',#2399,6.5E0);
#2401=CARTESIAN_POINT('',(1.2E0,7.508310810811E0,1.402720388593E-12));
#2402=LINE('',#2401,#2400);
#2403=DIRECTION('',(0.E0,0.E0,-1.E0));
#2404=VECTOR('',#2403,3.599999999999E0);
#2405=CARTESIAN_POINT('',(1.2E0,7.508310810811E0,3.6E0));
#2406=LINE('',#2405,#2404);
#2407=DIRECTION('',(9.999999999696E-1,7.799651646305E-6,0.E0));
#2408=VECTOR('',#2407,2.290000194618E0);
#2409=CARTESIAN_POINT('',(3.993905166536E0,2.290004465301E0,3.6E0));
#2410=LINE('',#2409,#2408);
#2411=DIRECTION('',(-7.408399991891E-6,0.E0,9.999999999726E-1));
#2412=VECTOR('',#2411,3.453629396340E0);
#2413=CARTESIAN_POINT('',(3.993905166536E0,2.290004465301E0,3.6E0));
#2414=LINE('',#2413,#2412);
#2415=DIRECTION('',(4.980012140299E-6,-3.905338882186E-7,-9.999999999875E-1));
#2416=VECTOR('',#2415,3.629302443213E0);
#2417=CARTESIAN_POINT('',(3.993826528112E0,5.710004816100E0,7.229302443168E0));
#2418=LINE('',#2417,#2416);
#2419=DIRECTION('',(-9.999999999989E-1,1.484146101159E-6,0.E0));
#2420=VECTOR('',#2419,2.290027098378E0);
#2421=CARTESIAN_POINT('',(6.283871700458E0,5.71E0,3.6E0));
#2422=LINE('',#2421,#2420);
#2423=DIRECTION('',(-1.924303366247E-4,-5.371432869817E-5,9.999999800427E-1));
#2424=VECTOR('',#2423,1.064411594708E0);
#2425=CARTESIAN_POINT('',(1.386108422190E1,2.500114601617E0,6.E0));
#2426=LINE('',#2425,#2424);
#2427=DIRECTION('',(9.311239091710E-3,-9.999566494737E-1,0.E0));
#2428=VECTOR('',#2427,3.410030401543E0);
#2429=CARTESIAN_POINT('',(1.968083766456E1,6.6E0,6.E0));
#2430=LINE('',#2429,#2428);
#2431=DIRECTION('',(-9.311239091420E-3,9.999566494737E-1,0.E0));
#2432=VECTOR('',#2431,3.410002958935E0);
#2433=CARTESIAN_POINT('',(1.696258940101E1,3.190144866488E0,6.E0));
#2434=LINE('',#2433,#2432);
#2435=DIRECTION('',(-1.E0,0.E0,0.E0));
#2436=VECTOR('',#2435,7.430625746440E0);
#2437=CARTESIAN_POINT('',(1.693083804816E1,6.6E0,6.E0));
#2438=LINE('',#2437,#2436);
#2439=DIRECTION('',(-3.791102108182E-5,-9.999999992814E-1,0.E0));
#2440=VECTOR('',#2439,5.600000004024E0);
#2441=CARTESIAN_POINT('',(9.500212301718E0,6.6E0,6.E0));
#2442=LINE('',#2441,#2440);
#2443=DIRECTION('',(1.E0,0.E0,0.E0));
#2444=VECTOR('',#2443,2.6E1);
#2445=CARTESIAN_POINT('',(9.5E0,9.999999999999E-1,6.E0));
#2446=LINE('',#2445,#2444);
#2447=DIRECTION('',(0.E0,1.E0,0.E0));
#2448=VECTOR('',#2447,5.6E0);
#2449=CARTESIAN_POINT('',(3.55E1,9.999999999999E-1,6.E0));
#2450=LINE('',#2449,#2448);
#2451=DIRECTION('',(-1.E0,0.E0,0.E0));
#2452=VECTOR('',#2451,7.259667435850E0);
#2453=CARTESIAN_POINT('',(3.55E1,6.6E0,6.E0));
#2454=LINE('',#2453,#2452);
#2455=DIRECTION('',(-1.E0,0.E0,0.E0));
#2456=VECTOR('',#2455,5.809494899592E0);
#2457=CARTESIAN_POINT('',(2.549033256415E1,6.6E0,6.E0));
#2458=LINE('',#2457,#2456);
#2459=CARTESIAN_POINT('',(1.387491415287E1,4.000068842713E0,6.E0));
#2460=DIRECTION('',(0.E0,1.382976518076E-14,-1.E0));
#2461=DIRECTION('',(-9.037058261575E-3,-9.999591649552E-1,-1.361873576874E-14));
#2462=AXIS2_PLACEMENT_3D('',#2459,#2460,#2461);
#2464=CARTESIAN_POINT('',(1.387491415287E1,4.000068842713E0,6.E0));
#2465=DIRECTION('',(0.E0,1.382976518076E-14,-1.E0));
#2466=DIRECTION('',(-1.E0,0.E0,0.E0));
#2467=AXIS2_PLACEMENT_3D('',#2464,#2465,#2466);
#2469=CARTESIAN_POINT('',(1.387491415287E1,4.000068842713E0,6.E0));
#2470=DIRECTION('',(0.E0,1.382976518076E-14,-1.E0));
#2471=DIRECTION('',(-9.311239089198E-3,9.999566494737E-1,1.361873576874E-14));
#2472=AXIS2_PLACEMENT_3D('',#2469,#2470,#2471);
#2474=CARTESIAN_POINT('',(1.387491415287E1,4.000068842713E0,6.E0));
#2475=DIRECTION('',(0.E0,1.382976518076E-14,-1.E0));
#2476=DIRECTION('',(1.E0,0.E0,0.E0));
#2477=AXIS2_PLACEMENT_3D('',#2474,#2475,#2476);
#2479=CARTESIAN_POINT('',(2.25E1,4.000068842713E0,6.E0));
#2480=DIRECTION('',(0.E0,1.382976518076E-14,-1.E0));
#2481=DIRECTION('',(0.E0,1.E0,1.361873576874E-14));
#2482=AXIS2_PLACEMENT_3D('',#2479,#2480,#2481);
#2484=CARTESIAN_POINT('',(2.25E1,4.000068842713E0,6.E0));
#2485=DIRECTION('',(0.E0,1.382976518076E-14,-1.E0));
#2486=DIRECTION('',(1.E0,0.E0,0.E0));
#2487=AXIS2_PLACEMENT_3D('',#2484,#2485,#2486);
#2489=CARTESIAN_POINT('',(2.25E1,4.000068842713E0,6.E0));
#2490=DIRECTION('',(0.E0,1.382976518076E-14,-1.E0));
#2491=DIRECTION('',(0.E0,-1.E0,-1.361873576874E-14));
#2492=AXIS2_PLACEMENT_3D('',#2489,#2490,#2491);
#2494=CARTESIAN_POINT('',(2.25E1,4.000068842713E0,6.E0));
#2495=DIRECTION('',(0.E0,1.382976518076E-14,-1.E0));
#2496=DIRECTION('',(-1.E0,0.E0,0.E0));
#2497=AXIS2_PLACEMENT_3D('',#2494,#2495,#2496);
#2499=CARTESIAN_POINT('',(3.116995965359E1,4.000068842713E0,6.E0));
#2500=DIRECTION('',(0.E0,1.382976518076E-14,-1.E0));
#2501=DIRECTION('',(-3.650313490636E-3,-9.999933375835E-1,-1.361873576874E-14));
#2502=AXIS2_PLACEMENT_3D('',#2499,#2500,#2501);
#2504=CARTESIAN_POINT('',(3.116995965359E1,4.000068842713E0,6.E0));
#2505=DIRECTION('',(0.E0,1.382976518076E-14,-1.E0));
#2506=DIRECTION('',(-1.E0,0.E0,0.E0));
#2507=AXIS2_PLACEMENT_3D('',#2504,#2505,#2506);
#2509=CARTESIAN_POINT('',(3.116995965359E1,4.000068842713E0,6.E0));
#2510=DIRECTION('',(0.E0,1.382976518076E-14,-1.E0));
#2511=DIRECTION('',(-3.695131994855E-3,9.999931729765E-1,1.361873576874E-14));
#2512=AXIS2_PLACEMENT_3D('',#2509,#2510,#2511);
#2514=CARTESIAN_POINT('',(3.116995965359E1,4.000068842713E0,6.E0));
#2515=DIRECTION('',(0.E0,1.382976518076E-14,-1.E0));
#2516=DIRECTION('',(1.E0,0.E0,0.E0));
#2517=AXIS2_PLACEMENT_3D('',#2514,#2515,#2516);
#2519=DIRECTION('',(-6.207168878130E-3,9.999807353417E-1,1.480833239920E-14));
#2520=VECTOR('',#2519,8.996743141868E-2);
#2521=CARTESIAN_POINT('',(1.968069805380E1,6.6E0,3.6E0));
#2522=LINE('',#2521,#2520);
#2523=DIRECTION('',(-3.795878867925E-5,0.E0,9.999999992796E-1));
#2524=VECTOR('',#2523,3.679639056001E0);
#2525=CARTESIAN_POINT('',(1.968013961076E1,6.689965698227E0,3.6E0));
#2526=LINE('',#2525,#2524);
#2527=DIRECTION('',(-5.817114982970E-5,0.E0,-9.999999983081E-1));
#2528=VECTOR('',#2527,2.400000004061E0);
#2529=CARTESIAN_POINT('',(1.968083766456E1,6.6E0,6.E0));
#2530=LINE('',#2529,#2528);
#2531=DIRECTION('',(9.973516847695E-1,7.272975242309E-2,-4.546998342974E-13));
#2532=VECTOR('',#2531,1.269663917290E-2);
#2533=CARTESIAN_POINT('',(3.55E1,1.002308558559E0,3.6E0));
#2534=LINE('',#2533,#2532);
#2535=DIRECTION('',(0.E0,1.E0,0.E0));
#2536=VECTOR('',#2535,7.005078828829E0);
#2537=CARTESIAN_POINT('',(3.551266301447E1,1.003231981982E0,3.6E0));
#2538=LINE('',#2537,#2536);
#2539=DIRECTION('',(1.E0,-3.730349362735E-14,5.565918096779E-14));
#2540=VECTOR('',#2539,3.000000000004E0);
#2541=CARTESIAN_POINT('',(3.551266301447E1,8.008310810811E0,3.6E0));
#2542=LINE('',#2541,#2540);
#2543=DIRECTION('',(6.240056048813E-2,9.980511860876E-1,2.175418941216E-14));
#2544=VECTOR('',#2543,3.645933726903E1);
#2545=CARTESIAN_POINT('',(3.851266301447E1,8.008310810811E0,3.6E0));
#2546=LINE('',#2545,#2544);
#2547=DIRECTION('',(6.243030115723E-2,-9.980493261845E-1,-2.174196735737E-14));
#2548=VECTOR('',#2547,3.645940712508E1);
#2549=CARTESIAN_POINT('',(4.223828352599E0,4.439659561613E1,3.600000000001E0));
#2550=LINE('',#2549,#2548);
#2551=DIRECTION('',(9.999999999968E-1,-2.545090895336E-6,0.E0));
#2552=VECTOR('',#2551,3.000212182297E0);
#2553=CARTESIAN_POINT('',(6.500000119431E0,8.008308901858E0,3.6E0));
#2554=LINE('',#2553,#2552);
#2555=CARTESIAN_POINT('',(9.500212301718E0,8.008301266045E0,3.6E0));
#2556=CARTESIAN_POINT('',(9.501061510655E0,7.538867006172E0,3.6E0));
#2557=CARTESIAN_POINT('',(9.500106147753E0,7.069434835953E0,3.6E0));
#2558=CARTESIAN_POINT('',(9.500955356690E0,6.600000576080E0,3.6E0));
#2560=DIRECTION('',(-9.999999999502E-1,9.978697886628E-6,0.E0));
#2561=VECTOR('',#2560,2.749999935945E0);
#2562=CARTESIAN_POINT('',(1.968013961076E1,6.689965698227E0,3.6E0));
#2563=LINE('',#2562,#2561);
#2564=DIRECTION('',(-3.794142095826E-5,0.E0,9.999999992802E-1));
#2565=VECTOR('',#2564,3.679639760778E0);
#2566=CARTESIAN_POINT('',(1.693013967495E1,6.689993139645E0,3.6E0));
#2567=LINE('',#2566,#2565);
#2568=DIRECTION('',(6.208115438642E-3,-9.999807294657E-1,-1.973842245146E-14));
#2569=VECTOR('',#2568,8.999487389472E-2);
#2570=CARTESIAN_POINT('',(1.693013967495E1,6.689993139645E0,3.6E0));
#2571=LINE('',#2570,#2569);
#2572=DIRECTION('',(0.E0,0.E0,1.E0));
#2573=VECTOR('',#2572,1.099866227945E0);
#2574=CARTESIAN_POINT('',(1.696258940101E1,3.190144866488E0,6.E0));
#2575=LINE('',#2574,#2573);
#2576=DIRECTION('',(-1.E0,7.753705909609E-8,0.E0));
#2577=VECTOR('',#2576,7.429743016828E0);
#2578=CARTESIAN_POINT('',(1.693069837352E1,6.6E0,3.6E0));
#2579=LINE('',#2578,#2577);
#2580=DIRECTION('',(-5.819776672788E-5,0.E0,-9.999999983065E-1));
#2581=VECTOR('',#2580,2.400000004064E0);
#2582=CARTESIAN_POINT('',(1.693083804816E1,6.6E0,6.E0));
#2583=LINE('',#2582,#2581);
#2584=DIRECTION('',(2.948625320948E-5,5.334077276322E-8,-9.999999995653E-1));
#2585=VECTOR('',#2584,3.600000001564E0);
#2586=CARTESIAN_POINT('',(9.500955356690E0,6.600000576080E0,3.6E0));
#2587=LINE('',#2586,#2585);
#2588=DIRECTION('',(-1.516688234541E-4,-9.999999884983E-1,-1.570714120410E-13));
#2589=VECTOR('',#2588,5.599077409083E0);
#2590=CARTESIAN_POINT('',(9.501061507201E0,6.600000768107E0,
1.284298451375E-12));
#2591=LINE('',#2590,#2589);
#2592=DIRECTION('',(3.096062232319E-4,2.400335037820E-7,-9.999999520720E-1));
#2593=VECTOR('',#2592,2.400000115027E0);
#2594=CARTESIAN_POINT('',(9.500212301718E0,6.6E0,6.E0));
#2595=LINE('',#2594,#2593);
#2596=DIRECTION('',(6.030000910868E-4,-9.999998181954E-1,-2.825745104836E-13));
#2597=VECTOR('',#2596,1.408300753974E0);
#2598=CARTESIAN_POINT('',(9.500212301718E0,8.008301266045E0,
1.682248347543E-12));
#2599=LINE('',#2598,#2597);
#2600=DIRECTION('',(0.E0,0.E0,-1.E0));
#2601=VECTOR('',#2600,3.599999999998E0);
#2602=CARTESIAN_POINT('',(9.500212301718E0,8.008301266045E0,3.6E0));
#2603=LINE('',#2602,#2601);
#2604=DIRECTION('',(9.999999999968E-1,-2.545090895336E-6,-5.167736965984E-14));
#2605=VECTOR('',#2604,3.000212182296E0);
#2606=CARTESIAN_POINT('',(6.500000119432E0,8.008308901858E0,
1.837291421545E-12));
#2607=LINE('',#2606,#2605);
#2608=DIRECTION('',(1.480297366168E-14,0.E0,-1.E0));
#2609=VECTOR('',#2608,3.599999999998E0);
#2610=CARTESIAN_POINT('',(6.500000119431E0,8.008308901858E0,3.6E0));
#2611=LINE('',#2610,#2609);
#2612=DIRECTION('',(6.106852799371E-2,-9.762791799079E-1,-2.077248125938E-1));
#2613=VECTOR('',#2612,5.176800915444E-1);
#2614=CARTESIAN_POINT('',(4.223828352599E0,4.439659561613E1,3.600000000001E0));
#2615=LINE('',#2614,#2613);
#2616=DIRECTION('',(-1.015867687889E-13,-2.491084243345E-13,-1.E0));
#2617=VECTOR('',#2616,1.005451E0);
#2618=CARTESIAN_POINT('',(6.281549833496E0,1.150059E1,3.492465000002E0));
#2619=LINE('',#2618,#2617);
#2620=DIRECTION('',(-5.155925848832E-2,8.242581284877E-1,-5.638618452122E-1));
#2621=VECTOR('',#2620,1.219825398440E0);
#2622=CARTESIAN_POINT('',(6.281549833496E0,1.150059E1,2.487014000002E0));
#2623=LINE('',#2622,#2621);
#2624=DIRECTION('',(2.638856752374E-13,-2.777743949867E-14,-1.E0));
#2625=VECTOR('',#2624,5.11597E-1);
#2626=CARTESIAN_POINT('',(6.218656540467E0,1.2506041E1,1.799201000001E0));
#2627=LINE('',#2626,#2625);
#2628=DIRECTION('',(4.448869911619E-2,-7.112238024263E-1,-7.015564542595E-1));
#2629=VECTOR('',#2628,1.835353366334E0);
#2630=CARTESIAN_POINT('',(6.218656540467E0,1.2506041E1,1.287604000001E0));
#2631=LINE('',#2630,#2629);
#2632=DIRECTION('',(1.E0,2.079319652281E-14,0.E0));
#2633=VECTOR('',#2632,3.656391774249E1);
#2634=CARTESIAN_POINT('',(4.223828352599E0,4.439659561613E1,3.600000000001E0));
#2635=LINE('',#2634,#2633);
#2636=DIRECTION('',(-6.103943114078E-2,-9.762809207376E-1,-2.077251829935E-1));
#2637=VECTOR('',#2636,5.176791684575E-1);
#2638=CARTESIAN_POINT('',(4.078774609509E1,4.439659561613E1,3.600000000001E0));
#2639=LINE('',#2638,#2637);
#2640=DIRECTION('',(-3.967196941329E-13,0.E0,-1.E0));
#2641=VECTOR('',#2640,3.599999999998E0);
#2642=CARTESIAN_POINT('',(3.851266301447E1,8.008310810811E0,3.6E0));
#2643=LINE('',#2642,#2641);
#2644=DIRECTION('',(-1.E0,0.E0,0.E0));
#2645=VECTOR('',#2644,6.206128076962E0);
#2646=CARTESIAN_POINT('',(4.5E1,1.2506041E1,1.287604000001E0));
#2647=LINE('',#2646,#2645);
#2648=DIRECTION('',(-4.446746471756E-2,-7.112244754844E-1,-7.015571181690E-1));
#2649=VECTOR('',#2648,1.835351629471E0);
#2650=CARTESIAN_POINT('',(3.879387192304E1,1.2506041E1,1.287604000001E0));
#2651=LINE('',#2650,#2649);
#2652=DIRECTION('',(-1.E0,0.E0,0.E0));
#2653=VECTOR('',#2652,6.206128076961E0);
#2654=CARTESIAN_POINT('',(4.5E1,1.2506041E1,1.799201000001E0));
#2655=LINE('',#2654,#2653);
#2656=DIRECTION('',(-2.124974121649E-12,-2.777743949867E-14,-1.E0));
#2657=VECTOR('',#2656,5.115969999999E-1);
#2658=CARTESIAN_POINT('',(3.879387192304E1,1.2506041E1,1.799201000001E0));
#2659=LINE('',#2658,#2657);
#2660=DIRECTION('',(-1.E0,0.E0,0.E0));
#2661=VECTOR('',#2660,6.268991291611E0);
#2662=CARTESIAN_POINT('',(4.5E1,1.150059E1,2.487014000002E0));
#2663=LINE('',#2662,#2661);
#2664=DIRECTION('',(5.153466605357E-2,8.242591761555E-1,-5.638625619051E-1));
#2665=VECTOR('',#2664,1.219823847991E0);
#2666=CARTESIAN_POINT('',(3.873100870839E1,1.150059E1,2.487014000002E0));
#2667=LINE('',#2666,#2665);
#2668=DIRECTION('',(-1.E0,0.E0,0.E0));
#2669=VECTOR('',#2668,6.268991291611E0);
#2670=CARTESIAN_POINT('',(4.5E1,1.150059E1,3.492465000002E0));
#2671=LINE('',#2670,#2669);
#2672=DIRECTION('',(-1.978733583366E-13,-2.473416979207E-13,-1.E0));
#2673=VECTOR('',#2672,1.005451E0);
#2674=CARTESIAN_POINT('',(3.873100870839E1,1.150059E1,3.492465000002E0));
#2675=LINE('',#2674,#2673);
#2676=DIRECTION('',(-1.E0,0.E0,0.E0));
#2677=VECTOR('',#2676,4.243852746868E0);
#2678=CARTESIAN_POINT('',(4.5E1,4.389119532090E1,3.492465000001E0));
#2679=LINE('',#2678,#2677);
#2680=DIRECTION('',(-6.240056048806E-2,-9.980511860876E-1,1.726884641038E-14));
#2681=VECTOR('',#2680,3.245385183888E1);
#2682=CARTESIAN_POINT('',(4.075614725313E1,4.389119532090E1,3.492465000001E0));
#2683=LINE('',#2682,#2681);
#2684=DIRECTION('',(1.E0,-3.611925573444E-14,1.144817926099E-13));
#2685=VECTOR('',#2684,3.000000000003E0);
#2686=CARTESIAN_POINT('',(3.551266301447E1,8.008310810811E0,
1.493828323860E-12));
#2687=LINE('',#2686,#2685);
#2688=DIRECTION('',(0.E0,0.E0,-1.E0));
#2689=VECTOR('',#2688,3.599999999998E0);
#2690=CARTESIAN_POINT('',(3.551266301447E1,8.008310810811E0,3.6E0));
#2691=LINE('',#2690,#2689);
#2692=DIRECTION('',(0.E0,1.E0,1.486315544965E-13));
#2693=VECTOR('',#2692,7.005540540541E0);
#2694=CARTESIAN_POINT('',(3.551266301447E1,1.002770270270E0,
4.525839432315E-13));
#2695=LINE('',#2694,#2693);
#2696=DIRECTION('',(0.E0,-1.282532522314E-4,-9.999999917756E-1));
#2697=VECTOR('',#2696,3.600000029607E0);
#2698=CARTESIAN_POINT('',(3.551266301447E1,1.003231981982E0,3.6E0));
#2699=LINE('',#2698,#2697);
#2700=DIRECTION('',(3.538361924519E-5,1.539039019933E-4,-9.999999875308E-1));
#2701=VECTOR('',#2700,6.000000074815E0);
#2702=CARTESIAN_POINT('',(9.5E0,9.999999999999E-1,6.E0));
#2703=LINE('',#2702,#2701);
#2704=DIRECTION('',(0.E0,9.618989544756E-4,-9.999995373751E-1));
#2705=VECTOR('',#2704,2.400001110300E0);
#2706=CARTESIAN_POINT('',(3.55E1,9.999999999999E-1,6.E0));
#2707=LINE('',#2706,#2705);
#2708=DIRECTION('',(0.E0,1.E0,0.E0));
#2709=VECTOR('',#2708,5.597691441441E0);
#2710=CARTESIAN_POINT('',(3.55E1,1.002308558559E0,3.6E0));
#2711=LINE('',#2710,#2709);
#2712=DIRECTION('',(-1.E0,0.E0,0.E0));
#2713=VECTOR('',#2712,7.259722863208E0);
#2714=CARTESIAN_POINT('',(3.55E1,6.6E0,3.6E0));
#2715=LINE('',#2714,#2713);
#2716=DIRECTION('',(0.E0,0.E0,-1.E0));
#2717=VECTOR('',#2716,2.4E0);
#2718=CARTESIAN_POINT('',(3.55E1,6.6E0,6.E0));
#2719=LINE('',#2718,#2717);
#2720=DIRECTION('',(-2.463430673815E-3,9.999969657501E-1,0.E0));
#2721=VECTOR('',#2720,9.000027308334E-2);
#2722=CARTESIAN_POINT('',(2.824027713679E1,6.6E0,3.6E0));
#2723=LINE('',#2722,#2721);
#2724=DIRECTION('',(-1.506325384327E-5,0.E0,9.999999998865E-1));
#2725=VECTOR('',#2724,3.679640463326E0);
#2726=CARTESIAN_POINT('',(2.824005542736E1,6.69E0,3.6E0));
#2727=LINE('',#2726,#2725);
#2728=DIRECTION('',(3.690266930663E-3,-9.986765670323E-1,-5.129811293411E-2));
#2729=VECTOR('',#2728,3.504614227425E0);
#2730=CARTESIAN_POINT('',(2.824E1,6.69E0,7.279640462909E0));
#2731=LINE('',#2730,#2729);
#2732=DIRECTION('',(-3.695131996643E-3,9.999931729765E-1,0.E0));
#2733=VECTOR('',#2732,3.409999385563E0);
#2734=CARTESIAN_POINT('',(2.825293296199E1,3.190023894583E0,6.E0));
#2735=LINE('',#2734,#2733);
#2736=DIRECTION('',(-2.309473262680E-5,0.E0,-9.999999997333E-1));
#2737=VECTOR('',#2736,2.400000000640E0);
#2738=CARTESIAN_POINT('',(2.824033256415E1,6.6E0,6.E0));
#2739=LINE('',#2738,#2737);
#2740=DIRECTION('',(-1.E0,0.E0,0.E0));
#2741=VECTOR('',#2740,2.749999999999E0);
#2742=CARTESIAN_POINT('',(2.824005542736E1,6.69E0,3.6E0));
#2743=LINE('',#2742,#2741);
#2744=DIRECTION('',(-1.506325358838E-5,0.E0,9.999999998865E-1));
#2745=VECTOR('',#2744,3.679640463326E0);
#2746=CARTESIAN_POINT('',(2.549005542736E1,6.69E0,3.6E0));
#2747=LINE('',#2746,#2745);
#2748=DIRECTION('',(2.463430673775E-3,-9.999969657501E-1,-1.480292874574E-14));
#2749=VECTOR('',#2748,9.000027308334E-2);
#2750=CARTESIAN_POINT('',(2.549005542736E1,6.69E0,3.6E0));
#2751=LINE('',#2750,#2749);
#2752=DIRECTION('',(3.695131996646E-3,-9.999931729765E-1,0.E0));
#2753=VECTOR('',#2752,3.409999385563E0);
#2754=CARTESIAN_POINT('',(2.549033256415E1,6.6E0,6.E0));
#2755=LINE('',#2754,#2753);
#2756=DIRECTION('',(0.E0,0.E0,1.E0));
#2757=VECTOR('',#2756,1.099860366480E0);
#2758=CARTESIAN_POINT('',(2.550293296199E1,3.190023894583E0,6.E0));
#2759=LINE('',#2758,#2757);
#2760=DIRECTION('',(-3.690266930663E-3,9.986765670323E-1,5.129811293411E-2));
#2761=VECTOR('',#2760,3.504614227425E0);
#2762=CARTESIAN_POINT('',(2.550293296199E1,3.190023894583E0,7.099860366480E0));
#2763=LINE('',#2762,#2761);
#2764=DIRECTION('',(-1.E0,0.E0,0.E0));
#2765=VECTOR('',#2764,5.809579082992E0);
#2766=CARTESIAN_POINT('',(2.549027713679E1,6.6E0,3.6E0));
#2767=LINE('',#2766,#2765);
#2768=DIRECTION('',(-2.309473302944E-5,0.E0,-9.999999997333E-1));
#2769=VECTOR('',#2768,2.400000000640E0);
#2770=CARTESIAN_POINT('',(2.549033256415E1,6.6E0,6.E0));
#2771=LINE('',#2770,#2769);
#2772=DIRECTION('',(1.E0,0.E0,0.E0));
#2773=VECTOR('',#2772,2.749999999998E0);
#2774=CARTESIAN_POINT('',(2.550293296199E1,3.190023894583E0,6.E0));
#2775=LINE('',#2774,#2773);
#2776=DIRECTION('',(2.584119793439E-14,0.E0,1.E0));
#2777=VECTOR('',#2776,1.099860366480E0);
#2778=CARTESIAN_POINT('',(2.825293296199E1,3.190023894583E0,6.E0));
#2779=LINE('',#2778,#2777);
#2780=DIRECTION('',(-6.243030115723E-2,9.980493261845E-1,-1.726881422929E-14));
#2781=VECTOR('',#2780,3.245391231787E1);
#2782=CARTESIAN_POINT('',(6.281549833496E0,1.150059E1,3.492465000002E0));
#2783=LINE('',#2782,#2781);
#2784=DIRECTION('',(-1.E0,0.E0,0.E0));
#2785=VECTOR('',#2784,4.255442313761E0);
#2786=CARTESIAN_POINT('',(4.255442313761E0,4.389119532090E1,3.492465000001E0));
#2787=LINE('',#2786,#2785);
#2788=DIRECTION('',(0.E0,-1.E0,1.728885545895E-14));
#2789=VECTOR('',#2788,3.239060532090E1);
#2790=CARTESIAN_POINT('',(0.E0,4.389119532090E1,3.492465000001E0));
#2791=LINE('',#2790,#2789);
#2792=DIRECTION('',(-1.E0,0.E0,0.E0));
#2793=VECTOR('',#2792,6.281549833496E0);
#2794=CARTESIAN_POINT('',(6.281549833496E0,1.150059E1,3.492465000002E0));
#2795=LINE('',#2794,#2793);
#2796=DIRECTION('',(0.E0,-2.491084243345E-13,-1.E0));
#2797=VECTOR('',#2796,1.005451E0);
#2798=CARTESIAN_POINT('',(0.E0,1.150059E1,3.492465000002E0));
#2799=LINE('',#2798,#2797);
#2800=DIRECTION('',(-1.E0,0.E0,0.E0));
#2801=VECTOR('',#2800,6.281549833496E0);
#2802=CARTESIAN_POINT('',(6.281549833496E0,1.150059E1,2.487014000002E0));
#2803=LINE('',#2802,#2801);
#2804=DIRECTION('',(-1.E0,0.E0,0.E0));
#2805=VECTOR('',#2804,6.218656540467E0);
#2806=CARTESIAN_POINT('',(6.218656540467E0,1.2506041E1,1.799201000001E0));
#2807=LINE('',#2806,#2805);
#2808=DIRECTION('',(0.E0,-2.777743949867E-14,-1.E0));
#2809=VECTOR('',#2808,5.115969999999E-1);
#2810=CARTESIAN_POINT('',(0.E0,1.2506041E1,1.799201000001E0));
#2811=LINE('',#2810,#2809);
#2812=DIRECTION('',(-1.E0,0.E0,0.E0));
#2813=VECTOR('',#2812,6.218656540467E0);
#2814=CARTESIAN_POINT('',(6.218656540467E0,1.2506041E1,1.287604000001E0));
#2815=LINE('',#2814,#2813);
#2816=DIRECTION('',(9.999999999502E-1,-9.978697996665E-6,0.E0));
#2817=VECTOR('',#2816,2.749999872065E0);
#2818=CARTESIAN_POINT('',(1.696258940101E1,3.190144866488E0,6.E0));
#2819=LINE('',#2818,#2817);
#2820=DIRECTION('',(3.133230559423E-13,0.E0,1.E0));
#2821=VECTOR('',#2820,1.099865523165E0);
#2822=CARTESIAN_POINT('',(1.971258927294E1,3.190117425070E0,6.E0));
#2823=LINE('',#2822,#2821);
#2824=CARTESIAN_POINT('',(1.387491415287E1,4.000068842713E0,6.E0));
#2825=DIRECTION('',(0.E0,-1.382976518076E-14,1.E0));
#2826=DIRECTION('',(-9.037058261575E-3,-9.999591649552E-1,-1.361873576874E-14));
#2827=AXIS2_PLACEMENT_3D('',#2824,#2825,#2826);
#2829=DIRECTION('',(-5.572083560992E-5,6.273289013285E-5,9.999999964799E-1));
#2830=VECTOR('',#2829,1.218526851311E0);
#2831=CARTESIAN_POINT('',(1.386094729424E1,5.500003816923E0,6.E0));
#2832=LINE('',#2831,#2830);
#2833=DIRECTION('',(8.420185423239E-12,5.480344835953E-5,9.999999984983E-1));
#2834=VECTOR('',#2833,1.218528641431E0);
#2835=CARTESIAN_POINT('',(2.25E1,5.500068842713E0,6.E0));
#2836=LINE('',#2835,#2834);
#2837=DIRECTION('',(3.551345933499E-12,-6.273859236906E-5,9.999999980319E-1));
#2838=VECTOR('',#2837,1.064409782947E0);
#2839=CARTESIAN_POINT('',(2.25E1,2.500068842713E0,6.E0));
#2840=LINE('',#2839,#2838);
#2841=DIRECTION('',(-6.506151812352E-5,-6.604486489310E-5,9.999999957025E-1));
#2842=VECTOR('',#2841,1.064409285471E0);
#2843=CARTESIAN_POINT('',(3.116443935408E1,2.500076049016E0,6.E0));
#2844=LINE('',#2843,#2842);
#2845=CARTESIAN_POINT('',(3.116443935408E1,2.500076049016E0,6.E0));
#2846=CARTESIAN_POINT('',(3.116563745573E1,2.500071621842E0,6.E0));
#2847=CARTESIAN_POINT('',(3.116811731171E1,2.500069231171E0,6.E0));
#2848=CARTESIAN_POINT('',(3.117180572855E1,2.500070141446E0,6.E0));
#2849=CARTESIAN_POINT('',(3.117427065221E1,2.500070104717E0,6.E0));
#2850=CARTESIAN_POINT('',(3.117546875634E1,2.500074531900E0,6.E0));
#2852=DIRECTION('',(-3.878027543772E-5,6.022464407221E-5,9.999999974345E-1));
#2853=VECTOR('',#2852,1.218529150860E0);
#2854=CARTESIAN_POINT('',(3.116441695560E1,5.500058602178E0,6.E0));
#2855=LINE('',#2854,#2853);
#2856=DIRECTION('',(0.E0,0.E0,-1.E0));
#2857=VECTOR('',#2856,6.936001303988E0);
#2858=CARTESIAN_POINT('',(4.36E1,0.E0,6.936001303988E0));
#2859=LINE('',#2858,#2857);
#2860=DIRECTION('',(-1.E0,0.E0,0.E0));
#2861=VECTOR('',#2860,4.22E1);
#2862=CARTESIAN_POINT('',(4.36E1,0.E0,0.E0));
#2863=LINE('',#2862,#2861);
#2864=DIRECTION('',(0.E0,0.E0,-1.E0));
#2865=VECTOR('',#2864,6.936001303988E0);
#2866=CARTESIAN_POINT('',(1.4E0,0.E0,6.936001303988E0));
#2867=LINE('',#2866,#2865);
#2868=DIRECTION('',(0.E0,9.986604858275E-1,5.174199500267E-2));
#2869=VECTOR('',#2868,1.406223656517E0);
#2870=CARTESIAN_POINT('',(1.4E0,5.100566E1,3.373814585559E1));
#2871=LINE('',#2870,#2869);
#2872=DIRECTION('',(0.E0,0.E0,1.E0));
#2873=VECTOR('',#2872,1.145814585559E1);
#2874=CARTESIAN_POINT('',(1.4E0,5.100566E1,2.228E1));
#2875=LINE('',#2874,#2873);
#2876=DIRECTION('',(0.E0,0.E0,1.E0));
#2877=VECTOR('',#2876,1.851637406809E-1);
#2878=CARTESIAN_POINT('',(1.4E0,5.100566E1,7.094836259320E0));
#2879=LINE('',#2878,#2877);
#2880=DIRECTION('',(0.E0,-9.986834440951E-1,5.129696375403E-2));
#2881=VECTOR('',#2880,6.799924480728E0);
#2882=CARTESIAN_POINT('',(1.4E0,5.7796632E1,6.746020779702E0));
#2883=LINE('',#2882,#2881);
#2884=DIRECTION('',(0.E0,0.E0,1.E0));
#2885=VECTOR('',#2884,6.746020779701E0);
#2886=CARTESIAN_POINT('',(1.4E0,5.7796632E1,8.488437451518E-13));
#2887=LINE('',#2886,#2885);
#2888=DIRECTION('',(0.E0,0.E0,-1.E0));
#2889=VECTOR('',#2888,6.746020779702E0);
#2890=CARTESIAN_POINT('',(1.4E0,2.03368E-1,6.746020779702E0));
#2891=LINE('',#2890,#2889);
#2892=DIRECTION('',(0.E0,-9.986834440951E-1,-5.129696375403E-2));
#2893=VECTOR('',#2892,6.799924480728E0);
#2894=CARTESIAN_POINT('',(1.4E0,6.99434E0,7.094836259320E0));
#2895=LINE('',#2894,#2893);
#2896=DIRECTION('',(0.E0,0.E0,-1.E0));
#2897=VECTOR('',#2896,1.851637406797E-1);
#2898=CARTESIAN_POINT('',(1.4E0,6.99434E0,7.28E0));
#2899=LINE('',#2898,#2897);
#2900=DIRECTION('',(0.E0,0.E0,-1.E0));
#2901=VECTOR('',#2900,1.145814585559E1);
#2902=CARTESIAN_POINT('',(1.4E0,6.99434E0,3.373814585559E1));
#2903=LINE('',#2902,#2901);
#2904=DIRECTION('',(0.E0,9.986604858275E-1,-5.174199500267E-2));
#2905=VECTOR('',#2904,1.406223656517E0);
#2906=CARTESIAN_POINT('',(1.4E0,5.590000000001E0,3.381090667300E1));
#2907=LINE('',#2906,#2905);
#2908=DIRECTION('',(0.E0,9.986604858275E-1,5.174199500268E-2));
#2909=VECTOR('',#2908,1.205955394342E0);
#2910=CARTESIAN_POINT('',(4.36E1,5.120566E1,3.354823987284E1));
#2911=LINE('',#2910,#2909);
#2912=DIRECTION('',(-1.E0,4.481741303086E-14,9.336961048096E-14));
#2913=VECTOR('',#2912,7.61E0);
#2914=CARTESIAN_POINT('',(4.36E1,5.241E1,3.361063841083E1));
#2915=LINE('',#2914,#2913);
#2916=DIRECTION('',(-1.E0,0.E0,0.E0));
#2917=VECTOR('',#2916,8.3E-1);
#2918=CARTESIAN_POINT('',(3.599E1,5.4998021E1,3.374472739457E1));
#2919=LINE('',#2918,#2917);
#2920=DIRECTION('',(-1.E0,0.E0,0.E0));
#2921=VECTOR('',#2920,7.83E0);
#2922=CARTESIAN_POINT('',(3.516E1,5.241E1,3.361063841083E1));
#2923=LINE('',#2922,#2921);
#2924=DIRECTION('',(-1.E0,0.E0,0.E0));
#2925=VECTOR('',#2924,8.1E-1);
#2926=CARTESIAN_POINT('',(2.733E1,5.4998021E1,3.374472739457E1));
#2927=LINE('',#2926,#2925);
#2928=DIRECTION('',(-1.E0,0.E0,0.E0));
#2929=VECTOR('',#2928,7.83E0);
#2930=CARTESIAN_POINT('',(2.652E1,5.241E1,3.361063841083E1));
#2931=LINE('',#2930,#2929);
#2932=DIRECTION('',(-1.E0,0.E0,0.E0));
#2933=VECTOR('',#2932,8.3E-1);
#2934=CARTESIAN_POINT('',(1.869E1,5.4998021E1,3.374472739457E1));
#2935=LINE('',#2934,#2933);
#2936=DIRECTION('',(-1.E0,0.E0,0.E0));
#2937=VECTOR('',#2936,7.83E0);
#2938=CARTESIAN_POINT('',(1.786E1,5.241E1,3.361063841083E1));
#2939=LINE('',#2938,#2937);
#2940=DIRECTION('',(-1.E0,0.E0,0.E0));
#2941=VECTOR('',#2940,8.1E-1);
#2942=CARTESIAN_POINT('',(1.003E1,5.4998021E1,3.374472739457E1));
#2943=LINE('',#2942,#2941);
#2944=DIRECTION('',(-1.E0,-4.452249878804E-14,-9.086224242457E-14));
#2945=VECTOR('',#2944,7.82E0);
#2946=CARTESIAN_POINT('',(9.22E0,5.241E1,3.361063841083E1));
#2947=LINE('',#2946,#2945);
#2948=DIRECTION('',(0.E0,9.986604858275E-1,5.174199500268E-2));
#2949=VECTOR('',#2948,1.205955394342E0);
#2950=CARTESIAN_POINT('',(1.4E0,5.120566E1,3.354823987284E1));
#2951=LINE('',#2950,#2949);
#2952=DIRECTION('',(0.E0,1.E0,0.E0));
#2953=VECTOR('',#2952,2.588021E0);
#2954=CARTESIAN_POINT('',(3.599E1,5.241E1,5.653E1));
#2955=LINE('',#2954,#2953);
#2956=DIRECTION('',(0.E0,0.E0,-1.E0));
#2957=VECTOR('',#2956,2.278527260543E1);
#2958=CARTESIAN_POINT('',(3.599E1,5.4998021E1,5.653E1));
#2959=LINE('',#2958,#2957);
#2960=DIRECTION('',(0.E0,-9.986604858275E-1,-5.174199500230E-2));
#2961=VECTOR('',#2960,2.591492340718E0);
#2962=CARTESIAN_POINT('',(3.599E1,5.4998021E1,3.374472739457E1));
#2963=LINE('',#2962,#2961);
#2964=DIRECTION('',(0.E0,1.612096485139E-14,1.E0));
#2965=VECTOR('',#2964,2.291936158917E1);
#2966=CARTESIAN_POINT('',(3.599E1,5.241E1,3.361063841083E1));
#2967=LINE('',#2966,#2965);
#2968=DIRECTION('',(-1.E0,0.E0,1.712151170506E-14));
#2969=VECTOR('',#2968,8.3E-1);
#2970=CARTESIAN_POINT('',(3.599E1,5.241E1,5.653E1));
#2971=LINE('',#2970,#2969);
#2972=DIRECTION('',(-1.E0,0.E0,0.E0));
#2973=VECTOR('',#2972,8.3E-1);
#2974=CARTESIAN_POINT('',(3.599E1,5.4998021E1,5.653E1));
#2975=LINE('',#2974,#2973);
#2976=DIRECTION('',(0.E0,0.E0,-1.E0));
#2977=VECTOR('',#2976,2.278527260543E1);
#2978=CARTESIAN_POINT('',(3.516E1,5.4998021E1,5.653E1));
#2979=LINE('',#2978,#2977);
#2980=DIRECTION('',(0.E0,-1.E0,0.E0));
#2981=VECTOR('',#2980,2.588021E0);
#2982=CARTESIAN_POINT('',(3.516E1,5.4998021E1,5.653E1));
#2983=LINE('',#2982,#2981);
#2984=DIRECTION('',(0.E0,9.986604858275E-1,5.174199500229E-2));
#2985=VECTOR('',#2984,2.591492340718E0);
#2986=CARTESIAN_POINT('',(3.516E1,5.241E1,3.361063841083E1));
#2987=LINE('',#2986,#2985);
#2988=DIRECTION('',(0.E0,1.E0,0.E0));
#2989=VECTOR('',#2988,2.588021E0);
#2990=CARTESIAN_POINT('',(2.733E1,5.241E1,5.653E1));
#2991=LINE('',#2990,#2989);
#2992=DIRECTION('',(0.E0,0.E0,-1.E0));
#2993=VECTOR('',#2992,2.278527260543E1);
#2994=CARTESIAN_POINT('',(2.733E1,5.4998021E1,5.653E1));
#2995=LINE('',#2994,#2993);
#2996=DIRECTION('',(0.E0,-9.986604858275E-1,-5.174199500230E-2));
#2997=VECTOR('',#2996,2.591492340718E0);
#2998=CARTESIAN_POINT('',(2.733E1,5.4998021E1,3.374472739457E1));
#2999=LINE('',#2998,#2997);
#3000=DIRECTION('',(0.E0,1.612096485139E-14,1.E0));
#3001=VECTOR('',#3000,2.291936158917E1);
#3002=CARTESIAN_POINT('',(2.733E1,5.241E1,3.361063841083E1));
#3003=LINE('',#3002,#3001);
#3004=DIRECTION('',(-1.E0,0.E0,1.754426508050E-14));
#3005=VECTOR('',#3004,8.1E-1);
#3006=CARTESIAN_POINT('',(2.733E1,5.241E1,5.653E1));
#3007=LINE('',#3006,#3005);
#3008=DIRECTION('',(-1.E0,0.E0,0.E0));
#3009=VECTOR('',#3008,8.1E-1);
#3010=CARTESIAN_POINT('',(2.733E1,5.4998021E1,5.653E1));
#3011=LINE('',#3010,#3009);
#3012=DIRECTION('',(0.E0,0.E0,-1.E0));
#3013=VECTOR('',#3012,2.278527260543E1);
#3014=CARTESIAN_POINT('',(2.652E1,5.4998021E1,5.653E1));
#3015=LINE('',#3014,#3013);
#3016=DIRECTION('',(0.E0,-1.E0,0.E0));
#3017=VECTOR('',#3016,2.588021E0);
#3018=CARTESIAN_POINT('',(2.652E1,5.4998021E1,5.653E1));
#3019=LINE('',#3018,#3017);
#3020=DIRECTION('',(0.E0,9.986604858275E-1,5.174199500229E-2));
#3021=VECTOR('',#3020,2.591492340718E0);
#3022=CARTESIAN_POINT('',(2.652E1,5.241E1,3.361063841083E1));
#3023=LINE('',#3022,#3021);
#3024=DIRECTION('',(0.E0,1.E0,0.E0));
#3025=VECTOR('',#3024,2.588021E0);
#3026=CARTESIAN_POINT('',(1.869E1,5.241E1,5.653E1));
#3027=LINE('',#3026,#3025);
#3028=DIRECTION('',(0.E0,0.E0,-1.E0));
#3029=VECTOR('',#3028,2.278527260543E1);
#3030=CARTESIAN_POINT('',(1.869E1,5.4998021E1,5.653E1));
#3031=LINE('',#3030,#3029);
#3032=DIRECTION('',(0.E0,-9.986604858275E-1,-5.174199500230E-2));
#3033=VECTOR('',#3032,2.591492340718E0);
#3034=CARTESIAN_POINT('',(1.869E1,5.4998021E1,3.374472739457E1));
#3035=LINE('',#3034,#3033);
#3036=DIRECTION('',(0.E0,1.612096485139E-14,1.E0));
#3037=VECTOR('',#3036,2.291936158917E1);
#3038=CARTESIAN_POINT('',(1.869E1,5.241E1,3.361063841083E1));
#3039=LINE('',#3038,#3037);
#3040=DIRECTION('',(-1.E0,0.E0,1.712151170506E-14));
#3041=VECTOR('',#3040,8.3E-1);
#3042=CARTESIAN_POINT('',(1.869E1,5.241E1,5.653E1));
#3043=LINE('',#3042,#3041);
#3044=DIRECTION('',(-1.E0,0.E0,0.E0));
#3045=VECTOR('',#3044,8.3E-1);
#3046=CARTESIAN_POINT('',(1.869E1,5.4998021E1,5.653E1));
#3047=LINE('',#3046,#3045);
#3048=DIRECTION('',(0.E0,0.E0,-1.E0));
#3049=VECTOR('',#3048,2.278527260543E1);
#3050=CARTESIAN_POINT('',(1.786E1,5.4998021E1,5.653E1));
#3051=LINE('',#3050,#3049);
#3052=DIRECTION('',(0.E0,-1.E0,0.E0));
#3053=VECTOR('',#3052,2.588021E0);
#3054=CARTESIAN_POINT('',(1.786E1,5.4998021E1,5.653E1));
#3055=LINE('',#3054,#3053);
#3056=DIRECTION('',(0.E0,9.986604858275E-1,5.174199500229E-2));
#3057=VECTOR('',#3056,2.591492340718E0);
#3058=CARTESIAN_POINT('',(1.786E1,5.241E1,3.361063841083E1));
#3059=LINE('',#3058,#3057);
#3060=DIRECTION('',(0.E0,1.E0,0.E0));
#3061=VECTOR('',#3060,2.588021E0);
#3062=CARTESIAN_POINT('',(1.003E1,5.241E1,5.653E1));
#3063=LINE('',#3062,#3061);
#3064=DIRECTION('',(0.E0,0.E0,-1.E0));
#3065=VECTOR('',#3064,2.278527260543E1);
#3066=CARTESIAN_POINT('',(1.003E1,5.4998021E1,5.653E1));
#3067=LINE('',#3066,#3065);
#3068=DIRECTION('',(0.E0,-9.986604858275E-1,-5.174199500230E-2));
#3069=VECTOR('',#3068,2.591492340718E0);
#3070=CARTESIAN_POINT('',(1.003E1,5.4998021E1,3.374472739457E1));
#3071=LINE('',#3070,#3069);
#3072=DIRECTION('',(0.E0,1.612096485139E-14,1.E0));
#3073=VECTOR('',#3072,2.291936158917E1);
#3074=CARTESIAN_POINT('',(1.003E1,5.241E1,3.361063841083E1));
#3075=LINE('',#3074,#3073);
#3076=DIRECTION('',(-1.E0,0.E0,1.754426508050E-14));
#3077=VECTOR('',#3076,8.1E-1);
#3078=CARTESIAN_POINT('',(1.003E1,5.241E1,5.653E1));
#3079=LINE('',#3078,#3077);
#3080=DIRECTION('',(-1.E0,0.E0,0.E0));
#3081=VECTOR('',#3080,8.1E-1);
#3082=CARTESIAN_POINT('',(1.003E1,5.4998021E1,5.653E1));
#3083=LINE('',#3082,#3081);
#3084=DIRECTION('',(0.E0,0.E0,-1.E0));
#3085=VECTOR('',#3084,2.278527260543E1);
#3086=CARTESIAN_POINT('',(9.22E0,5.4998021E1,5.653E1));
#3087=LINE('',#3086,#3085);
#3088=DIRECTION('',(0.E0,-1.E0,0.E0));
#3089=VECTOR('',#3088,2.588021E0);
#3090=CARTESIAN_POINT('',(9.22E0,5.4998021E1,5.653E1));
#3091=LINE('',#3090,#3089);
#3092=DIRECTION('',(0.E0,9.986604858275E-1,5.174199500229E-2));
#3093=VECTOR('',#3092,2.591492340718E0);
#3094=CARTESIAN_POINT('',(9.22E0,5.241E1,3.361063841083E1));
#3095=LINE('',#3094,#3093);
#3096=DIRECTION('',(0.E0,-1.450313723075E-14,1.E0));
#3097=VECTOR('',#3096,1.126823987284E1);
#3098=CARTESIAN_POINT('',(4.36E1,5.120566E1,2.228E1));
#3099=LINE('',#3098,#3097);
#3100=DIRECTION('',(-1.E0,0.E0,0.E0));
#3101=VECTOR('',#3100,4.22E1);
#3102=CARTESIAN_POINT('',(4.36E1,5.120566E1,3.354823987284E1));
#3103=LINE('',#3102,#3101);
#3104=DIRECTION('',(0.E0,-1.450313723075E-14,1.E0));
#3105=VECTOR('',#3104,1.126823987284E1);
#3106=CARTESIAN_POINT('',(1.4E0,5.120566E1,2.228E1));
#3107=LINE('',#3106,#3105);
#3108=DIRECTION('',(0.E0,2.060993712334E-6,-9.999999999979E-1));
#3109=VECTOR('',#3108,1.499788977524E1);
#3110=CARTESIAN_POINT('',(7.881812710169E0,5.120566E1,2.228E1));
#3111=LINE('',#3110,#3109);
#3112=DIRECTION('',(-1.E0,0.E0,0.E0));
#3113=VECTOR('',#3112,6.481812710169E0);
#3114=CARTESIAN_POINT('',(7.881812710169E0,5.120566E1,2.228E1));
#3115=LINE('',#3114,#3113);
#3116=DIRECTION('',(0.E0,1.E0,0.E0));
#3117=VECTOR('',#3116,2.000000000002E-1);
#3118=CARTESIAN_POINT('',(1.4E0,5.100566E1,2.228E1));
#3119=LINE('',#3118,#3117);
#3120=DIRECTION('',(1.E0,0.E0,1.776356839400E-14));
#3121=VECTOR('',#3120,4.E-1);
#3122=CARTESIAN_POINT('',(1.E0,5.100566E1,2.228E1));
#3123=LINE('',#3122,#3121);
#3124=DIRECTION('',(0.E0,1.E0,0.E0));
#3125=VECTOR('',#3124,1.2E0);
#3126=CARTESIAN_POINT('',(7.881812710169E0,5.000566E1,2.228E1));
#3127=LINE('',#3126,#3125);
#3128=DIRECTION('',(1.E0,0.E0,0.E0));
#3129=VECTOR('',#3128,1.4E0);
#3130=CARTESIAN_POINT('',(0.E0,5.100566E1,7.094836259320E0));
#3131=LINE('',#3130,#3129);
#3132=DIRECTION('',(1.E0,0.E0,0.E0));
#3133=VECTOR('',#3132,1.4E0);
#3134=CARTESIAN_POINT('',(0.E0,5.7796632E1,6.746020779702E0));
#3135=LINE('',#3134,#3133);
#3136=DIRECTION('',(9.999999988334E-1,-1.430644065975E-5,-4.613544593022E-5));
#3137=VECTOR('',#3136,6.481812717731E0);
#3138=CARTESIAN_POINT('',(1.4E0,5.120578364223E1,7.282409266113E0));
#3139=LINE('',#3138,#3137);
#3140=DIRECTION('',(4.734775974597E-7,9.999999190974E-1,-4.022499673092E-4));
#3141=VECTOR('',#3140,1.000000080902E0);
#3142=CARTESIAN_POINT('',(1.000002366360E0,5.000566E1,7.280402250001E0));
#3143=LINE('',#3142,#3141);
#3144=DIRECTION('',(1.E0,0.E0,-3.774785083171E-14));
#3145=VECTOR('',#3144,3.999971601620E-1);
#3146=CARTESIAN_POINT('',(1.000002839838E0,5.100566E1,7.280000000001E0));
#3147=LINE('',#3146,#3145);
#3148=DIRECTION('',(0.E0,9.999275404644E-1,1.203801565277E-2));
#3149=VECTOR('',#3148,2.001381441427E-1);
#3150=CARTESIAN_POINT('',(1.4E0,5.100566E1,7.280000000001E0));
#3151=LINE('',#3150,#3149);
#3152=DIRECTION('',(0.E0,9.999989871447E-1,1.423274223213E-3));
#3153=VECTOR('',#3152,1.200032126015E0);
#3154=CARTESIAN_POINT('',(7.881812710169E0,5.000566E1,7.280402250001E0));
#3155=LINE('',#3154,#3153);
#3156=DIRECTION('',(0.E0,0.E0,1.E0));
#3157=VECTOR('',#3156,1.499959775E1);
#3158=CARTESIAN_POINT('',(7.881812710169E0,5.000566E1,7.280402250001E0));
#3159=LINE('',#3158,#3157);
#3160=DIRECTION('',(-1.E0,-1.032493638745E-14,0.E0));
#3161=VECTOR('',#3160,6.881812236863E0);
#3162=CARTESIAN_POINT('',(7.881812710169E0,5.000566E1,2.228E1));
#3163=LINE('',#3162,#3161);
#3164=DIRECTION('',(1.262069880776E-7,0.E0,-1.E0));
#3165=VECTOR('',#3164,1.499959775E1);
#3166=CARTESIAN_POINT('',(1.000000473306E0,5.000566E1,2.228E1));
#3167=LINE('',#3166,#3165);
#3168=DIRECTION('',(1.E0,0.E0,-1.664896450458E-14));
#3169=VECTOR('',#3168,6.881810343809E0);
#3170=CARTESIAN_POINT('',(1.000002366360E0,5.000566E1,7.280402250001E0));
#3171=LINE('',#3170,#3169);
#3172=DIRECTION('',(-1.893225364332E-7,0.E0,1.E0));
#3173=VECTOR('',#3172,1.5E1);
#3174=CARTESIAN_POINT('',(1.000002839838E0,5.100566E1,7.280000000001E0));
#3175=LINE('',#3174,#3173);
#3176=DIRECTION('',(-4.733063565521E-7,9.999999999999E-1,1.065814103640E-14));
#3177=VECTOR('',#3176,9.999999999999E-1);
#3178=CARTESIAN_POINT('',(1.000000473306E0,5.000566E1,2.228E1));
#3179=LINE('',#3178,#3177);
#3180=DIRECTION('',(1.E0,0.E0,0.E0));
#3181=VECTOR('',#3180,1.4E0);
#3182=CARTESIAN_POINT('',(0.E0,5.100566E1,3.373814585559E1));
#3183=LINE('',#3182,#3181);
#3184=DIRECTION('',(0.E0,9.986604858275E-1,5.174199500267E-2));
#3185=VECTOR('',#3184,2.391224078543E0);
#3186=CARTESIAN_POINT('',(1.39E0,5.241E1,3.381090667300E1));
#3187=LINE('',#3186,#3185);
#3188=DIRECTION('',(0.E0,3.659190923132E-14,1.E0));
#3189=VECTOR('',#3188,2.271909332700E1);
#3190=CARTESIAN_POINT('',(1.39E0,5.241E1,3.381090667300E1));
#3191=LINE('',#3190,#3189);
#3192=DIRECTION('',(0.E0,1.E0,0.E0));
#3193=VECTOR('',#3192,2.388020999999E0);
#3194=CARTESIAN_POINT('',(1.39E0,5.241E1,5.653E1));
#3195=LINE('',#3194,#3193);
#3196=DIRECTION('',(0.E0,0.E0,-1.E0));
#3197=VECTOR('',#3196,2.259536662267E1);
#3198=CARTESIAN_POINT('',(1.39E0,5.4798021E1,5.653E1));
#3199=LINE('',#3198,#3197);
#3200=DIRECTION('',(1.E0,0.E0,0.E0));
#3201=VECTOR('',#3200,1.39E0);
#3202=CARTESIAN_POINT('',(0.E0,5.4798021E1,5.653E1));
#3203=LINE('',#3202,#3201);
#3204=DIRECTION('',(-1.E0,-8.178909188605E-14,-1.022363648576E-14));
#3205=VECTOR('',#3204,1.39E0);
#3206=CARTESIAN_POINT('',(1.39E0,5.241E1,5.653E1));
#3207=LINE('',#3206,#3205);
#3208=DIRECTION('',(0.E0,1.E0,0.E0));
#3209=VECTOR('',#3208,2.388021E0);
#3210=CARTESIAN_POINT('',(0.E0,5.241E1,5.653E1));
#3211=LINE('',#3210,#3209);
#3212=DIRECTION('',(1.E0,0.E0,0.E0));
#3213=VECTOR('',#3212,1.39E0);
#3214=CARTESIAN_POINT('',(0.E0,5.4798021E1,3.393463337733E1));
#3215=LINE('',#3214,#3213);
#3216=DIRECTION('',(-4.974498971048E-14,2.060993712334E-6,-9.999999999979E-1));
#3217=VECTOR('',#3216,1.499788977524E1);
#3218=CARTESIAN_POINT('',(3.711818728990E1,5.120566E1,2.228E1));
#3219=LINE('',#3218,#3217);
#3220=DIRECTION('',(0.E0,1.E0,0.E0));
#3221=VECTOR('',#3220,1.2E0);
#3222=CARTESIAN_POINT('',(3.711818728990E1,5.000566E1,2.228E1));
#3223=LINE('',#3222,#3221);
#3224=DIRECTION('',(-6.157872186674E-13,9.999989871447E-1,1.423274223249E-3));
#3225=VECTOR('',#3224,1.200032126015E0);
#3226=CARTESIAN_POINT('',(3.711818728990E1,5.000566E1,7.280402250001E0));
#3227=LINE('',#3226,#3225);
#3228=DIRECTION('',(9.999999988334E-1,1.430644066209E-5,4.613544590878E-5));
#3229=VECTOR('',#3228,6.481812717662E0);
#3230=CARTESIAN_POINT('',(3.711818728990E1,5.120569091056E1,7.282110224793E0));
#3231=LINE('',#3230,#3229);
#3232=DIRECTION('',(0.E0,9.999275404644E-1,1.203801565343E-2));
#3233=VECTOR('',#3232,2.001381441428E-1);
#3234=CARTESIAN_POINT('',(4.36E1,5.100566E1,7.280000000001E0));
#3235=LINE('',#3234,#3233);
#3236=DIRECTION('',(-1.E0,0.E0,0.E0));
#3237=VECTOR('',#3236,4.E-1);
#3238=CARTESIAN_POINT('',(4.4E1,5.100566E1,7.280000000001E0));
#3239=LINE('',#3238,#3237);
#3240=DIRECTION('',(0.E0,0.E0,-1.E0));
#3241=VECTOR('',#3240,1.5E1);
#3242=CARTESIAN_POINT('',(4.4E1,5.100566E1,2.228E1));
#3243=LINE('',#3242,#3241);
#3244=DIRECTION('',(0.E0,9.999999190975E-1,-4.022499674381E-4));
#3245=VECTOR('',#3244,1.000000080902E0);
#3246=CARTESIAN_POINT('',(4.4E1,5.000566E1,7.280402250001E0));
#3247=LINE('',#3246,#3245);
#3248=DIRECTION('',(-1.E0,0.E0,0.E0));
#3249=VECTOR('',#3248,6.481812710100E0);
#3250=CARTESIAN_POINT('',(4.36E1,5.120566E1,2.228E1));
#3251=LINE('',#3250,#3249);
#3252=DIRECTION('',(0.E0,1.E0,0.E0));
#3253=VECTOR('',#3252,9.999999999997E-1);
#3254=CARTESIAN_POINT('',(4.4E1,5.000566E1,2.228E1));
#3255=LINE('',#3254,#3253);
#3256=DIRECTION('',(-1.E0,0.E0,1.776356839400E-14));
#3257=VECTOR('',#3256,4.E-1);
#3258=CARTESIAN_POINT('',(4.4E1,5.100566E1,2.228E1));
#3259=LINE('',#3258,#3257);
#3260=DIRECTION('',(0.E0,1.E0,0.E0));
#3261=VECTOR('',#3260,2.000000000002E-1);
#3262=CARTESIAN_POINT('',(4.36E1,5.100566E1,2.228E1));
#3263=LINE('',#3262,#3261);
#3264=DIRECTION('',(0.E0,0.E0,1.E0));
#3265=VECTOR('',#3264,1.499959775E1);
#3266=CARTESIAN_POINT('',(4.4E1,5.000566E1,7.280402250001E0));
#3267=LINE('',#3266,#3265);
#3268=DIRECTION('',(-1.E0,-1.032493567745E-14,0.E0));
#3269=VECTOR('',#3268,6.881812710100E0);
#3270=CARTESIAN_POINT('',(4.4E1,5.000566E1,2.228E1));
#3271=LINE('',#3270,#3269);
#3272=DIRECTION('',(0.E0,0.E0,-1.E0));
#3273=VECTOR('',#3272,1.499959775E1);
#3274=CARTESIAN_POINT('',(3.711818728990E1,5.000566E1,2.228E1));
#3275=LINE('',#3274,#3273);
#3276=DIRECTION('',(1.E0,0.E0,0.E0));
#3277=VECTOR('',#3276,6.881812710100E0);
#3278=CARTESIAN_POINT('',(3.711818728990E1,5.000566E1,7.280402250001E0));
#3279=LINE('',#3278,#3277);
#3280=DIRECTION('',(0.E0,0.E0,1.E0));
#3281=VECTOR('',#3280,6.936011520382E0);
#3282=CARTESIAN_POINT('',(4.36E1,5.7996632E1,8.524097227220E-13));
#3283=LINE('',#3282,#3281);
#3284=DIRECTION('',(-1.E0,0.E0,0.E0));
#3285=VECTOR('',#3284,4.22E1);
#3286=CARTESIAN_POINT('',(4.36E1,5.7996632E1,6.936011520383E0));
#3287=LINE('',#3286,#3285);
#3288=DIRECTION('',(0.E0,0.E0,1.E0));
#3289=VECTOR('',#3288,6.936011520382E0);
#3290=CARTESIAN_POINT('',(1.4E0,5.7996632E1,8.524097227220E-13));
#3291=LINE('',#3290,#3289);
#3292=DIRECTION('',(1.E0,0.E0,0.E0));
#3293=VECTOR('',#3292,1.4E0);
#3294=CARTESIAN_POINT('',(0.E0,2.03368E-1,6.746020779702E0));
#3295=LINE('',#3294,#3293);
#3296=DIRECTION('',(1.E0,0.E0,0.E0));
#3297=VECTOR('',#3296,1.4E0);
#3298=CARTESIAN_POINT('',(0.E0,6.99434E0,7.094836259320E0));
#3299=LINE('',#3298,#3297);
#3300=DIRECTION('',(1.E0,0.E0,0.E0));
#3301=VECTOR('',#3300,1.4E0);
#3302=CARTESIAN_POINT('',(0.E0,6.99434E0,3.373814585559E1));
#3303=LINE('',#3302,#3301);
#3304=DIRECTION('',(1.E0,0.E0,0.E0));
#3305=VECTOR('',#3304,1.16E0);
#3306=CARTESIAN_POINT('',(0.E0,3.201979E0,3.393463337733E1));
#3307=LINE('',#3306,#3305);
#3308=DIRECTION('',(1.E0,0.E0,0.E0));
#3309=VECTOR('',#3308,1.16E0);
#3310=CARTESIAN_POINT('',(0.E0,3.201979E0,5.653E1));
#3311=LINE('',#3310,#3309);
#3312=DIRECTION('',(0.E0,1.E0,1.190178370726E-14));
#3313=VECTOR('',#3312,2.388021E0);
#3314=CARTESIAN_POINT('',(0.E0,3.201979E0,5.653E1));
#3315=LINE('',#3314,#3313);
#3316=DIRECTION('',(0.E0,0.E0,-1.E0));
#3317=VECTOR('',#3316,2.259536662267E1);
#3318=CARTESIAN_POINT('',(1.16E0,3.201979E0,5.653E1));
#3319=LINE('',#3318,#3317);
#3320=DIRECTION('',(0.E0,1.E0,0.E0));
#3321=VECTOR('',#3320,2.388021000001E0);
#3322=CARTESIAN_POINT('',(1.16E0,3.201979E0,5.653E1));
#3323=LINE('',#3322,#3321);
#3324=DIRECTION('',(0.E0,-9.986604858275E-1,5.174199500267E-2));
#3325=VECTOR('',#3324,2.391224078544E0);
#3326=CARTESIAN_POINT('',(1.16E0,5.590000000001E0,3.381090667300E1));
#3327=LINE('',#3326,#3325);
#3328=DIRECTION('',(9.999999999993E-1,-1.191935391167E-6,0.E0));
#3329=VECTOR('',#3328,6.483459021536E0);
#3330=CARTESIAN_POINT('',(1.4E0,6.790972E0,2.228E1));
#3331=LINE('',#3330,#3329);
#3332=DIRECTION('',(0.E0,-1.E0,0.E0));
#3333=VECTOR('',#3332,9.966319999996E-1);
#3334=CARTESIAN_POINT('',(1.E0,7.990972E0,2.228E1));
#3335=LINE('',#3334,#3333);
#3336=DIRECTION('',(1.E0,0.E0,0.E0));
#3337=VECTOR('',#3336,4.E-1);
#3338=CARTESIAN_POINT('',(1.E0,6.99434E0,2.228E1));
#3339=LINE('',#3338,#3337);
#3340=DIRECTION('',(0.E0,-1.E0,0.E0));
#3341=VECTOR('',#3340,2.033680000002E-1);
#3342=CARTESIAN_POINT('',(1.4E0,6.99434E0,2.228E1));
#3343=LINE('',#3342,#3341);
#3344=DIRECTION('',(0.E0,-3.479383632142E-6,-9.999999999939E-1));
#3345=VECTOR('',#3344,1.499789186042E1);
#3346=CARTESIAN_POINT('',(7.883459021531E0,6.790964272136E0,2.228E1));
#3347=LINE('',#3346,#3345);
#3348=DIRECTION('',(0.E0,-1.E0,0.E0));
#3349=VECTOR('',#3348,1.200007727864E0);
#3350=CARTESIAN_POINT('',(7.883459021531E0,7.990972E0,2.228E1));
#3351=LINE('',#3350,#3349);
#3352=DIRECTION('',(-9.999999861390E-1,1.585699325836E-4,5.077041155936E-5));
#3353=VECTOR('',#3352,6.483459111398E0);
#3354=CARTESIAN_POINT('',(7.883459021531E0,6.790912088716E0,7.282108139667E0));
#3355=LINE('',#3354,#3353);
#3356=DIRECTION('',(0.E0,-9.999275024787E-1,1.204117049072E-2));
#3357=VECTOR('',#3356,2.024145041596E-1);
#3358=CARTESIAN_POINT('',(1.4E0,6.99434E0,7.28E0));
#3359=LINE('',#3358,#3357);
#3360=DIRECTION('',(1.E0,0.E0,0.E0));
#3361=VECTOR('',#3360,4.E-1);
#3362=CARTESIAN_POINT('',(1.E0,6.99434E0,7.28E0));
#3363=LINE('',#3362,#3361);
#3364=DIRECTION('',(0.E0,-9.999989888813E-1,1.422053606597E-3));
#3365=VECTOR('',#3364,1.200061124688E0);
#3366=CARTESIAN_POINT('',(7.883459021531E0,7.990972E0,7.280401588416E0));
#3367=LINE('',#3366,#3365);
#3368=DIRECTION('',(0.E0,0.E0,-1.E0));
#3369=VECTOR('',#3368,1.5E1);
#3370=CARTESIAN_POINT('',(1.E0,6.99434E0,2.228E1));
#3371=LINE('',#3370,#3369);
#3372=DIRECTION('',(0.E0,-9.999999188175E-1,-4.029455043217E-4));
#3373=VECTOR('',#3372,9.966320809088E-1);
#3374=CARTESIAN_POINT('',(1.E0,7.990972E0,7.280401588416E0));
#3375=LINE('',#3374,#3373);
#3376=DIRECTION('',(0.E0,0.E0,-1.E0));
#3377=VECTOR('',#3376,1.499959841158E1);
#3378=CARTESIAN_POINT('',(7.883459021531E0,7.990972E0,2.228E1));
#3379=LINE('',#3378,#3377);
#3380=DIRECTION('',(-1.E0,1.019343544239E-14,0.E0));
#3381=VECTOR('',#3380,6.883459021531E0);
#3382=CARTESIAN_POINT('',(7.883459021531E0,7.990972E0,7.280401588416E0));
#3383=LINE('',#3382,#3381);
#3384=DIRECTION('',(0.E0,0.E0,1.E0));
#3385=VECTOR('',#3384,1.499959841158E1);
#3386=CARTESIAN_POINT('',(1.E0,7.990972E0,7.280401588416E0));
#3387=LINE('',#3386,#3385);
#3388=DIRECTION('',(1.E0,-1.006440461400E-14,0.E0));
#3389=VECTOR('',#3388,6.883459021531E0);
#3390=CARTESIAN_POINT('',(1.E0,7.990972E0,2.228E1));
#3391=LINE('',#3390,#3389);
#3392=DIRECTION('',(-9.999999861390E-1,-1.585699325820E-4,-5.077041155882E-5));
#3393=VECTOR('',#3392,6.483459111467E0);
#3394=CARTESIAN_POINT('',(4.36E1,6.791940170391E0,7.282437307554E0));
#3395=LINE('',#3394,#3393);
#3396=DIRECTION('',(0.E0,-9.999999188175E-1,-4.029455043226E-4));
#3397=VECTOR('',#3396,9.966320809088E-1);
#3398=CARTESIAN_POINT('',(4.4E1,7.990972E0,7.280401588416E0));
#3399=LINE('',#3398,#3397);
#3400=DIRECTION('',(-1.E0,0.E0,0.E0));
#3401=VECTOR('',#3400,4.E-1);
#3402=CARTESIAN_POINT('',(4.4E1,6.99434E0,7.28E0));
#3403=LINE('',#3402,#3401);
#3404=DIRECTION('',(0.E0,-9.999275024787E-1,1.204117049072E-2));
#3405=VECTOR('',#3404,2.024145041596E-1);
#3406=CARTESIAN_POINT('',(4.36E1,6.99434E0,7.28E0));
#3407=LINE('',#3406,#3405);
#3408=DIRECTION('',(1.124968695486E-13,-9.999989888813E-1,1.422053606598E-3));
#3409=VECTOR('',#3408,1.200061124688E0);
#3410=CARTESIAN_POINT('',(3.711654097840E1,7.990972E0,7.280401588416E0));
#3411=LINE('',#3410,#3409);
#3412=DIRECTION('',(0.E0,0.E0,-1.E0));
#3413=VECTOR('',#3412,1.499959841158E1);
#3414=CARTESIAN_POINT('',(4.4E1,7.990972E0,2.228E1));
#3415=LINE('',#3414,#3413);
#3416=DIRECTION('',(-1.E0,1.019343544229E-14,0.E0));
#3417=VECTOR('',#3416,6.883459021600E0);
#3418=CARTESIAN_POINT('',(4.4E1,7.990972E0,7.280401588416E0));
#3419=LINE('',#3418,#3417);
#3420=DIRECTION('',(0.E0,0.E0,1.E0));
#3421=VECTOR('',#3420,1.499959841158E1);
#3422=CARTESIAN_POINT('',(3.711654097840E1,7.990972E0,7.280401588416E0));
#3423=LINE('',#3422,#3421);
#3424=DIRECTION('',(1.E0,-1.006440461390E-14,0.E0));
#3425=VECTOR('',#3424,6.883459021600E0);
#3426=CARTESIAN_POINT('',(3.711654097840E1,7.990972E0,2.228E1));
#3427=LINE('',#3426,#3425);
#3428=DIRECTION('',(0.E0,0.E0,1.E0));
#3429=VECTOR('',#3428,1.5E1);
#3430=CARTESIAN_POINT('',(4.4E1,6.99434E0,7.28E0));
#3431=LINE('',#3430,#3429);
#3432=DIRECTION('',(0.E0,-1.E0,0.E0));
#3433=VECTOR('',#3432,9.966319999995E-1);
#3434=CARTESIAN_POINT('',(4.4E1,7.990972E0,2.228E1));
#3435=LINE('',#3434,#3433);
#3436=DIRECTION('',(0.E0,-1.E0,0.E0));
#3437=VECTOR('',#3436,2.588021000001E0);
#3438=CARTESIAN_POINT('',(9.03E0,5.590000000001E0,5.653E1));
#3439=LINE('',#3438,#3437);
#3440=DIRECTION('',(0.E0,9.986603499533E-1,-5.174461741300E-2));
#3441=VECTOR('',#3440,2.591492693309E0);
#3442=CARTESIAN_POINT('',(9.03E0,3.001979E0,3.374456546564E1));
#3443=LINE('',#3442,#3441);
#3444=DIRECTION('',(0.E0,3.757906349568E-14,1.E0));
#3445=VECTOR('',#3444,9.595780332304E0);
#3446=CARTESIAN_POINT('',(9.03E0,5.590000000001E0,3.361046966770E1));
#3447=LINE('',#3446,#3445);
#3448=DIRECTION('',(0.E0,2.032630580328E-14,1.E0));
#3449=VECTOR('',#3448,5.505697E0);
#3450=CARTESIAN_POINT('',(9.03E0,5.590000000001E0,4.320625E1));
#3451=LINE('',#3450,#3449);
#3452=DIRECTION('',(0.E0,0.E0,1.E0));
#3453=VECTOR('',#3452,7.818053E0);
#3454=CARTESIAN_POINT('',(9.03E0,5.590000000001E0,4.8711947E1));
#3455=LINE('',#3454,#3453);
#3456=DIRECTION('',(-1.E0,0.E0,1.776356839400E-14));
#3457=VECTOR('',#3456,8.E-1);
#3458=CARTESIAN_POINT('',(9.83E0,3.001979E0,5.653E1));
#3459=LINE('',#3458,#3457);
#3460=DIRECTION('',(-1.E0,0.E0,0.E0));
#3461=VECTOR('',#3460,8.E-1);
#3462=CARTESIAN_POINT('',(9.83E0,3.001979E0,3.374456546564E1));
#3463=LINE('',#3462,#3461);
#3464=DIRECTION('',(0.E0,0.E0,1.E0));
#3465=VECTOR('',#3464,2.278543453436E1);
#3466=CARTESIAN_POINT('',(9.03E0,3.001979E0,3.374456546564E1));
#3467=LINE('',#3466,#3465);
#3468=DIRECTION('',(0.E0,1.E0,0.E0));
#3469=VECTOR('',#3468,2.588021000001E0);
#3470=CARTESIAN_POINT('',(9.83E0,3.001979E0,5.653E1));
#3471=LINE('',#3470,#3469);
#3472=DIRECTION('',(0.E0,-9.986603499533E-1,5.174461741301E-2));
#3473=VECTOR('',#3472,2.591492693309E0);
#3474=CARTESIAN_POINT('',(9.83E0,5.590000000001E0,3.361046966770E1));
#3475=LINE('',#3474,#3473);
#3476=DIRECTION('',(0.E0,0.E0,1.E0));
#3477=VECTOR('',#3476,2.278543453436E1);
#3478=CARTESIAN_POINT('',(9.83E0,3.001979E0,3.374456546564E1));
#3479=LINE('',#3478,#3477);
#3480=DIRECTION('',(1.E0,-1.376676550535E-11,-7.105427357602E-13));
#3481=VECTOR('',#3480,9.999999999998E-3);
#3482=CARTESIAN_POINT('',(9.03E0,5.590000000001E0,4.320625E1));
#3483=LINE('',#3482,#3481);
#3484=DIRECTION('',(0.E0,1.806782738070E-14,1.E0));
#3485=VECTOR('',#3484,5.505697E0);
#3486=CARTESIAN_POINT('',(9.04E0,5.590000000001E0,4.320625E1));
#3487=LINE('',#3486,#3485);
#3488=DIRECTION('',(-1.E0,1.501021529293E-11,2.557953848736E-11));
#3489=VECTOR('',#3488,1.E-2);
#3490=CARTESIAN_POINT('',(9.04E0,5.590000000001E0,4.8711947E1));
#3491=LINE('',#3490,#3489);
#3492=DIRECTION('',(1.E0,0.E0,0.E0));
#3493=VECTOR('',#3492,7.5E0);
#3494=CARTESIAN_POINT('',(1.54E0,9.390000000001E0,4.320625E1));
#3495=LINE('',#3494,#3493);
#3496=DIRECTION('',(0.E0,-1.E0,1.682864374169E-14));
#3497=VECTOR('',#3496,3.8E0);
#3498=CARTESIAN_POINT('',(9.04E0,9.390000000001E0,4.320625E1));
#3499=LINE('',#3498,#3497);
#3500=DIRECTION('',(0.E0,-1.E0,1.682864374169E-14));
#3501=VECTOR('',#3500,3.8E0);
#3502=CARTESIAN_POINT('',(1.54E0,9.390000000001E0,4.320625E1));
#3503=LINE('',#3502,#3501);
#3504=DIRECTION('',(0.E0,-1.839046715535E-14,-1.E0));
#3505=VECTOR('',#3504,5.505697E0);
#3506=CARTESIAN_POINT('',(1.54E0,9.390000000001E0,4.8711947E1));
#3507=LINE('',#3506,#3505);
#3508=DIRECTION('',(0.E0,-1.E0,1.682864374169E-14));
#3509=VECTOR('',#3508,3.8E0);
#3510=CARTESIAN_POINT('',(1.54E0,9.390000000001E0,4.8711947E1));
#3511=LINE('',#3510,#3509);
#3512=DIRECTION('',(1.E0,1.351833642801E-14,3.415158676551E-14));
#3513=VECTOR('',#3512,7.49E0);
#3514=CARTESIAN_POINT('',(1.54E0,5.590000000001E0,4.8711947E1));
#3515=LINE('',#3514,#3513);
#3516=DIRECTION('',(-1.E0,0.E0,0.E0));
#3517=VECTOR('',#3516,7.5E0);
#3518=CARTESIAN_POINT('',(9.04E0,9.390000000001E0,4.8711947E1));
#3519=LINE('',#3518,#3517);
#3520=DIRECTION('',(0.E0,1.806782738070E-14,1.E0));
#3521=VECTOR('',#3520,5.505697E0);
#3522=CARTESIAN_POINT('',(9.04E0,9.390000000001E0,4.320625E1));
#3523=LINE('',#3522,#3521);
#3524=DIRECTION('',(0.E0,-1.E0,1.682864374169E-14));
#3525=VECTOR('',#3524,3.8E0);
#3526=CARTESIAN_POINT('',(9.04E0,9.390000000001E0,4.8711947E1));
#3527=LINE('',#3526,#3525);
#3528=DIRECTION('',(1.E0,0.E0,-7.485990143180E-14));
#3529=VECTOR('',#3528,7.403474E0);
#3530=CARTESIAN_POINT('',(1.5916475E0,9.390000000001E0,4.482889E1));
#3531=LINE('',#3530,#3529);
#3532=DIRECTION('',(0.E0,1.819832019741E-14,1.E0));
#3533=VECTOR('',#3532,2.928331E0);
#3534=CARTESIAN_POINT('',(8.9951215E0,9.390000000001E0,4.482889E1));
#3535=LINE('',#3534,#3533);
#3536=DIRECTION('',(-1.E0,0.E0,0.E0));
#3537=VECTOR('',#3536,7.403474E0);
#3538=CARTESIAN_POINT('',(8.9951215E0,9.390000000001E0,4.7757221E1));
#3539=LINE('',#3538,#3537);
#3540=DIRECTION('',(0.E0,-1.759170952417E-14,-1.E0));
#3541=VECTOR('',#3540,2.928330999999E0);
#3542=CARTESIAN_POINT('',(1.5916475E0,9.390000000001E0,4.7757221E1));
#3543=LINE('',#3542,#3541);
#3544=DIRECTION('',(0.E0,-1.E0,1.833658672930E-14));
#3545=VECTOR('',#3544,3.099999999999E0);
#3546=CARTESIAN_POINT('',(8.9951215E0,1.249E1,4.482889E1));
#3547=LINE('',#3546,#3545);
#3548=DIRECTION('',(1.E0,0.E0,-7.485990143180E-14));
#3549=VECTOR('',#3548,7.403474E0);
#3550=CARTESIAN_POINT('',(1.5916475E0,1.249E1,4.482889E1));
#3551=LINE('',#3550,#3549);
#3552=DIRECTION('',(0.E0,1.759170952417E-14,1.E0));
#3553=VECTOR('',#3552,2.928331E0);
#3554=CARTESIAN_POINT('',(8.9951215E0,1.249E1,4.482889E1));
#3555=LINE('',#3554,#3553);
#3556=DIRECTION('',(0.E0,-1.E0,1.833658672930E-14));
#3557=VECTOR('',#3556,3.099999999999E0);
#3558=CARTESIAN_POINT('',(8.9951215E0,1.249E1,4.7757221E1));
#3559=LINE('',#3558,#3557);
#3560=DIRECTION('',(0.E0,-1.E0,1.833658672930E-14));
#3561=VECTOR('',#3560,3.099999999999E0);
#3562=CARTESIAN_POINT('',(1.5916475E0,1.249E1,4.482889E1));
#3563=LINE('',#3562,#3561);
#3564=DIRECTION('',(0.E0,-1.759170952417E-14,-1.E0));
#3565=VECTOR('',#3564,2.928330999999E0);
#3566=CARTESIAN_POINT('',(1.5916475E0,1.249E1,4.7757221E1));
#3567=LINE('',#3566,#3565);
#3568=DIRECTION('',(0.E0,-1.E0,1.833658672930E-14));
#3569=VECTOR('',#3568,3.099999999999E0);
#3570=CARTESIAN_POINT('',(1.5916475E0,1.249E1,4.7757221E1));
#3571=LINE('',#3570,#3569);
#3572=DIRECTION('',(-1.E0,0.E0,0.E0));
#3573=VECTOR('',#3572,7.403474E0);
#3574=CARTESIAN_POINT('',(8.9951215E0,1.249E1,4.7757221E1));
#3575=LINE('',#3574,#3573);
#3576=DIRECTION('',(-6.439927122670E-5,-9.999999979264E-1,0.E0));
#3577=VECTOR('',#3576,2.588021005368E0);
#3578=CARTESIAN_POINT('',(1.768016666667E1,5.590000000001E0,5.653E1));
#3579=LINE('',#3578,#3577);
#3580=DIRECTION('',(6.431299874173E-5,9.986603478880E-1,-5.174461730599E-2));
#3581=VECTOR('',#3580,2.591492698668E0);
#3582=CARTESIAN_POINT('',(1.768E1,3.001979E0,3.374456546564E1));
#3583=LINE('',#3582,#3581);
#3584=DIRECTION('',(5.210623649198E-5,2.841569575742E-14,9.999999986425E-1));
#3585=VECTOR('',#3584,9.595780345330E0);
#3586=CARTESIAN_POINT('',(1.768016666667E1,5.590000000001E0,3.361046966770E1));
#3587=LINE('',#3586,#3585);
#3588=DIRECTION('',(0.E0,1.806782738070E-14,1.E0));
#3589=VECTOR('',#3588,5.505697E0);
#3590=CARTESIAN_POINT('',(1.768116666667E1,9.390000000001E0,4.320625E1));
#3591=LINE('',#3590,#3589);
#3592=DIRECTION('',(-1.315789462300E-4,-9.999999913435E-1,1.682864359601E-14));
#3593=VECTOR('',#3592,3.800000032895E0);
#3594=CARTESIAN_POINT('',(1.768116666667E1,9.390000000001E0,4.8711947E1));
#3595=LINE('',#3594,#3593);
#3596=DIRECTION('',(-6.395454200424E-5,1.817697409590E-14,9.999999979549E-1));
#3597=VECTOR('',#3596,7.818053015989E0);
#3598=CARTESIAN_POINT('',(1.768066666667E1,5.590000000001E0,4.8711947E1));
#3599=LINE('',#3598,#3597);
#3600=DIRECTION('',(-1.E0,0.E0,1.776356839400E-14));
#3601=VECTOR('',#3600,8.E-1);
#3602=CARTESIAN_POINT('',(1.848E1,3.001979E0,5.653E1));
#3603=LINE('',#3602,#3601);
#3604=DIRECTION('',(-1.E0,0.E0,0.E0));
#3605=VECTOR('',#3604,8.E-1);
#3606=CARTESIAN_POINT('',(1.848E1,3.001979E0,3.374456546564E1));
#3607=LINE('',#3606,#3605);
#3608=DIRECTION('',(0.E0,0.E0,1.E0));
#3609=VECTOR('',#3608,2.278543453436E1);
#3610=CARTESIAN_POINT('',(1.768E1,3.001979E0,3.374456546564E1));
#3611=LINE('',#3610,#3609);
#3612=DIRECTION('',(0.E0,1.E0,0.E0));
#3613=VECTOR('',#3612,2.588021000001E0);
#3614=CARTESIAN_POINT('',(1.848E1,3.001979E0,5.653E1));
#3615=LINE('',#3614,#3613);
#3616=DIRECTION('',(0.E0,-9.986603499533E-1,5.174461741301E-2));
#3617=VECTOR('',#3616,2.591492693309E0);
#3618=CARTESIAN_POINT('',(1.848E1,5.590000000001E0,3.361046966770E1));
#3619=LINE('',#3618,#3617);
#3620=DIRECTION('',(0.E0,0.E0,1.E0));
#3621=VECTOR('',#3620,2.278543453436E1);
#3622=CARTESIAN_POINT('',(1.848E1,3.001979E0,3.374456546564E1));
#3623=LINE('',#3622,#3621);
#3624=DIRECTION('',(-1.315789462291E-4,-9.999999913435E-1,1.682864359601E-14));
#3625=VECTOR('',#3624,3.800000032895E0);
#3626=CARTESIAN_POINT('',(1.768116666667E1,9.390000000001E0,4.320625E1));
#3627=LINE('',#3626,#3625);
#3628=DIRECTION('',(1.E0,0.E0,0.E0));
#3629=VECTOR('',#3628,7.498166666667E0);
#3630=CARTESIAN_POINT('',(1.0183E1,9.390000000001E0,4.320625E1));
#3631=LINE('',#3630,#3629);
#3632=DIRECTION('',(0.E0,-1.839046715535E-14,-1.E0));
#3633=VECTOR('',#3632,5.505697E0);
#3634=CARTESIAN_POINT('',(1.0183E1,9.390000000001E0,4.8711947E1));
#3635=LINE('',#3634,#3633);
#3636=DIRECTION('',(0.E0,-1.E0,1.682864374169E-14));
#3637=VECTOR('',#3636,3.8E0);
#3638=CARTESIAN_POINT('',(1.0183E1,9.390000000001E0,4.320625E1));
#3639=LINE('',#3638,#3637);
#3640=DIRECTION('',(0.E0,-1.E0,1.682864374169E-14));
#3641=VECTOR('',#3640,3.8E0);
#3642=CARTESIAN_POINT('',(1.0183E1,9.390000000001E0,4.8711947E1));
#3643=LINE('',#3642,#3641);
#3644=DIRECTION('',(1.E0,0.E0,0.E0));
#3645=VECTOR('',#3644,7.497666666667E0);
#3646=CARTESIAN_POINT('',(1.0183E1,5.590000000001E0,4.8711947E1));
#3647=LINE('',#3646,#3645);
#3648=DIRECTION('',(-1.E0,0.E0,0.E0));
#3649=VECTOR('',#3648,7.498166666667E0);
#3650=CARTESIAN_POINT('',(1.768116666667E1,9.390000000001E0,4.8711947E1));
#3651=LINE('',#3650,#3649);
#3652=DIRECTION('',(0.E0,-1.759170952416E-14,-1.E0));
#3653=VECTOR('',#3652,2.928331E0);
#3654=CARTESIAN_POINT('',(1.02346475E1,9.390000000001E0,4.7757221E1));
#3655=LINE('',#3654,#3653);
#3656=DIRECTION('',(1.E0,0.E0,0.E0));
#3657=VECTOR('',#3656,7.403474E0);
#3658=CARTESIAN_POINT('',(1.02346475E1,9.390000000001E0,4.482889E1));
#3659=LINE('',#3658,#3657);
#3660=DIRECTION('',(0.E0,1.819832019741E-14,1.E0));
#3661=VECTOR('',#3660,2.928331E0);
#3662=CARTESIAN_POINT('',(1.76381215E1,9.390000000001E0,4.482889E1));
#3663=LINE('',#3662,#3661);
#3664=DIRECTION('',(-1.E0,0.E0,0.E0));
#3665=VECTOR('',#3664,7.403474E0);
#3666=CARTESIAN_POINT('',(1.76381215E1,9.390000000001E0,4.7757221E1));
#3667=LINE('',#3666,#3665);
#3668=DIRECTION('',(0.E0,-1.E0,1.833658672930E-14));
#3669=VECTOR('',#3668,3.099999999999E0);
#3670=CARTESIAN_POINT('',(1.02346475E1,1.249E1,4.482889E1));
#3671=LINE('',#3670,#3669);
#3672=DIRECTION('',(0.E0,-1.759170952416E-14,-1.E0));
#3673=VECTOR('',#3672,2.928331E0);
#3674=CARTESIAN_POINT('',(1.02346475E1,1.249E1,4.7757221E1));
#3675=LINE('',#3674,#3673);
#3676=DIRECTION('',(1.E0,0.E0,0.E0));
#3677=VECTOR('',#3676,7.403474E0);
#3678=CARTESIAN_POINT('',(1.02346475E1,1.249E1,4.482889E1));
#3679=LINE('',#3678,#3677);
#3680=DIRECTION('',(0.E0,-1.E0,1.375244004698E-14));
#3681=VECTOR('',#3680,3.099999999999E0);
#3682=CARTESIAN_POINT('',(1.76381215E1,1.249E1,4.482889E1));
#3683=LINE('',#3682,#3681);
#3684=DIRECTION('',(0.E0,-1.E0,1.833658672930E-14));
#3685=VECTOR('',#3684,3.099999999999E0);
#3686=CARTESIAN_POINT('',(1.02346475E1,1.249E1,4.7757221E1));
#3687=LINE('',#3686,#3685);
#3688=DIRECTION('',(-1.E0,0.E0,0.E0));
#3689=VECTOR('',#3688,7.403474E0);
#3690=CARTESIAN_POINT('',(1.76381215E1,1.249E1,4.7757221E1));
#3691=LINE('',#3690,#3689);
#3692=DIRECTION('',(0.E0,-1.E0,1.833658672930E-14));
#3693=VECTOR('',#3692,3.099999999999E0);
#3694=CARTESIAN_POINT('',(1.76381215E1,1.249E1,4.7757221E1));
#3695=LINE('',#3694,#3693);
#3696=DIRECTION('',(0.E0,1.759170952416E-14,1.E0));
#3697=VECTOR('',#3696,2.928331E0);
#3698=CARTESIAN_POINT('',(1.76381215E1,1.249E1,4.482889E1));
#3699=LINE('',#3698,#3697);
#3700=DIRECTION('',(8.586569482633E-5,-9.999999963135E-1,0.E0));
#3701=VECTOR('',#3700,2.588021009542E0);
#3702=CARTESIAN_POINT('',(2.632977777778E1,5.590000000001E0,5.653E1));
#3703=LINE('',#3702,#3701);
#3704=DIRECTION('',(-8.575066442149E-5,9.986603462816E-1,-5.174461722276E-2));
#3705=VECTOR('',#3704,2.591492702836E0);
#3706=CARTESIAN_POINT('',(2.633E1,3.001979E0,3.374456546564E1));
#3707=LINE('',#3706,#3705);
#3708=DIRECTION('',(-6.947498180105E-5,2.841569572742E-14,9.999999975866E-1));
#3709=VECTOR('',#3708,9.595780355462E0);
#3710=CARTESIAN_POINT('',(2.632977777778E1,5.590000000001E0,3.361046966770E1));
#3711=LINE('',#3710,#3709);
#3712=DIRECTION('',(0.E0,1.806782738070E-14,1.E0));
#3713=VECTOR('',#3712,5.505697E0);
#3714=CARTESIAN_POINT('',(2.632844444444E1,9.390000000001E0,4.320625E1));
#3715=LINE('',#3714,#3713);
#3716=DIRECTION('',(1.754385940833E-4,-9.999999846106E-1,1.682864348270E-14));
#3717=VECTOR('',#3716,3.800000058479E0);
#3718=CARTESIAN_POINT('',(2.632844444444E1,9.390000000001E0,4.8711947E1));
#3719=LINE('',#3718,#3717);
#3720=DIRECTION('',(8.527272239369E-5,1.817697406699E-14,9.999999963643E-1));
#3721=VECTOR('',#3720,7.818053028424E0);
#3722=CARTESIAN_POINT('',(2.632911111111E1,5.590000000001E0,4.8711947E1));
#3723=LINE('',#3722,#3721);
#3724=DIRECTION('',(-1.E0,0.E0,1.754426508050E-14));
#3725=VECTOR('',#3724,8.1E-1);
#3726=CARTESIAN_POINT('',(2.714E1,3.001979E0,5.653E1));
#3727=LINE('',#3726,#3725);
#3728=DIRECTION('',(-1.E0,0.E0,0.E0));
#3729=VECTOR('',#3728,8.1E-1);
#3730=CARTESIAN_POINT('',(2.714E1,3.001979E0,3.374456546564E1));
#3731=LINE('',#3730,#3729);
#3732=DIRECTION('',(0.E0,0.E0,1.E0));
#3733=VECTOR('',#3732,2.278543453436E1);
#3734=CARTESIAN_POINT('',(2.633E1,3.001979E0,3.374456546564E1));
#3735=LINE('',#3734,#3733);
#3736=DIRECTION('',(0.E0,1.E0,0.E0));
#3737=VECTOR('',#3736,2.588021000001E0);
#3738=CARTESIAN_POINT('',(2.714E1,3.001979E0,5.653E1));
#3739=LINE('',#3738,#3737);
#3740=DIRECTION('',(0.E0,-9.986603499533E-1,5.174461741301E-2));
#3741=VECTOR('',#3740,2.591492693309E0);
#3742=CARTESIAN_POINT('',(2.714E1,5.590000000001E0,3.361046966770E1));
#3743=LINE('',#3742,#3741);
#3744=DIRECTION('',(0.E0,0.E0,1.E0));
#3745=VECTOR('',#3744,2.278543453436E1);
#3746=CARTESIAN_POINT('',(2.714E1,3.001979E0,3.374456546564E1));
#3747=LINE('',#3746,#3745);
#3748=DIRECTION('',(1.754385943750E-4,-9.999999846106E-1,1.682864348270E-14));
#3749=VECTOR('',#3748,3.800000058479E0);
#3750=CARTESIAN_POINT('',(2.632844444444E1,9.390000000001E0,4.320625E1));
#3751=LINE('',#3750,#3749);
#3752=DIRECTION('',(1.E0,0.E0,0.E0));
#3753=VECTOR('',#3752,7.502444444444E0);
#3754=CARTESIAN_POINT('',(1.8826E1,9.390000000001E0,4.320625E1));
#3755=LINE('',#3754,#3753);
#3756=DIRECTION('',(0.E0,-1.839046715535E-14,-1.E0));
#3757=VECTOR('',#3756,5.505697E0);
#3758=CARTESIAN_POINT('',(1.8826E1,9.390000000001E0,4.8711947E1));
#3759=LINE('',#3758,#3757);
#3760=DIRECTION('',(0.E0,-1.E0,1.682864374169E-14));
#3761=VECTOR('',#3760,3.8E0);
#3762=CARTESIAN_POINT('',(1.8826E1,9.390000000001E0,4.320625E1));
#3763=LINE('',#3762,#3761);
#3764=DIRECTION('',(0.E0,-1.E0,1.682864374169E-14));
#3765=VECTOR('',#3764,3.8E0);
#3766=CARTESIAN_POINT('',(1.8826E1,9.390000000001E0,4.8711947E1));
#3767=LINE('',#3766,#3765);
#3768=DIRECTION('',(-1.E0,0.E0,0.E0));
#3769=VECTOR('',#3768,7.502444444444E0);
#3770=CARTESIAN_POINT('',(2.632844444444E1,9.390000000001E0,4.8711947E1));
#3771=LINE('',#3770,#3769);
#3772=DIRECTION('',(1.E0,0.E0,0.E0));
#3773=VECTOR('',#3772,7.403474E0);
#3774=CARTESIAN_POINT('',(1.88776475E1,9.390000000001E0,4.482889E1));
#3775=LINE('',#3774,#3773);
#3776=DIRECTION('',(0.E0,1.819832019742E-14,1.E0));
#3777=VECTOR('',#3776,2.928330999999E0);
#3778=CARTESIAN_POINT('',(2.62811215E1,9.390000000001E0,4.482889E1));
#3779=LINE('',#3778,#3777);
#3780=DIRECTION('',(-1.E0,0.E0,7.485990143180E-14));
#3781=VECTOR('',#3780,7.403474E0);
#3782=CARTESIAN_POINT('',(2.62811215E1,9.390000000001E0,4.7757221E1));
#3783=LINE('',#3782,#3781);
#3784=DIRECTION('',(0.E0,-1.759170952417E-14,-1.E0));
#3785=VECTOR('',#3784,2.928331E0);
#3786=CARTESIAN_POINT('',(1.88776475E1,9.390000000001E0,4.7757221E1));
#3787=LINE('',#3786,#3785);
#3788=DIRECTION('',(0.E0,-1.E0,1.375244004698E-14));
#3789=VECTOR('',#3788,3.099999999999E0);
#3790=CARTESIAN_POINT('',(2.62811215E1,1.249E1,4.482889E1));
#3791=LINE('',#3790,#3789);
#3792=DIRECTION('',(1.E0,0.E0,0.E0));
#3793=VECTOR('',#3792,7.403474E0);
#3794=CARTESIAN_POINT('',(1.88776475E1,1.249E1,4.482889E1));
#3795=LINE('',#3794,#3793);
#3796=DIRECTION('',(0.E0,1.759170952417E-14,1.E0));
#3797=VECTOR('',#3796,2.928330999999E0);
#3798=CARTESIAN_POINT('',(2.62811215E1,1.249E1,4.482889E1));
#3799=LINE('',#3798,#3797);
#3800=DIRECTION('',(0.E0,-1.E0,1.833658672930E-14));
#3801=VECTOR('',#3800,3.099999999999E0);
#3802=CARTESIAN_POINT('',(2.62811215E1,1.249E1,4.7757221E1));
#3803=LINE('',#3802,#3801);
#3804=DIRECTION('',(0.E0,-1.E0,1.833658672930E-14));
#3805=VECTOR('',#3804,3.099999999999E0);
#3806=CARTESIAN_POINT('',(1.88776475E1,1.249E1,4.482889E1));
#3807=LINE('',#3806,#3805);
#3808=DIRECTION('',(0.E0,-1.759170952417E-14,-1.E0));
#3809=VECTOR('',#3808,2.928331E0);
#3810=CARTESIAN_POINT('',(1.88776475E1,1.249E1,4.7757221E1));
#3811=LINE('',#3810,#3809);
#3812=DIRECTION('',(0.E0,-1.E0,1.833658672930E-14));
#3813=VECTOR('',#3812,3.099999999999E0);
#3814=CARTESIAN_POINT('',(1.88776475E1,1.249E1,4.7757221E1));
#3815=LINE('',#3814,#3813);
#3816=DIRECTION('',(-1.E0,0.E0,7.677938608390E-14));
#3817=VECTOR('',#3816,7.403474E0);
#3818=CARTESIAN_POINT('',(2.62811215E1,1.249E1,4.7757221E1));
#3819=LINE('',#3818,#3817);
#3820=DIRECTION('',(2.146642378455E-5,-9.999999997696E-1,0.E0));
#3821=VECTOR('',#3820,2.588021000598E0);
#3822=CARTESIAN_POINT('',(3.496994444444E1,5.590000000001E0,5.653E1));
#3823=LINE('',#3822,#3821);
#3824=DIRECTION('',(-2.143766585573E-5,9.986603497238E-1,-5.174461740111E-2));
#3825=VECTOR('',#3824,2.591492693904E0);
#3826=CARTESIAN_POINT('',(3.497E1,3.001979E0,3.374456546564E1));
#3827=LINE('',#3826,#3825);
#3828=DIRECTION('',(-1.736874540265E-5,2.841569579171E-14,9.999999998492E-1));
#3829=VECTOR('',#3828,9.595780333751E0);
#3830=CARTESIAN_POINT('',(3.496994444445E1,5.590000000001E0,3.361046966770E1));
#3831=LINE('',#3830,#3829);
#3832=DIRECTION('',(0.E0,1.806782738070E-14,1.E0));
#3833=VECTOR('',#3832,5.505697E0);
#3834=CARTESIAN_POINT('',(3.496961111111E1,9.390000000001E0,4.320625E1));
#3835=LINE('',#3834,#3833);
#3836=DIRECTION('',(4.385964937190E-5,-9.999999990382E-1,1.682864372550E-14));
#3837=VECTOR('',#3836,3.800000003655E0);
#3838=CARTESIAN_POINT('',(3.496961111111E1,9.390000000001E0,4.8711947E1));
#3839=LINE('',#3838,#3837);
#3840=DIRECTION('',(2.131818056384E-5,1.817697412895E-14,9.999999997728E-1));
#3841=VECTOR('',#3840,7.818053001777E0);
#3842=CARTESIAN_POINT('',(3.496977777778E1,5.590000000001E0,4.8711947E1));
#3843=LINE('',#3842,#3841);
#3844=DIRECTION('',(-1.E0,0.E0,1.754426508050E-14));
#3845=VECTOR('',#3844,8.1E-1);
#3846=CARTESIAN_POINT('',(3.578E1,3.001979E0,5.653E1));
#3847=LINE('',#3846,#3845);
#3848=DIRECTION('',(-1.E0,0.E0,0.E0));
#3849=VECTOR('',#3848,8.1E-1);
#3850=CARTESIAN_POINT('',(3.578E1,3.001979E0,3.374456546564E1));
#3851=LINE('',#3850,#3849);
#3852=DIRECTION('',(0.E0,0.E0,1.E0));
#3853=VECTOR('',#3852,2.278543453436E1);
#3854=CARTESIAN_POINT('',(3.497E1,3.001979E0,3.374456546564E1));
#3855=LINE('',#3854,#3853);
#3856=DIRECTION('',(0.E0,1.E0,0.E0));
#3857=VECTOR('',#3856,2.588021000001E0);
#3858=CARTESIAN_POINT('',(3.578E1,3.001979E0,5.653E1));
#3859=LINE('',#3858,#3857);
#3860=DIRECTION('',(0.E0,-9.986603499533E-1,5.174461741301E-2));
#3861=VECTOR('',#3860,2.591492693309E0);
#3862=CARTESIAN_POINT('',(3.578E1,5.590000000001E0,3.361046966770E1));
#3863=LINE('',#3862,#3861);
#3864=DIRECTION('',(0.E0,0.E0,1.E0));
#3865=VECTOR('',#3864,2.278543453436E1);
#3866=CARTESIAN_POINT('',(3.578E1,3.001979E0,3.374456546564E1));
#3867=LINE('',#3866,#3865);
#3868=DIRECTION('',(1.E0,0.E0,0.E0));
#3869=VECTOR('',#3868,7.500611111111E0);
#3870=CARTESIAN_POINT('',(2.7469E1,9.390000000001E0,4.320625E1));
#3871=LINE('',#3870,#3869);
#3872=DIRECTION('',(4.385964966547E-5,-9.999999990382E-1,1.682864372550E-14));
#3873=VECTOR('',#3872,3.800000003655E0);
#3874=CARTESIAN_POINT('',(3.496961111111E1,9.390000000001E0,4.320625E1));
#3875=LINE('',#3874,#3873);
#3876=DIRECTION('',(0.E0,-1.E0,1.682864374169E-14));
#3877=VECTOR('',#3876,3.8E0);
#3878=CARTESIAN_POINT('',(2.7469E1,9.390000000001E0,4.320625E1));
#3879=LINE('',#3878,#3877);
#3880=DIRECTION('',(0.E0,-1.839046715535E-14,-1.E0));
#3881=VECTOR('',#3880,5.505697E0);
#3882=CARTESIAN_POINT('',(2.7469E1,9.390000000001E0,4.8711947E1));
#3883=LINE('',#3882,#3881);
#3884=DIRECTION('',(0.E0,-1.E0,1.682864374169E-14));
#3885=VECTOR('',#3884,3.8E0);
#3886=CARTESIAN_POINT('',(2.7469E1,9.390000000001E0,4.8711947E1));
#3887=LINE('',#3886,#3885);
#3888=DIRECTION('',(-1.E0,0.E0,0.E0));
#3889=VECTOR('',#3888,7.500611111111E0);
#3890=CARTESIAN_POINT('',(3.496961111111E1,9.390000000001E0,4.8711947E1));
#3891=LINE('',#3890,#3889);
#3892=DIRECTION('',(1.E0,0.E0,-7.485990143180E-14));
#3893=VECTOR('',#3892,7.403474E0);
#3894=CARTESIAN_POINT('',(2.75206475E1,9.390000000001E0,4.482889E1));
#3895=LINE('',#3894,#3893);
#3896=DIRECTION('',(0.E0,1.819832019741E-14,1.E0));
#3897=VECTOR('',#3896,2.928331E0);
#3898=CARTESIAN_POINT('',(3.49241215E1,9.390000000001E0,4.482889E1));
#3899=LINE('',#3898,#3897);
#3900=DIRECTION('',(-1.E0,0.E0,0.E0));
#3901=VECTOR('',#3900,7.403474E0);
#3902=CARTESIAN_POINT('',(3.49241215E1,9.390000000001E0,4.7757221E1));
#3903=LINE('',#3902,#3901);
#3904=DIRECTION('',(0.E0,-1.759170952417E-14,-1.E0));
#3905=VECTOR('',#3904,2.928330999999E0);
#3906=CARTESIAN_POINT('',(2.75206475E1,9.390000000001E0,4.7757221E1));
#3907=LINE('',#3906,#3905);
#3908=DIRECTION('',(0.E0,-1.E0,1.833658672930E-14));
#3909=VECTOR('',#3908,3.099999999999E0);
#3910=CARTESIAN_POINT('',(3.49241215E1,1.249E1,4.482889E1));
#3911=LINE('',#3910,#3909);
#3912=DIRECTION('',(1.E0,0.E0,-7.485990143180E-14));
#3913=VECTOR('',#3912,7.403474E0);
#3914=CARTESIAN_POINT('',(2.75206475E1,1.249E1,4.482889E1));
#3915=LINE('',#3914,#3913);
#3916=DIRECTION('',(0.E0,1.759170952417E-14,1.E0));
#3917=VECTOR('',#3916,2.928331E0);
#3918=CARTESIAN_POINT('',(3.49241215E1,1.249E1,4.482889E1));
#3919=LINE('',#3918,#3917);
#3920=DIRECTION('',(0.E0,-1.E0,1.833658672930E-14));
#3921=VECTOR('',#3920,3.099999999999E0);
#3922=CARTESIAN_POINT('',(3.49241215E1,1.249E1,4.7757221E1));
#3923=LINE('',#3922,#3921);
#3924=DIRECTION('',(0.E0,-1.E0,1.833658672930E-14));
#3925=VECTOR('',#3924,3.099999999999E0);
#3926=CARTESIAN_POINT('',(2.75206475E1,1.249E1,4.482889E1));
#3927=LINE('',#3926,#3925);
#3928=DIRECTION('',(0.E0,-1.759170952417E-14,-1.E0));
#3929=VECTOR('',#3928,2.928330999999E0);
#3930=CARTESIAN_POINT('',(2.75206475E1,1.249E1,4.7757221E1));
#3931=LINE('',#3930,#3929);
#3932=DIRECTION('',(0.E0,-1.E0,1.833658672930E-14));
#3933=VECTOR('',#3932,3.099999999999E0);
#3934=CARTESIAN_POINT('',(2.75206475E1,1.249E1,4.7757221E1));
#3935=LINE('',#3934,#3933);
#3936=DIRECTION('',(-1.E0,0.E0,0.E0));
#3937=VECTOR('',#3936,7.403474E0);
#3938=CARTESIAN_POINT('',(3.49241215E1,1.249E1,4.7757221E1));
#3939=LINE('',#3938,#3937);
#3940=DIRECTION('',(0.E0,1.953992523340E-14,1.E0));
#3941=VECTOR('',#3940,4.E0);
#3942=CARTESIAN_POINT('',(5.29E0,4.863E1,5.2691285E1));
#3943=LINE('',#3942,#3941);
#3944=DIRECTION('',(0.E0,1.776356839400E-14,1.E0));
#3945=VECTOR('',#3944,4.E0);
#3946=CARTESIAN_POINT('',(5.29E0,4.263E1,5.2691285E1));
#3947=LINE('',#3946,#3945);
#3948=CARTESIAN_POINT('',(5.29E0,4.563E1,5.2691285E1));
#3949=DIRECTION('',(0.E0,-2.702955214810E-14,-1.E0));
#3950=DIRECTION('',(0.E0,1.E0,-2.605323364454E-14));
#3951=AXIS2_PLACEMENT_3D('',#3948,#3949,#3950);
#3953=CARTESIAN_POINT('',(5.29E0,4.563E1,5.2691285E1));
#3954=DIRECTION('',(0.E0,-2.702955214810E-14,-1.E0));
#3955=DIRECTION('',(1.E0,0.E0,0.E0));
#3956=AXIS2_PLACEMENT_3D('',#3953,#3954,#3955);
#3958=CARTESIAN_POINT('',(5.29E0,4.563E1,5.2691285E1));
#3959=DIRECTION('',(0.E0,-2.702955214810E-14,-1.E0));
#3960=DIRECTION('',(0.E0,-1.E0,2.605323364454E-14));
#3961=AXIS2_PLACEMENT_3D('',#3958,#3959,#3960);
#3963=CARTESIAN_POINT('',(5.29E0,4.563E1,5.2691285E1));
#3964=DIRECTION('',(0.E0,-2.702955214810E-14,-1.E0));
#3965=DIRECTION('',(-1.E0,0.E0,0.E0));
#3966=AXIS2_PLACEMENT_3D('',#3963,#3964,#3965);
#3968=DIRECTION('',(1.E0,0.E0,-1.776356839400E-14));
#3969=VECTOR('',#3968,8.E-1);
#3970=CARTESIAN_POINT('',(4.89E0,4.7905314E1,5.2691285E1));
#3971=LINE('',#3970,#3969);
#3972=DIRECTION('',(0.E0,2.368475785867E-14,1.E0));
#3973=VECTOR('',#3972,1.5E0);
#3974=CARTESIAN_POINT('',(4.89E0,4.7905314E1,5.1191285E1));
#3975=LINE('',#3974,#3973);
#3976=DIRECTION('',(0.E0,-1.E0,1.894463369228E-14));
#3977=VECTOR('',#3976,1.875314E0);
#3978=CARTESIAN_POINT('',(5.69E0,4.7905314E1,5.2691285E1));
#3979=LINE('',#3978,#3977);
#3980=DIRECTION('',(0.E0,1.894780628694E-14,1.E0));
#3981=VECTOR('',#3980,1.5E0);
#3982=CARTESIAN_POINT('',(5.69E0,4.7905314E1,5.1191285E1));
#3983=LINE('',#3982,#3981);
#3984=DIRECTION('',(1.E0,0.E0,0.E0));
#3985=VECTOR('',#3984,1.205E0);
#3986=CARTESIAN_POINT('',(5.69E0,4.603E1,5.2691285E1));
#3987=LINE('',#3986,#3985);
#3988=DIRECTION('',(0.E0,1.894780628694E-14,1.E0));
#3989=VECTOR('',#3988,1.5E0);
#3990=CARTESIAN_POINT('',(5.69E0,4.603E1,5.1191285E1));
#3991=LINE('',#3990,#3989);
#3992=DIRECTION('',(0.E0,-1.E0,1.776356839400E-14));
#3993=VECTOR('',#3992,8.E-1);
#3994=CARTESIAN_POINT('',(6.895E0,4.603E1,5.2691285E1));
#3995=LINE('',#3994,#3993);
#3996=DIRECTION('',(0.E0,1.894780628694E-14,1.E0));
#3997=VECTOR('',#3996,1.5E0);
#3998=CARTESIAN_POINT('',(6.895E0,4.603E1,5.1191285E1));
#3999=LINE('',#3998,#3997);
#4000=DIRECTION('',(-1.E0,0.E0,-1.179324042755E-14));
#4001=VECTOR('',#4000,1.205E0);
#4002=CARTESIAN_POINT('',(6.895E0,4.523E1,5.2691285E1));
#4003=LINE('',#4002,#4001);
#4004=DIRECTION('',(0.E0,1.894780628694E-14,1.E0));
#4005=VECTOR('',#4004,1.5E0);
#4006=CARTESIAN_POINT('',(6.895E0,4.523E1,5.1191285E1));
#4007=LINE('',#4006,#4005);
#4008=DIRECTION('',(0.E0,-1.E0,1.515570695382E-14));
#4009=VECTOR('',#4008,1.875314E0);
#4010=CARTESIAN_POINT('',(5.69E0,4.523E1,5.2691285E1));
#4011=LINE('',#4010,#4009);
#4012=DIRECTION('',(0.E0,1.894780628694E-14,1.E0));
#4013=VECTOR('',#4012,1.5E0);
#4014=CARTESIAN_POINT('',(5.69E0,4.523E1,5.1191285E1));
#4015=LINE('',#4014,#4013);
#4016=DIRECTION('',(-1.E0,0.E0,1.776356839400E-14));
#4017=VECTOR('',#4016,8.E-1);
#4018=CARTESIAN_POINT('',(5.69E0,4.3354686E1,5.2691285E1));
#4019=LINE('',#4018,#4017);
#4020=DIRECTION('',(0.E0,1.421085471520E-14,1.E0));
#4021=VECTOR('',#4020,1.5E0);
#4022=CARTESIAN_POINT('',(5.69E0,4.3354686E1,5.1191285E1));
#4023=LINE('',#4022,#4021);
#4024=DIRECTION('',(0.E0,1.E0,-1.515570695382E-14));
#4025=VECTOR('',#4024,1.875314E0);
#4026=CARTESIAN_POINT('',(4.89E0,4.3354686E1,5.2691285E1));
#4027=LINE('',#4026,#4025);
#4028=DIRECTION('',(0.E0,1.894780628694E-14,1.E0));
#4029=VECTOR('',#4028,1.5E0);
#4030=CARTESIAN_POINT('',(4.89E0,4.3354686E1,5.1191285E1));
#4031=LINE('',#4030,#4029);
#4032=DIRECTION('',(-1.E0,0.E0,1.179324042755E-14));
#4033=VECTOR('',#4032,1.205E0);
#4034=CARTESIAN_POINT('',(4.89E0,4.523E1,5.2691285E1));
#4035=LINE('',#4034,#4033);
#4036=DIRECTION('',(0.E0,1.894780628694E-14,1.E0));
#4037=VECTOR('',#4036,1.5E0);
#4038=CARTESIAN_POINT('',(4.89E0,4.523E1,5.1191285E1));
#4039=LINE('',#4038,#4037);
#4040=DIRECTION('',(0.E0,1.E0,0.E0));
#4041=VECTOR('',#4040,8.E-1);
#4042=CARTESIAN_POINT('',(3.685E0,4.523E1,5.2691285E1));
#4043=LINE('',#4042,#4041);
#4044=DIRECTION('',(0.E0,1.894780628694E-14,1.E0));
#4045=VECTOR('',#4044,1.5E0);
#4046=CARTESIAN_POINT('',(3.685E0,4.523E1,5.1191285E1));
#4047=LINE('',#4046,#4045);
#4048=DIRECTION('',(1.E0,0.E0,1.768986064133E-14));
#4049=VECTOR('',#4048,1.205E0);
#4050=CARTESIAN_POINT('',(3.685E0,4.603E1,5.2691285E1));
#4051=LINE('',#4050,#4049);
#4052=DIRECTION('',(0.E0,1.894780628694E-14,1.E0));
#4053=VECTOR('',#4052,1.5E0);
#4054=CARTESIAN_POINT('',(3.685E0,4.603E1,5.1191285E1));
#4055=LINE('',#4054,#4053);
#4056=DIRECTION('',(0.E0,1.E0,-2.273356043074E-14));
#4057=VECTOR('',#4056,1.875314E0);
#4058=CARTESIAN_POINT('',(4.89E0,4.603E1,5.2691285E1));
#4059=LINE('',#4058,#4057);
#4060=DIRECTION('',(0.E0,1.894780628694E-14,1.E0));
#4061=VECTOR('',#4060,1.5E0);
#4062=CARTESIAN_POINT('',(4.89E0,4.603E1,5.1191285E1));
#4063=LINE('',#4062,#4061);
#4064=DIRECTION('',(1.E0,0.E0,-1.776356839400E-14));
#4065=VECTOR('',#4064,8.E-1);
#4066=CARTESIAN_POINT('',(4.89E0,4.7905314E1,5.1191285E1));
#4067=LINE('',#4066,#4065);
#4068=DIRECTION('',(0.E0,-1.E0,1.894463369228E-14));
#4069=VECTOR('',#4068,1.875314E0);
#4070=CARTESIAN_POINT('',(5.69E0,4.7905314E1,5.1191285E1));
#4071=LINE('',#4070,#4069);
#4072=DIRECTION('',(1.E0,0.E0,0.E0));
#4073=VECTOR('',#4072,1.205E0);
#4074=CARTESIAN_POINT('',(5.69E0,4.603E1,5.1191285E1));
#4075=LINE('',#4074,#4073);
#4076=DIRECTION('',(0.E0,-1.E0,1.776356839400E-14));
#4077=VECTOR('',#4076,8.E-1);
#4078=CARTESIAN_POINT('',(6.895E0,4.603E1,5.1191285E1));
#4079=LINE('',#4078,#4077);
#4080=DIRECTION('',(-1.E0,0.E0,-1.179324042755E-14));
#4081=VECTOR('',#4080,1.205E0);
#4082=CARTESIAN_POINT('',(6.895E0,4.523E1,5.1191285E1));
#4083=LINE('',#4082,#4081);
#4084=DIRECTION('',(0.E0,-1.E0,1.515570695382E-14));
#4085=VECTOR('',#4084,1.875314E0);
#4086=CARTESIAN_POINT('',(5.69E0,4.523E1,5.1191285E1));
#4087=LINE('',#4086,#4085);
#4088=DIRECTION('',(-1.E0,0.E0,1.776356839400E-14));
#4089=VECTOR('',#4088,8.E-1);
#4090=CARTESIAN_POINT('',(5.69E0,4.3354686E1,5.1191285E1));
#4091=LINE('',#4090,#4089);
#4092=DIRECTION('',(0.E0,1.E0,-1.515570695382E-14));
#4093=VECTOR('',#4092,1.875314E0);
#4094=CARTESIAN_POINT('',(4.89E0,4.3354686E1,5.1191285E1));
#4095=LINE('',#4094,#4093);
#4096=DIRECTION('',(-1.E0,0.E0,1.179324042755E-14));
#4097=VECTOR('',#4096,1.205E0);
#4098=CARTESIAN_POINT('',(4.89E0,4.523E1,5.1191285E1));
#4099=LINE('',#4098,#4097);
#4100=DIRECTION('',(0.E0,1.E0,0.E0));
#4101=VECTOR('',#4100,8.E-1);
#4102=CARTESIAN_POINT('',(3.685E0,4.523E1,5.1191285E1));
#4103=LINE('',#4102,#4101);
#4104=DIRECTION('',(1.E0,1.179324042755E-14,1.768986064133E-14));
#4105=VECTOR('',#4104,1.205E0);
#4106=CARTESIAN_POINT('',(3.685E0,4.603E1,5.1191285E1));
#4107=LINE('',#4106,#4105);
#4108=DIRECTION('',(0.E0,1.E0,-2.273356043074E-14));
#4109=VECTOR('',#4108,1.875314E0);
#4110=CARTESIAN_POINT('',(4.89E0,4.603E1,5.1191285E1));
#4111=LINE('',#4110,#4109);
#4112=DIRECTION('',(0.E0,1.953992523340E-14,1.E0));
#4113=VECTOR('',#4112,4.E0);
#4114=CARTESIAN_POINT('',(1.393E1,4.863E1,5.2691285E1));
#4115=LINE('',#4114,#4113);
#4116=DIRECTION('',(0.E0,1.776356839400E-14,1.E0));
#4117=VECTOR('',#4116,4.E0);
#4118=CARTESIAN_POINT('',(1.393E1,4.263E1,5.2691285E1));
#4119=LINE('',#4118,#4117);
#4120=CARTESIAN_POINT('',(1.393E1,4.563E1,5.2691285E1));
#4121=DIRECTION('',(0.E0,-2.702955214810E-14,-1.E0));
#4122=DIRECTION('',(0.E0,1.E0,-2.605323364454E-14));
#4123=AXIS2_PLACEMENT_3D('',#4120,#4121,#4122);
#4125=CARTESIAN_POINT('',(1.393E1,4.563E1,5.2691285E1));
#4126=DIRECTION('',(0.E0,-2.702955214810E-14,-1.E0));
#4127=DIRECTION('',(1.E0,0.E0,0.E0));
#4128=AXIS2_PLACEMENT_3D('',#4125,#4126,#4127);
#4130=CARTESIAN_POINT('',(1.393E1,4.563E1,5.2691285E1));
#4131=DIRECTION('',(0.E0,-2.702955214810E-14,-1.E0));
#4132=DIRECTION('',(0.E0,-1.E0,2.605323364454E-14));
#4133=AXIS2_PLACEMENT_3D('',#4130,#4131,#4132);
#4135=CARTESIAN_POINT('',(1.393E1,4.563E1,5.2691285E1));
#4136=DIRECTION('',(0.E0,-2.702955214810E-14,-1.E0));
#4137=DIRECTION('',(-1.E0,0.E0,0.E0));
#4138=AXIS2_PLACEMENT_3D('',#4135,#4136,#4137);
#4140=DIRECTION('',(1.E0,0.E0,-1.776356839400E-14));
#4141=VECTOR('',#4140,8.E-1);
#4142=CARTESIAN_POINT('',(1.353E1,4.7905314E1,5.2691285E1));
#4143=LINE('',#4142,#4141);
#4144=DIRECTION('',(0.E0,2.368475785867E-14,1.E0));
#4145=VECTOR('',#4144,1.5E0);
#4146=CARTESIAN_POINT('',(1.353E1,4.7905314E1,5.1191285E1));
#4147=LINE('',#4146,#4145);
#4148=DIRECTION('',(0.E0,-1.E0,1.894463369228E-14));
#4149=VECTOR('',#4148,1.875314E0);
#4150=CARTESIAN_POINT('',(1.433E1,4.7905314E1,5.2691285E1));
#4151=LINE('',#4150,#4149);
#4152=DIRECTION('',(0.E0,0.E0,1.E0));
#4153=VECTOR('',#4152,1.5E0);
#4154=CARTESIAN_POINT('',(1.433E1,4.7905314E1,5.1191285E1));
#4155=LINE('',#4154,#4153);
#4156=DIRECTION('',(1.E0,0.E0,0.E0));
#4157=VECTOR('',#4156,1.205E0);
#4158=CARTESIAN_POINT('',(1.433E1,4.603E1,5.2691285E1));
#4159=LINE('',#4158,#4157);
#4160=DIRECTION('',(0.E0,1.894780628694E-14,1.E0));
#4161=VECTOR('',#4160,1.5E0);
#4162=CARTESIAN_POINT('',(1.433E1,4.603E1,5.1191285E1));
#4163=LINE('',#4162,#4161);
#4164=DIRECTION('',(0.E0,-1.E0,1.776356839400E-14));
#4165=VECTOR('',#4164,8.E-1);
#4166=CARTESIAN_POINT('',(1.5535E1,4.603E1,5.2691285E1));
#4167=LINE('',#4166,#4165);
#4168=DIRECTION('',(0.E0,1.894780628694E-14,1.E0));
#4169=VECTOR('',#4168,1.5E0);
#4170=CARTESIAN_POINT('',(1.5535E1,4.603E1,5.1191285E1));
#4171=LINE('',#4170,#4169);
#4172=DIRECTION('',(-1.E0,0.E0,-1.179324042755E-14));
#4173=VECTOR('',#4172,1.205E0);
#4174=CARTESIAN_POINT('',(1.5535E1,4.523E1,5.2691285E1));
#4175=LINE('',#4174,#4173);
#4176=DIRECTION('',(0.E0,1.894780628694E-14,1.E0));
#4177=VECTOR('',#4176,1.5E0);
#4178=CARTESIAN_POINT('',(1.5535E1,4.523E1,5.1191285E1));
#4179=LINE('',#4178,#4177);
#4180=DIRECTION('',(0.E0,-1.E0,1.515570695382E-14));
#4181=VECTOR('',#4180,1.875314E0);
#4182=CARTESIAN_POINT('',(1.433E1,4.523E1,5.2691285E1));
#4183=LINE('',#4182,#4181);
#4184=DIRECTION('',(0.E0,1.894780628694E-14,1.E0));
#4185=VECTOR('',#4184,1.5E0);
#4186=CARTESIAN_POINT('',(1.433E1,4.523E1,5.1191285E1));
#4187=LINE('',#4186,#4185);
#4188=DIRECTION('',(-1.E0,0.E0,1.776356839400E-14));
#4189=VECTOR('',#4188,8.E-1);
#4190=CARTESIAN_POINT('',(1.433E1,4.3354686E1,5.2691285E1));
#4191=LINE('',#4190,#4189);
#4192=DIRECTION('',(0.E0,1.894780628694E-14,1.E0));
#4193=VECTOR('',#4192,1.5E0);
#4194=CARTESIAN_POINT('',(1.433E1,4.3354686E1,5.1191285E1));
#4195=LINE('',#4194,#4193);
#4196=DIRECTION('',(0.E0,1.E0,-1.515570695382E-14));
#4197=VECTOR('',#4196,1.875314E0);
#4198=CARTESIAN_POINT('',(1.353E1,4.3354686E1,5.2691285E1));
#4199=LINE('',#4198,#4197);
#4200=DIRECTION('',(0.E0,2.368475785867E-14,1.E0));
#4201=VECTOR('',#4200,1.5E0);
#4202=CARTESIAN_POINT('',(1.353E1,4.3354686E1,5.1191285E1));
#4203=LINE('',#4202,#4201);
#4204=DIRECTION('',(-1.E0,0.E0,1.179324042755E-14));
#4205=VECTOR('',#4204,1.205E0);
#4206=CARTESIAN_POINT('',(1.353E1,4.523E1,5.2691285E1));
#4207=LINE('',#4206,#4205);
#4208=DIRECTION('',(0.E0,1.894780628694E-14,1.E0));
#4209=VECTOR('',#4208,1.5E0);
#4210=CARTESIAN_POINT('',(1.353E1,4.523E1,5.1191285E1));
#4211=LINE('',#4210,#4209);
#4212=DIRECTION('',(0.E0,1.E0,0.E0));
#4213=VECTOR('',#4212,8.E-1);
#4214=CARTESIAN_POINT('',(1.2325E1,4.523E1,5.2691285E1));
#4215=LINE('',#4214,#4213);
#4216=DIRECTION('',(0.E0,1.894780628694E-14,1.E0));
#4217=VECTOR('',#4216,1.5E0);
#4218=CARTESIAN_POINT('',(1.2325E1,4.523E1,5.1191285E1));
#4219=LINE('',#4218,#4217);
#4220=DIRECTION('',(1.E0,0.E0,1.768986064133E-14));
#4221=VECTOR('',#4220,1.205E0);
#4222=CARTESIAN_POINT('',(1.2325E1,4.603E1,5.2691285E1));
#4223=LINE('',#4222,#4221);
#4224=DIRECTION('',(0.E0,1.421085471520E-14,1.E0));
#4225=VECTOR('',#4224,1.5E0);
#4226=CARTESIAN_POINT('',(1.2325E1,4.603E1,5.1191285E1));
#4227=LINE('',#4226,#4225);
#4228=DIRECTION('',(0.E0,1.E0,-2.273356043074E-14));
#4229=VECTOR('',#4228,1.875314E0);
#4230=CARTESIAN_POINT('',(1.353E1,4.603E1,5.2691285E1));
#4231=LINE('',#4230,#4229);
#4232=DIRECTION('',(0.E0,1.421085471520E-14,1.E0));
#4233=VECTOR('',#4232,1.5E0);
#4234=CARTESIAN_POINT('',(1.353E1,4.603E1,5.1191285E1));
#4235=LINE('',#4234,#4233);
#4236=DIRECTION('',(1.E0,1.776356839400E-14,-1.776356839400E-14));
#4237=VECTOR('',#4236,8.E-1);
#4238=CARTESIAN_POINT('',(1.353E1,4.7905314E1,5.1191285E1));
#4239=LINE('',#4238,#4237);
#4240=DIRECTION('',(0.E0,-1.E0,1.894463369228E-14));
#4241=VECTOR('',#4240,1.875314E0);
#4242=CARTESIAN_POINT('',(1.433E1,4.7905314E1,5.1191285E1));
#4243=LINE('',#4242,#4241);
#4244=DIRECTION('',(1.E0,0.E0,0.E0));
#4245=VECTOR('',#4244,1.205E0);
#4246=CARTESIAN_POINT('',(1.433E1,4.603E1,5.1191285E1));
#4247=LINE('',#4246,#4245);
#4248=DIRECTION('',(0.E0,-1.E0,1.776356839400E-14));
#4249=VECTOR('',#4248,8.E-1);
#4250=CARTESIAN_POINT('',(1.5535E1,4.603E1,5.1191285E1));
#4251=LINE('',#4250,#4249);
#4252=DIRECTION('',(-1.E0,0.E0,-1.179324042755E-14));
#4253=VECTOR('',#4252,1.205E0);
#4254=CARTESIAN_POINT('',(1.5535E1,4.523E1,5.1191285E1));
#4255=LINE('',#4254,#4253);
#4256=DIRECTION('',(0.E0,-1.E0,1.515570695382E-14));
#4257=VECTOR('',#4256,1.875314E0);
#4258=CARTESIAN_POINT('',(1.433E1,4.523E1,5.1191285E1));
#4259=LINE('',#4258,#4257);
#4260=DIRECTION('',(-1.E0,0.E0,1.776356839400E-14));
#4261=VECTOR('',#4260,8.E-1);
#4262=CARTESIAN_POINT('',(1.433E1,4.3354686E1,5.1191285E1));
#4263=LINE('',#4262,#4261);
#4264=DIRECTION('',(0.E0,1.E0,-1.515570695382E-14));
#4265=VECTOR('',#4264,1.875314E0);
#4266=CARTESIAN_POINT('',(1.353E1,4.3354686E1,5.1191285E1));
#4267=LINE('',#4266,#4265);
#4268=DIRECTION('',(-1.E0,0.E0,1.179324042755E-14));
#4269=VECTOR('',#4268,1.205E0);
#4270=CARTESIAN_POINT('',(1.353E1,4.523E1,5.1191285E1));
#4271=LINE('',#4270,#4269);
#4272=DIRECTION('',(0.E0,1.E0,0.E0));
#4273=VECTOR('',#4272,8.E-1);
#4274=CARTESIAN_POINT('',(1.2325E1,4.523E1,5.1191285E1));
#4275=LINE('',#4274,#4273);
#4276=DIRECTION('',(1.E0,0.E0,1.768986064133E-14));
#4277=VECTOR('',#4276,1.205E0);
#4278=CARTESIAN_POINT('',(1.2325E1,4.603E1,5.1191285E1));
#4279=LINE('',#4278,#4277);
#4280=DIRECTION('',(0.E0,1.E0,-2.273356043074E-14));
#4281=VECTOR('',#4280,1.875314E0);
#4282=CARTESIAN_POINT('',(1.353E1,4.603E1,5.1191285E1));
#4283=LINE('',#4282,#4281);
#4284=DIRECTION('',(0.E0,1.953992523340E-14,1.E0));
#4285=VECTOR('',#4284,4.E0);
#4286=CARTESIAN_POINT('',(2.258E1,4.863E1,5.2691285E1));
#4287=LINE('',#4286,#4285);
#4288=DIRECTION('',(0.E0,1.776356839400E-14,1.E0));
#4289=VECTOR('',#4288,4.E0);
#4290=CARTESIAN_POINT('',(2.258E1,4.263E1,5.2691285E1));
#4291=LINE('',#4290,#4289);
#4292=CARTESIAN_POINT('',(2.258E1,4.563E1,5.2691285E1));
#4293=DIRECTION('',(0.E0,-2.702955214810E-14,-1.E0));
#4294=DIRECTION('',(0.E0,1.E0,-2.605323364454E-14));
#4295=AXIS2_PLACEMENT_3D('',#4292,#4293,#4294);
#4297=CARTESIAN_POINT('',(2.258E1,4.563E1,5.2691285E1));
#4298=DIRECTION('',(0.E0,-2.702955214810E-14,-1.E0));
#4299=DIRECTION('',(1.E0,0.E0,0.E0));
#4300=AXIS2_PLACEMENT_3D('',#4297,#4298,#4299);
#4302=CARTESIAN_POINT('',(2.258E1,4.563E1,5.2691285E1));
#4303=DIRECTION('',(0.E0,-2.702955214810E-14,-1.E0));
#4304=DIRECTION('',(0.E0,-1.E0,2.605323364454E-14));
#4305=AXIS2_PLACEMENT_3D('',#4302,#4303,#4304);
#4307=CARTESIAN_POINT('',(2.258E1,4.563E1,5.2691285E1));
#4308=DIRECTION('',(0.E0,-2.702955214810E-14,-1.E0));
#4309=DIRECTION('',(-1.E0,0.E0,0.E0));
#4310=AXIS2_PLACEMENT_3D('',#4307,#4308,#4309);
#4312=DIRECTION('',(1.E0,1.776356839400E-14,-1.776356839400E-14));
#4313=VECTOR('',#4312,8.E-1);
#4314=CARTESIAN_POINT('',(2.218E1,4.7905314E1,5.2691285E1));
#4315=LINE('',#4314,#4313);
#4316=DIRECTION('',(0.E0,1.421085471520E-14,1.E0));
#4317=VECTOR('',#4316,1.5E0);
#4318=CARTESIAN_POINT('',(2.218E1,4.7905314E1,5.1191285E1));
#4319=LINE('',#4318,#4317);
#4320=DIRECTION('',(0.E0,-1.E0,1.894463369228E-14));
#4321=VECTOR('',#4320,1.875314E0);
#4322=CARTESIAN_POINT('',(2.298E1,4.7905314E1,5.2691285E1));
#4323=LINE('',#4322,#4321);
#4324=DIRECTION('',(0.E0,1.894780628694E-14,1.E0));
#4325=VECTOR('',#4324,1.5E0);
#4326=CARTESIAN_POINT('',(2.298E1,4.7905314E1,5.1191285E1));
#4327=LINE('',#4326,#4325);
#4328=DIRECTION('',(1.E0,0.E0,0.E0));
#4329=VECTOR('',#4328,1.205E0);
#4330=CARTESIAN_POINT('',(2.298E1,4.603E1,5.2691285E1));
#4331=LINE('',#4330,#4329);
#4332=DIRECTION('',(0.E0,1.894780628694E-14,1.E0));
#4333=VECTOR('',#4332,1.5E0);
#4334=CARTESIAN_POINT('',(2.298E1,4.603E1,5.1191285E1));
#4335=LINE('',#4334,#4333);
#4336=DIRECTION('',(0.E0,-1.E0,1.776356839400E-14));
#4337=VECTOR('',#4336,8.E-1);
#4338=CARTESIAN_POINT('',(2.4185E1,4.603E1,5.2691285E1));
#4339=LINE('',#4338,#4337);
#4340=DIRECTION('',(0.E0,1.894780628694E-14,1.E0));
#4341=VECTOR('',#4340,1.5E0);
#4342=CARTESIAN_POINT('',(2.4185E1,4.603E1,5.1191285E1));
#4343=LINE('',#4342,#4341);
#4344=DIRECTION('',(-1.E0,0.E0,-1.179324042755E-14));
#4345=VECTOR('',#4344,1.205E0);
#4346=CARTESIAN_POINT('',(2.4185E1,4.523E1,5.2691285E1));
#4347=LINE('',#4346,#4345);
#4348=DIRECTION('',(0.E0,1.894780628694E-14,1.E0));
#4349=VECTOR('',#4348,1.5E0);
#4350=CARTESIAN_POINT('',(2.4185E1,4.523E1,5.1191285E1));
#4351=LINE('',#4350,#4349);
#4352=DIRECTION('',(0.E0,-1.E0,1.515570695382E-14));
#4353=VECTOR('',#4352,1.875314E0);
#4354=CARTESIAN_POINT('',(2.298E1,4.523E1,5.2691285E1));
#4355=LINE('',#4354,#4353);
#4356=DIRECTION('',(0.E0,1.894780628694E-14,1.E0));
#4357=VECTOR('',#4356,1.5E0);
#4358=CARTESIAN_POINT('',(2.298E1,4.523E1,5.1191285E1));
#4359=LINE('',#4358,#4357);
#4360=DIRECTION('',(-1.E0,0.E0,1.776356839400E-14));
#4361=VECTOR('',#4360,8.E-1);
#4362=CARTESIAN_POINT('',(2.298E1,4.3354686E1,5.2691285E1));
#4363=LINE('',#4362,#4361);
#4364=DIRECTION('',(0.E0,2.368475785867E-14,1.E0));
#4365=VECTOR('',#4364,1.5E0);
#4366=CARTESIAN_POINT('',(2.298E1,4.3354686E1,5.1191285E1));
#4367=LINE('',#4366,#4365);
#4368=DIRECTION('',(0.E0,1.E0,-1.515570695382E-14));
#4369=VECTOR('',#4368,1.875314E0);
#4370=CARTESIAN_POINT('',(2.218E1,4.3354686E1,5.2691285E1));
#4371=LINE('',#4370,#4369);
#4372=DIRECTION('',(0.E0,1.894780628694E-14,1.E0));
#4373=VECTOR('',#4372,1.5E0);
#4374=CARTESIAN_POINT('',(2.218E1,4.3354686E1,5.1191285E1));
#4375=LINE('',#4374,#4373);
#4376=DIRECTION('',(-1.E0,0.E0,1.179324042755E-14));
#4377=VECTOR('',#4376,1.205E0);
#4378=CARTESIAN_POINT('',(2.218E1,4.523E1,5.2691285E1));
#4379=LINE('',#4378,#4377);
#4380=DIRECTION('',(0.E0,0.E0,1.E0));
#4381=VECTOR('',#4380,1.5E0);
#4382=CARTESIAN_POINT('',(2.218E1,4.523E1,5.1191285E1));
#4383=LINE('',#4382,#4381);
#4384=DIRECTION('',(0.E0,1.E0,0.E0));
#4385=VECTOR('',#4384,8.E-1);
#4386=CARTESIAN_POINT('',(2.0975E1,4.523E1,5.2691285E1));
#4387=LINE('',#4386,#4385);
#4388=DIRECTION('',(0.E0,1.894780628694E-14,1.E0));
#4389=VECTOR('',#4388,1.5E0);
#4390=CARTESIAN_POINT('',(2.0975E1,4.523E1,5.1191285E1));
#4391=LINE('',#4390,#4389);
#4392=DIRECTION('',(1.E0,0.E0,1.768986064133E-14));
#4393=VECTOR('',#4392,1.205E0);
#4394=CARTESIAN_POINT('',(2.0975E1,4.603E1,5.2691285E1));
#4395=LINE('',#4394,#4393);
#4396=DIRECTION('',(0.E0,1.421085471520E-14,1.E0));
#4397=VECTOR('',#4396,1.5E0);
#4398=CARTESIAN_POINT('',(2.0975E1,4.603E1,5.1191285E1));
#4399=LINE('',#4398,#4397);
#4400=DIRECTION('',(0.E0,1.E0,-2.273356043074E-14));
#4401=VECTOR('',#4400,1.875314E0);
#4402=CARTESIAN_POINT('',(2.218E1,4.603E1,5.2691285E1));
#4403=LINE('',#4402,#4401);
#4404=DIRECTION('',(0.E0,1.421085471520E-14,1.E0));
#4405=VECTOR('',#4404,1.5E0);
#4406=CARTESIAN_POINT('',(2.218E1,4.603E1,5.1191285E1));
#4407=LINE('',#4406,#4405);
#4408=DIRECTION('',(1.E0,0.E0,-1.776356839400E-14));
#4409=VECTOR('',#4408,8.E-1);
#4410=CARTESIAN_POINT('',(2.218E1,4.7905314E1,5.1191285E1));
#4411=LINE('',#4410,#4409);
#4412=DIRECTION('',(0.E0,-1.E0,1.894463369228E-14));
#4413=VECTOR('',#4412,1.875314E0);
#4414=CARTESIAN_POINT('',(2.298E1,4.7905314E1,5.1191285E1));
#4415=LINE('',#4414,#4413);
#4416=DIRECTION('',(1.E0,0.E0,0.E0));
#4417=VECTOR('',#4416,1.205E0);
#4418=CARTESIAN_POINT('',(2.298E1,4.603E1,5.1191285E1));
#4419=LINE('',#4418,#4417);
#4420=DIRECTION('',(0.E0,-1.E0,1.776356839400E-14));
#4421=VECTOR('',#4420,8.E-1);
#4422=CARTESIAN_POINT('',(2.4185E1,4.603E1,5.1191285E1));
#4423=LINE('',#4422,#4421);
#4424=DIRECTION('',(-1.E0,0.E0,-1.179324042755E-14));
#4425=VECTOR('',#4424,1.205E0);
#4426=CARTESIAN_POINT('',(2.4185E1,4.523E1,5.1191285E1));
#4427=LINE('',#4426,#4425);
#4428=DIRECTION('',(0.E0,-1.E0,1.515570695382E-14));
#4429=VECTOR('',#4428,1.875314E0);
#4430=CARTESIAN_POINT('',(2.298E1,4.523E1,5.1191285E1));
#4431=LINE('',#4430,#4429);
#4432=DIRECTION('',(-1.E0,0.E0,1.776356839400E-14));
#4433=VECTOR('',#4432,8.E-1);
#4434=CARTESIAN_POINT('',(2.298E1,4.3354686E1,5.1191285E1));
#4435=LINE('',#4434,#4433);
#4436=DIRECTION('',(0.E0,1.E0,-1.515570695382E-14));
#4437=VECTOR('',#4436,1.875314E0);
#4438=CARTESIAN_POINT('',(2.218E1,4.3354686E1,5.1191285E1));
#4439=LINE('',#4438,#4437);
#4440=DIRECTION('',(-1.E0,0.E0,1.179324042755E-14));
#4441=VECTOR('',#4440,1.205E0);
#4442=CARTESIAN_POINT('',(2.218E1,4.523E1,5.1191285E1));
#4443=LINE('',#4442,#4441);
#4444=DIRECTION('',(0.E0,1.E0,0.E0));
#4445=VECTOR('',#4444,8.E-1);
#4446=CARTESIAN_POINT('',(2.0975E1,4.523E1,5.1191285E1));
#4447=LINE('',#4446,#4445);
#4448=DIRECTION('',(1.E0,0.E0,1.768986064133E-14));
#4449=VECTOR('',#4448,1.205E0);
#4450=CARTESIAN_POINT('',(2.0975E1,4.603E1,5.1191285E1));
#4451=LINE('',#4450,#4449);
#4452=DIRECTION('',(0.E0,1.E0,-2.273356043074E-14));
#4453=VECTOR('',#4452,1.875314E0);
#4454=CARTESIAN_POINT('',(2.218E1,4.603E1,5.1191285E1));
#4455=LINE('',#4454,#4453);
#4456=DIRECTION('',(0.E0,1.953992523340E-14,1.E0));
#4457=VECTOR('',#4456,4.E0);
#4458=CARTESIAN_POINT('',(3.122E1,4.863E1,5.2691285E1));
#4459=LINE('',#4458,#4457);
#4460=DIRECTION('',(0.E0,1.776356839400E-14,1.E0));
#4461=VECTOR('',#4460,4.E0);
#4462=CARTESIAN_POINT('',(3.122E1,4.263E1,5.2691285E1));
#4463=LINE('',#4462,#4461);
#4464=CARTESIAN_POINT('',(3.122E1,4.563E1,5.2691285E1));
#4465=DIRECTION('',(0.E0,-2.702955214810E-14,-1.E0));
#4466=DIRECTION('',(0.E0,1.E0,-2.605323364454E-14));
#4467=AXIS2_PLACEMENT_3D('',#4464,#4465,#4466);
#4469=CARTESIAN_POINT('',(3.122E1,4.563E1,5.2691285E1));
#4470=DIRECTION('',(0.E0,-2.702955214810E-14,-1.E0));
#4471=DIRECTION('',(1.E0,0.E0,0.E0));
#4472=AXIS2_PLACEMENT_3D('',#4469,#4470,#4471);
#4474=CARTESIAN_POINT('',(3.122E1,4.563E1,5.2691285E1));
#4475=DIRECTION('',(0.E0,-2.702955214810E-14,-1.E0));
#4476=DIRECTION('',(0.E0,-1.E0,2.605323364454E-14));
#4477=AXIS2_PLACEMENT_3D('',#4474,#4475,#4476);
#4479=CARTESIAN_POINT('',(3.122E1,4.563E1,5.2691285E1));
#4480=DIRECTION('',(0.E0,-2.702955214810E-14,-1.E0));
#4481=DIRECTION('',(-1.E0,0.E0,0.E0));
#4482=AXIS2_PLACEMENT_3D('',#4479,#4480,#4481);
#4484=DIRECTION('',(1.E0,0.E0,-1.776356839400E-14));
#4485=VECTOR('',#4484,8.E-1);
#4486=CARTESIAN_POINT('',(3.082E1,4.7905314E1,5.2691285E1));
#4487=LINE('',#4486,#4485);
#4488=DIRECTION('',(0.E0,1.421085471520E-14,1.E0));
#4489=VECTOR('',#4488,1.5E0);
#4490=CARTESIAN_POINT('',(3.082E1,4.7905314E1,5.1191285E1));
#4491=LINE('',#4490,#4489);
#4492=DIRECTION('',(0.E0,-1.E0,1.894463369228E-14));
#4493=VECTOR('',#4492,1.875314E0);
#4494=CARTESIAN_POINT('',(3.162E1,4.7905314E1,5.2691285E1));
#4495=LINE('',#4494,#4493);
#4496=DIRECTION('',(0.E0,1.894780628694E-14,1.E0));
#4497=VECTOR('',#4496,1.5E0);
#4498=CARTESIAN_POINT('',(3.162E1,4.7905314E1,5.1191285E1));
#4499=LINE('',#4498,#4497);
#4500=DIRECTION('',(1.E0,0.E0,0.E0));
#4501=VECTOR('',#4500,1.205E0);
#4502=CARTESIAN_POINT('',(3.162E1,4.603E1,5.2691285E1));
#4503=LINE('',#4502,#4501);
#4504=DIRECTION('',(0.E0,1.894780628694E-14,1.E0));
#4505=VECTOR('',#4504,1.5E0);
#4506=CARTESIAN_POINT('',(3.162E1,4.603E1,5.1191285E1));
#4507=LINE('',#4506,#4505);
#4508=DIRECTION('',(0.E0,-1.E0,1.776356839400E-14));
#4509=VECTOR('',#4508,8.E-1);
#4510=CARTESIAN_POINT('',(3.2825E1,4.603E1,5.2691285E1));
#4511=LINE('',#4510,#4509);
#4512=DIRECTION('',(0.E0,1.894780628694E-14,1.E0));
#4513=VECTOR('',#4512,1.5E0);
#4514=CARTESIAN_POINT('',(3.2825E1,4.603E1,5.1191285E1));
#4515=LINE('',#4514,#4513);
#4516=DIRECTION('',(-1.E0,0.E0,-1.179324042755E-14));
#4517=VECTOR('',#4516,1.205E0);
#4518=CARTESIAN_POINT('',(3.2825E1,4.523E1,5.2691285E1));
#4519=LINE('',#4518,#4517);
#4520=DIRECTION('',(0.E0,1.894780628694E-14,1.E0));
#4521=VECTOR('',#4520,1.5E0);
#4522=CARTESIAN_POINT('',(3.2825E1,4.523E1,5.1191285E1));
#4523=LINE('',#4522,#4521);
#4524=DIRECTION('',(0.E0,-1.E0,1.515570695382E-14));
#4525=VECTOR('',#4524,1.875314E0);
#4526=CARTESIAN_POINT('',(3.162E1,4.523E1,5.2691285E1));
#4527=LINE('',#4526,#4525);
#4528=DIRECTION('',(0.E0,1.894780628694E-14,1.E0));
#4529=VECTOR('',#4528,1.5E0);
#4530=CARTESIAN_POINT('',(3.162E1,4.523E1,5.1191285E1));
#4531=LINE('',#4530,#4529);
#4532=DIRECTION('',(-1.E0,0.E0,1.776356839400E-14));
#4533=VECTOR('',#4532,8.E-1);
#4534=CARTESIAN_POINT('',(3.162E1,4.3354686E1,5.2691285E1));
#4535=LINE('',#4534,#4533);
#4536=DIRECTION('',(0.E0,1.421085471520E-14,1.E0));
#4537=VECTOR('',#4536,1.5E0);
#4538=CARTESIAN_POINT('',(3.162E1,4.3354686E1,5.1191285E1));
#4539=LINE('',#4538,#4537);
#4540=DIRECTION('',(0.E0,1.E0,-1.515570695382E-14));
#4541=VECTOR('',#4540,1.875314E0);
#4542=CARTESIAN_POINT('',(3.082E1,4.3354686E1,5.2691285E1));
#4543=LINE('',#4542,#4541);
#4544=DIRECTION('',(0.E0,1.894780628694E-14,1.E0));
#4545=VECTOR('',#4544,1.5E0);
#4546=CARTESIAN_POINT('',(3.082E1,4.3354686E1,5.1191285E1));
#4547=LINE('',#4546,#4545);
#4548=DIRECTION('',(-1.E0,0.E0,1.179324042755E-14));
#4549=VECTOR('',#4548,1.205E0);
#4550=CARTESIAN_POINT('',(3.082E1,4.523E1,5.2691285E1));
#4551=LINE('',#4550,#4549);
#4552=DIRECTION('',(0.E0,0.E0,1.E0));
#4553=VECTOR('',#4552,1.5E0);
#4554=CARTESIAN_POINT('',(3.082E1,4.523E1,5.1191285E1));
#4555=LINE('',#4554,#4553);
#4556=DIRECTION('',(0.E0,1.E0,0.E0));
#4557=VECTOR('',#4556,8.E-1);
#4558=CARTESIAN_POINT('',(2.9615E1,4.523E1,5.2691285E1));
#4559=LINE('',#4558,#4557);
#4560=DIRECTION('',(0.E0,1.894780628694E-14,1.E0));
#4561=VECTOR('',#4560,1.5E0);
#4562=CARTESIAN_POINT('',(2.9615E1,4.523E1,5.1191285E1));
#4563=LINE('',#4562,#4561);
#4564=DIRECTION('',(1.E0,0.E0,1.768986064133E-14));
#4565=VECTOR('',#4564,1.205E0);
#4566=CARTESIAN_POINT('',(2.9615E1,4.603E1,5.2691285E1));
#4567=LINE('',#4566,#4565);
#4568=DIRECTION('',(0.E0,1.894780628694E-14,1.E0));
#4569=VECTOR('',#4568,1.5E0);
#4570=CARTESIAN_POINT('',(2.9615E1,4.603E1,5.1191285E1));
#4571=LINE('',#4570,#4569);
#4572=DIRECTION('',(0.E0,1.E0,-2.273356043074E-14));
#4573=VECTOR('',#4572,1.875314E0);
#4574=CARTESIAN_POINT('',(3.082E1,4.603E1,5.2691285E1));
#4575=LINE('',#4574,#4573);
#4576=DIRECTION('',(0.E0,1.894780628694E-14,1.E0));
#4577=VECTOR('',#4576,1.5E0);
#4578=CARTESIAN_POINT('',(3.082E1,4.603E1,5.1191285E1));
#4579=LINE('',#4578,#4577);
#4580=DIRECTION('',(1.E0,0.E0,-1.776356839400E-14));
#4581=VECTOR('',#4580,8.E-1);
#4582=CARTESIAN_POINT('',(3.082E1,4.7905314E1,5.1191285E1));
#4583=LINE('',#4582,#4581);
#4584=DIRECTION('',(0.E0,-1.E0,1.894463369228E-14));
#4585=VECTOR('',#4584,1.875314E0);
#4586=CARTESIAN_POINT('',(3.162E1,4.7905314E1,5.1191285E1));
#4587=LINE('',#4586,#4585);
#4588=DIRECTION('',(1.E0,0.E0,0.E0));
#4589=VECTOR('',#4588,1.205E0);
#4590=CARTESIAN_POINT('',(3.162E1,4.603E1,5.1191285E1));
#4591=LINE('',#4590,#4589);
#4592=DIRECTION('',(0.E0,-1.E0,1.776356839400E-14));
#4593=VECTOR('',#4592,8.E-1);
#4594=CARTESIAN_POINT('',(3.2825E1,4.603E1,5.1191285E1));
#4595=LINE('',#4594,#4593);
#4596=DIRECTION('',(-1.E0,0.E0,-1.179324042755E-14));
#4597=VECTOR('',#4596,1.205E0);
#4598=CARTESIAN_POINT('',(3.2825E1,4.523E1,5.1191285E1));
#4599=LINE('',#4598,#4597);
#4600=DIRECTION('',(0.E0,-1.E0,1.515570695382E-14));
#4601=VECTOR('',#4600,1.875314E0);
#4602=CARTESIAN_POINT('',(3.162E1,4.523E1,5.1191285E1));
#4603=LINE('',#4602,#4601);
#4604=DIRECTION('',(-1.E0,0.E0,1.776356839400E-14));
#4605=VECTOR('',#4604,8.E-1);
#4606=CARTESIAN_POINT('',(3.162E1,4.3354686E1,5.1191285E1));
#4607=LINE('',#4606,#4605);
#4608=DIRECTION('',(0.E0,1.E0,-1.515570695382E-14));
#4609=VECTOR('',#4608,1.875314E0);
#4610=CARTESIAN_POINT('',(3.082E1,4.3354686E1,5.1191285E1));
#4611=LINE('',#4610,#4609);
#4612=DIRECTION('',(-1.E0,0.E0,1.179324042755E-14));
#4613=VECTOR('',#4612,1.205E0);
#4614=CARTESIAN_POINT('',(3.082E1,4.523E1,5.1191285E1));
#4615=LINE('',#4614,#4613);
#4616=DIRECTION('',(0.E0,1.E0,0.E0));
#4617=VECTOR('',#4616,8.E-1);
#4618=CARTESIAN_POINT('',(2.9615E1,4.523E1,5.1191285E1));
#4619=LINE('',#4618,#4617);
#4620=DIRECTION('',(1.E0,0.E0,1.768986064133E-14));
#4621=VECTOR('',#4620,1.205E0);
#4622=CARTESIAN_POINT('',(2.9615E1,4.603E1,5.1191285E1));
#4623=LINE('',#4622,#4621);
#4624=DIRECTION('',(0.E0,1.E0,-2.273356043074E-14));
#4625=VECTOR('',#4624,1.875314E0);
#4626=CARTESIAN_POINT('',(3.082E1,4.603E1,5.1191285E1));
#4627=LINE('',#4626,#4625);
#4628=DIRECTION('',(0.E0,1.598721155460E-14,1.E0));
#4629=VECTOR('',#4628,4.E0);
#4630=CARTESIAN_POINT('',(3.99E1,4.343E1,5.2691285E1));
#4631=LINE('',#4630,#4629);
#4632=DIRECTION('',(0.E0,1.598721155460E-14,1.E0));
#4633=VECTOR('',#4632,4.E0);
#4634=CARTESIAN_POINT('',(3.99E1,4.943E1,5.2691285E1));
#4635=LINE('',#4634,#4633);
#4636=CARTESIAN_POINT('',(3.99E1,4.643E1,5.2691285E1));
#4637=DIRECTION('',(0.E0,-2.702955214810E-14,-1.E0));
#4638=DIRECTION('',(0.E0,-1.E0,2.605323364454E-14));
#4639=AXIS2_PLACEMENT_3D('',#4636,#4637,#4638);
#4641=CARTESIAN_POINT('',(3.99E1,4.643E1,5.2691285E1));
#4642=DIRECTION('',(0.E0,-2.702955214810E-14,-1.E0));
#4643=DIRECTION('',(-1.E0,0.E0,0.E0));
#4644=AXIS2_PLACEMENT_3D('',#4641,#4642,#4643);
#4646=CARTESIAN_POINT('',(3.99E1,4.643E1,5.2691285E1));
#4647=DIRECTION('',(0.E0,-2.702955214810E-14,-1.E0));
#4648=DIRECTION('',(0.E0,1.E0,-2.605323364454E-14));
#4649=AXIS2_PLACEMENT_3D('',#4646,#4647,#4648);
#4651=CARTESIAN_POINT('',(3.99E1,4.643E1,5.2691285E1));
#4652=DIRECTION('',(0.E0,-2.702955214810E-14,-1.E0));
#4653=DIRECTION('',(1.E0,0.E0,0.E0));
#4654=AXIS2_PLACEMENT_3D('',#4651,#4652,#4653);
#4656=DIRECTION('',(1.E0,0.E0,-3.552713678801E-14));
#4657=VECTOR('',#4656,8.E-1);
#4658=CARTESIAN_POINT('',(3.95E1,4.8705314E1,5.2691285E1));
#4659=LINE('',#4658,#4657);
#4660=DIRECTION('',(0.E0,1.894780628694E-14,1.E0));
#4661=VECTOR('',#4660,1.5E0);
#4662=CARTESIAN_POINT('',(3.95E1,4.8705314E1,5.1191285E1));
#4663=LINE('',#4662,#4661);
#4664=DIRECTION('',(0.E0,-1.E0,2.273356043074E-14));
#4665=VECTOR('',#4664,1.875314E0);
#4666=CARTESIAN_POINT('',(4.03E1,4.8705314E1,5.2691285E1));
#4667=LINE('',#4666,#4665);
#4668=DIRECTION('',(0.E0,1.894780628694E-14,1.E0));
#4669=VECTOR('',#4668,1.5E0);
#4670=CARTESIAN_POINT('',(4.03E1,4.8705314E1,5.1191285E1));
#4671=LINE('',#4670,#4669);
#4672=DIRECTION('',(1.E0,0.E0,-1.179324042755E-14));
#4673=VECTOR('',#4672,1.205E0);
#4674=CARTESIAN_POINT('',(4.03E1,4.683E1,5.2691285E1));
#4675=LINE('',#4674,#4673);
#4676=DIRECTION('',(0.E0,1.894780628694E-14,1.E0));
#4677=VECTOR('',#4676,1.5E0);
#4678=CARTESIAN_POINT('',(4.03E1,4.683E1,5.1191285E1));
#4679=LINE('',#4678,#4677);
#4680=DIRECTION('',(0.E0,-1.E0,2.664535259100E-14));
#4681=VECTOR('',#4680,8.E-1);
#4682=CARTESIAN_POINT('',(4.1505E1,4.683E1,5.2691285E1));
#4683=LINE('',#4682,#4681);
#4684=DIRECTION('',(0.E0,1.421085471520E-14,1.E0));
#4685=VECTOR('',#4684,1.5E0);
#4686=CARTESIAN_POINT('',(4.1505E1,4.683E1,5.1191285E1));
#4687=LINE('',#4686,#4685);
#4688=DIRECTION('',(-1.E0,0.E0,-1.768986064133E-14));
#4689=VECTOR('',#4688,1.205E0);
#4690=CARTESIAN_POINT('',(4.1505E1,4.603E1,5.2691285E1));
#4691=LINE('',#4690,#4689);
#4692=DIRECTION('',(0.E0,1.421085471520E-14,1.E0));
#4693=VECTOR('',#4692,1.5E0);
#4694=CARTESIAN_POINT('',(4.1505E1,4.603E1,5.1191285E1));
#4695=LINE('',#4694,#4693);
#4696=DIRECTION('',(0.E0,-1.E0,2.273356043074E-14));
#4697=VECTOR('',#4696,1.875314E0);
#4698=CARTESIAN_POINT('',(4.03E1,4.603E1,5.2691285E1));
#4699=LINE('',#4698,#4697);
#4700=DIRECTION('',(0.E0,1.421085471520E-14,1.E0));
#4701=VECTOR('',#4700,1.5E0);
#4702=CARTESIAN_POINT('',(4.03E1,4.603E1,5.1191285E1));
#4703=LINE('',#4702,#4701);
#4704=DIRECTION('',(-1.E0,0.E0,1.776356839400E-14));
#4705=VECTOR('',#4704,8.E-1);
#4706=CARTESIAN_POINT('',(4.03E1,4.4154686E1,5.2691285E1));
#4707=LINE('',#4706,#4705);
#4708=DIRECTION('',(0.E0,1.894780628694E-14,1.E0));
#4709=VECTOR('',#4708,1.5E0);
#4710=CARTESIAN_POINT('',(4.03E1,4.4154686E1,5.1191285E1));
#4711=LINE('',#4710,#4709);
#4712=DIRECTION('',(0.E0,1.E0,-1.894463369228E-14));
#4713=VECTOR('',#4712,1.875314E0);
#4714=CARTESIAN_POINT('',(3.95E1,4.4154686E1,5.2691285E1));
#4715=LINE('',#4714,#4713);
#4716=DIRECTION('',(0.E0,1.894780628694E-14,1.E0));
#4717=VECTOR('',#4716,1.5E0);
#4718=CARTESIAN_POINT('',(3.95E1,4.4154686E1,5.1191285E1));
#4719=LINE('',#4718,#4717);
#4720=DIRECTION('',(-1.E0,0.E0,0.E0));
#4721=VECTOR('',#4720,1.205E0);
#4722=CARTESIAN_POINT('',(3.95E1,4.603E1,5.2691285E1));
#4723=LINE('',#4722,#4721);
#4724=DIRECTION('',(0.E0,2.368475785867E-14,1.E0));
#4725=VECTOR('',#4724,1.5E0);
#4726=CARTESIAN_POINT('',(3.95E1,4.603E1,5.1191285E1));
#4727=LINE('',#4726,#4725);
#4728=DIRECTION('',(0.E0,1.E0,0.E0));
#4729=VECTOR('',#4728,8.E-1);
#4730=CARTESIAN_POINT('',(3.8295E1,4.603E1,5.2691285E1));
#4731=LINE('',#4730,#4729);
#4732=DIRECTION('',(0.E0,1.894780628694E-14,1.E0));
#4733=VECTOR('',#4732,1.5E0);
#4734=CARTESIAN_POINT('',(3.8295E1,4.603E1,5.1191285E1));
#4735=LINE('',#4734,#4733);
#4736=DIRECTION('',(1.E0,0.E0,1.179324042755E-14));
#4737=VECTOR('',#4736,1.205E0);
#4738=CARTESIAN_POINT('',(3.8295E1,4.683E1,5.2691285E1));
#4739=LINE('',#4738,#4737);
#4740=DIRECTION('',(0.E0,1.894780628694E-14,1.E0));
#4741=VECTOR('',#4740,1.5E0);
#4742=CARTESIAN_POINT('',(3.8295E1,4.683E1,5.1191285E1));
#4743=LINE('',#4742,#4741);
#4744=DIRECTION('',(0.E0,1.E0,-1.894463369228E-14));
#4745=VECTOR('',#4744,1.875314E0);
#4746=CARTESIAN_POINT('',(3.95E1,4.683E1,5.2691285E1));
#4747=LINE('',#4746,#4745);
#4748=DIRECTION('',(0.E0,1.421085471520E-14,1.E0));
#4749=VECTOR('',#4748,1.5E0);
#4750=CARTESIAN_POINT('',(3.95E1,4.683E1,5.1191285E1));
#4751=LINE('',#4750,#4749);
#4752=DIRECTION('',(1.E0,0.E0,-2.664535259100E-14));
#4753=VECTOR('',#4752,8.E-1);
#4754=CARTESIAN_POINT('',(3.95E1,4.8705314E1,5.1191285E1));
#4755=LINE('',#4754,#4753);
#4756=DIRECTION('',(0.E0,-1.E0,1.515570695382E-14));
#4757=VECTOR('',#4756,1.875314E0);
#4758=CARTESIAN_POINT('',(4.03E1,4.8705314E1,5.1191285E1));
#4759=LINE('',#4758,#4757);
#4760=DIRECTION('',(1.E0,0.E0,0.E0));
#4761=VECTOR('',#4760,1.205E0);
#4762=CARTESIAN_POINT('',(4.03E1,4.683E1,5.1191285E1));
#4763=LINE('',#4762,#4761);
#4764=DIRECTION('',(0.E0,-1.E0,0.E0));
#4765=VECTOR('',#4764,8.E-1);
#4766=CARTESIAN_POINT('',(4.1505E1,4.683E1,5.1191285E1));
#4767=LINE('',#4766,#4765);
#4768=DIRECTION('',(-1.E0,0.E0,-1.768986064133E-14));
#4769=VECTOR('',#4768,1.205E0);
#4770=CARTESIAN_POINT('',(4.1505E1,4.603E1,5.1191285E1));
#4771=LINE('',#4770,#4769);
#4772=DIRECTION('',(0.E0,-1.E0,2.273356043074E-14));
#4773=VECTOR('',#4772,1.875314E0);
#4774=CARTESIAN_POINT('',(4.03E1,4.603E1,5.1191285E1));
#4775=LINE('',#4774,#4773);
#4776=DIRECTION('',(-1.E0,0.E0,1.776356839400E-14));
#4777=VECTOR('',#4776,8.E-1);
#4778=CARTESIAN_POINT('',(4.03E1,4.4154686E1,5.1191285E1));
#4779=LINE('',#4778,#4777);
#4780=DIRECTION('',(0.E0,1.E0,-1.515570695382E-14));
#4781=VECTOR('',#4780,1.875314E0);
#4782=CARTESIAN_POINT('',(3.95E1,4.4154686E1,5.1191285E1));
#4783=LINE('',#4782,#4781);
#4784=DIRECTION('',(-1.E0,1.179324042755E-14,0.E0));
#4785=VECTOR('',#4784,1.205E0);
#4786=CARTESIAN_POINT('',(3.95E1,4.603E1,5.1191285E1));
#4787=LINE('',#4786,#4785);
#4788=DIRECTION('',(0.E0,1.E0,-1.776356839400E-14));
#4789=VECTOR('',#4788,8.E-1);
#4790=CARTESIAN_POINT('',(3.8295E1,4.603E1,5.1191285E1));
#4791=LINE('',#4790,#4789);
#4792=DIRECTION('',(1.E0,0.E0,1.179324042755E-14));
#4793=VECTOR('',#4792,1.205E0);
#4794=CARTESIAN_POINT('',(3.8295E1,4.683E1,5.1191285E1));
#4795=LINE('',#4794,#4793);
#4796=DIRECTION('',(0.E0,1.E0,-1.894463369228E-14));
#4797=VECTOR('',#4796,1.875314E0);
#4798=CARTESIAN_POINT('',(3.95E1,4.683E1,5.1191285E1));
#4799=LINE('',#4798,#4797);
#4800=DIRECTION('',(0.E0,1.865174681370E-14,1.E0));
#4801=VECTOR('',#4800,4.E0);
#4802=CARTESIAN_POINT('',(5.29E0,1.536E1,5.2691285E1));
#4803=LINE('',#4802,#4801);
#4804=DIRECTION('',(0.E0,1.820765760385E-14,1.E0));
#4805=VECTOR('',#4804,4.E0);
#4806=CARTESIAN_POINT('',(5.29E0,9.36E0,5.2691285E1));
#4807=LINE('',#4806,#4805);
#4808=CARTESIAN_POINT('',(5.29E0,1.236E1,5.2691285E1));
#4809=DIRECTION('',(0.E0,-2.702955214810E-14,-1.E0));
#4810=DIRECTION('',(0.E0,1.E0,-2.605323364454E-14));
#4811=AXIS2_PLACEMENT_3D('',#4808,#4809,#4810);
#4813=CARTESIAN_POINT('',(5.29E0,1.236E1,5.2691285E1));
#4814=DIRECTION('',(0.E0,-2.702955214810E-14,-1.E0));
#4815=DIRECTION('',(1.E0,0.E0,0.E0));
#4816=AXIS2_PLACEMENT_3D('',#4813,#4814,#4815);
#4818=CARTESIAN_POINT('',(5.29E0,1.236E1,5.2691285E1));
#4819=DIRECTION('',(0.E0,-2.702955214810E-14,-1.E0));
#4820=DIRECTION('',(0.E0,-1.E0,2.605323364454E-14));
#4821=AXIS2_PLACEMENT_3D('',#4818,#4819,#4820);
#4823=CARTESIAN_POINT('',(5.29E0,1.236E1,5.2691285E1));
#4824=DIRECTION('',(0.E0,-2.702955214810E-14,-1.E0));
#4825=DIRECTION('',(-1.E0,0.E0,0.E0));
#4826=AXIS2_PLACEMENT_3D('',#4823,#4824,#4825);
#4828=DIRECTION('',(1.E0,0.E0,-2.664535259100E-14));
#4829=VECTOR('',#4828,8.E-1);
#4830=CARTESIAN_POINT('',(4.89E0,1.4635314E1,5.2691285E1));
#4831=LINE('',#4830,#4829);
#4832=DIRECTION('',(0.E0,1.894780628694E-14,1.E0));
#4833=VECTOR('',#4832,1.5E0);
#4834=CARTESIAN_POINT('',(4.89E0,1.4635314E1,5.1191285E1));
#4835=LINE('',#4834,#4833);
#4836=DIRECTION('',(0.E0,-1.E0,2.273356043074E-14));
#4837=VECTOR('',#4836,1.875314E0);
#4838=CARTESIAN_POINT('',(5.69E0,1.4635314E1,5.2691285E1));
#4839=LINE('',#4838,#4837);
#4840=DIRECTION('',(0.E0,1.894780628694E-14,1.E0));
#4841=VECTOR('',#4840,1.5E0);
#4842=CARTESIAN_POINT('',(5.69E0,1.4635314E1,5.1191285E1));
#4843=LINE('',#4842,#4841);
#4844=DIRECTION('',(1.E0,0.E0,0.E0));
#4845=VECTOR('',#4844,1.205E0);
#4846=CARTESIAN_POINT('',(5.69E0,1.276E1,5.2691285E1));
#4847=LINE('',#4846,#4845);
#4848=DIRECTION('',(0.E0,1.894780628694E-14,1.E0));
#4849=VECTOR('',#4848,1.5E0);
#4850=CARTESIAN_POINT('',(5.69E0,1.276E1,5.1191285E1));
#4851=LINE('',#4850,#4849);
#4852=DIRECTION('',(0.E0,-1.E0,1.776356839400E-14));
#4853=VECTOR('',#4852,8.E-1);
#4854=CARTESIAN_POINT('',(6.895E0,1.276E1,5.2691285E1));
#4855=LINE('',#4854,#4853);
#4856=DIRECTION('',(0.E0,1.894780628694E-14,1.E0));
#4857=VECTOR('',#4856,1.5E0);
#4858=CARTESIAN_POINT('',(6.895E0,1.276E1,5.1191285E1));
#4859=LINE('',#4858,#4857);
#4860=DIRECTION('',(-1.E0,0.E0,-1.768986064133E-14));
#4861=VECTOR('',#4860,1.205E0);
#4862=CARTESIAN_POINT('',(6.895E0,1.196E1,5.2691285E1));
#4863=LINE('',#4862,#4861);
#4864=DIRECTION('',(0.E0,1.776356839400E-14,1.E0));
#4865=VECTOR('',#4864,1.5E0);
#4866=CARTESIAN_POINT('',(6.895E0,1.196E1,5.1191285E1));
#4867=LINE('',#4866,#4865);
#4868=DIRECTION('',(0.E0,-1.E0,1.894463369228E-14));
#4869=VECTOR('',#4868,1.875314E0);
#4870=CARTESIAN_POINT('',(5.69E0,1.196E1,5.2691285E1));
#4871=LINE('',#4870,#4869);
#4872=DIRECTION('',(0.E0,1.776356839400E-14,1.E0));
#4873=VECTOR('',#4872,1.5E0);
#4874=CARTESIAN_POINT('',(5.69E0,1.196E1,5.1191285E1));
#4875=LINE('',#4874,#4873);
#4876=DIRECTION('',(-1.E0,0.E0,2.664535259100E-14));
#4877=VECTOR('',#4876,8.E-1);
#4878=CARTESIAN_POINT('',(5.69E0,1.0084686E1,5.2691285E1));
#4879=LINE('',#4878,#4877);
#4880=DIRECTION('',(0.E0,1.776356839400E-14,1.E0));
#4881=VECTOR('',#4880,1.5E0);
#4882=CARTESIAN_POINT('',(5.69E0,1.0084686E1,5.1191285E1));
#4883=LINE('',#4882,#4881);
#4884=DIRECTION('',(0.E0,1.E0,-1.894463369228E-14));
#4885=VECTOR('',#4884,1.875314E0);
#4886=CARTESIAN_POINT('',(4.89E0,1.0084686E1,5.2691285E1));
#4887=LINE('',#4886,#4885);
#4888=DIRECTION('',(0.E0,1.776356839400E-14,1.E0));
#4889=VECTOR('',#4888,1.5E0);
#4890=CARTESIAN_POINT('',(4.89E0,1.0084686E1,5.1191285E1));
#4891=LINE('',#4890,#4889);
#4892=DIRECTION('',(-1.E0,0.E0,0.E0));
#4893=VECTOR('',#4892,1.205E0);
#4894=CARTESIAN_POINT('',(4.89E0,1.196E1,5.2691285E1));
#4895=LINE('',#4894,#4893);
#4896=DIRECTION('',(0.E0,1.776356839400E-14,1.E0));
#4897=VECTOR('',#4896,1.5E0);
#4898=CARTESIAN_POINT('',(4.89E0,1.196E1,5.1191285E1));
#4899=LINE('',#4898,#4897);
#4900=DIRECTION('',(0.E0,1.E0,0.E0));
#4901=VECTOR('',#4900,8.E-1);
#4902=CARTESIAN_POINT('',(3.685E0,1.196E1,5.2691285E1));
#4903=LINE('',#4902,#4901);
#4904=DIRECTION('',(0.E0,1.776356839400E-14,1.E0));
#4905=VECTOR('',#4904,1.5E0);
#4906=CARTESIAN_POINT('',(3.685E0,1.196E1,5.1191285E1));
#4907=LINE('',#4906,#4905);
#4908=DIRECTION('',(1.E0,0.E0,2.358648085511E-14));
#4909=VECTOR('',#4908,1.205E0);
#4910=CARTESIAN_POINT('',(3.685E0,1.276E1,5.2691285E1));
#4911=LINE('',#4910,#4909);
#4912=DIRECTION('',(0.E0,1.894780628694E-14,1.E0));
#4913=VECTOR('',#4912,1.5E0);
#4914=CARTESIAN_POINT('',(3.685E0,1.276E1,5.1191285E1));
#4915=LINE('',#4914,#4913);
#4916=DIRECTION('',(0.E0,1.E0,-1.515570695382E-14));
#4917=VECTOR('',#4916,1.875314E0);
#4918=CARTESIAN_POINT('',(4.89E0,1.276E1,5.2691285E1));
#4919=LINE('',#4918,#4917);
#4920=DIRECTION('',(0.E0,1.894780628694E-14,1.E0));
#4921=VECTOR('',#4920,1.5E0);
#4922=CARTESIAN_POINT('',(4.89E0,1.276E1,5.1191285E1));
#4923=LINE('',#4922,#4921);
#4924=DIRECTION('',(1.E0,0.E0,-2.664535259100E-14));
#4925=VECTOR('',#4924,8.E-1);
#4926=CARTESIAN_POINT('',(4.89E0,1.4635314E1,5.1191285E1));
#4927=LINE('',#4926,#4925);
#4928=DIRECTION('',(0.E0,-1.E0,1.515570695382E-14));
#4929=VECTOR('',#4928,1.875314E0);
#4930=CARTESIAN_POINT('',(5.69E0,1.4635314E1,5.1191285E1));
#4931=LINE('',#4930,#4929);
#4932=DIRECTION('',(1.E0,0.E0,0.E0));
#4933=VECTOR('',#4932,1.205E0);
#4934=CARTESIAN_POINT('',(5.69E0,1.276E1,5.1191285E1));
#4935=LINE('',#4934,#4933);
#4936=DIRECTION('',(0.E0,-1.E0,1.776356839400E-14));
#4937=VECTOR('',#4936,8.E-1);
#4938=CARTESIAN_POINT('',(6.895E0,1.276E1,5.1191285E1));
#4939=LINE('',#4938,#4937);
#4940=DIRECTION('',(-1.E0,0.E0,-1.768986064133E-14));
#4941=VECTOR('',#4940,1.205E0);
#4942=CARTESIAN_POINT('',(6.895E0,1.196E1,5.1191285E1));
#4943=LINE('',#4942,#4941);
#4944=DIRECTION('',(0.E0,-1.E0,1.894463369228E-14));
#4945=VECTOR('',#4944,1.875314E0);
#4946=CARTESIAN_POINT('',(5.69E0,1.196E1,5.1191285E1));
#4947=LINE('',#4946,#4945);
#4948=DIRECTION('',(-1.E0,0.E0,2.664535259100E-14));
#4949=VECTOR('',#4948,8.E-1);
#4950=CARTESIAN_POINT('',(5.69E0,1.0084686E1,5.1191285E1));
#4951=LINE('',#4950,#4949);
#4952=DIRECTION('',(0.E0,1.E0,-1.894463369228E-14));
#4953=VECTOR('',#4952,1.875314E0);
#4954=CARTESIAN_POINT('',(4.89E0,1.0084686E1,5.1191285E1));
#4955=LINE('',#4954,#4953);
#4956=DIRECTION('',(-1.E0,0.E0,0.E0));
#4957=VECTOR('',#4956,1.205E0);
#4958=CARTESIAN_POINT('',(4.89E0,1.196E1,5.1191285E1));
#4959=LINE('',#4958,#4957);
#4960=DIRECTION('',(0.E0,1.E0,-2.664535259100E-14));
#4961=VECTOR('',#4960,8.E-1);
#4962=CARTESIAN_POINT('',(3.685E0,1.196E1,5.1191285E1));
#4963=LINE('',#4962,#4961);
#4964=DIRECTION('',(1.E0,0.E0,1.768986064133E-14));
#4965=VECTOR('',#4964,1.205E0);
#4966=CARTESIAN_POINT('',(3.685E0,1.276E1,5.1191285E1));
#4967=LINE('',#4966,#4965);
#4968=DIRECTION('',(0.E0,1.E0,-1.515570695382E-14));
#4969=VECTOR('',#4968,1.875314E0);
#4970=CARTESIAN_POINT('',(4.89E0,1.276E1,5.1191285E1));
#4971=LINE('',#4970,#4969);
#4972=DIRECTION('',(0.E0,1.820765760385E-14,1.E0));
#4973=VECTOR('',#4972,4.E0);
#4974=CARTESIAN_POINT('',(1.393E1,9.36E0,5.2691285E1));
#4975=LINE('',#4974,#4973);
#4976=DIRECTION('',(0.E0,1.865174681370E-14,1.E0));
#4977=VECTOR('',#4976,4.E0);
#4978=CARTESIAN_POINT('',(1.393E1,1.536E1,5.2691285E1));
#4979=LINE('',#4978,#4977);
#4980=CARTESIAN_POINT('',(1.393E1,1.236E1,5.2691285E1));
#4981=DIRECTION('',(0.E0,-2.702955214810E-14,-1.E0));
#4982=DIRECTION('',(0.E0,-1.E0,2.605323364454E-14));
#4983=AXIS2_PLACEMENT_3D('',#4980,#4981,#4982);
#4985=CARTESIAN_POINT('',(1.393E1,1.236E1,5.2691285E1));
#4986=DIRECTION('',(0.E0,-2.702955214810E-14,-1.E0));
#4987=DIRECTION('',(-1.E0,0.E0,0.E0));
#4988=AXIS2_PLACEMENT_3D('',#4985,#4986,#4987);
#4990=CARTESIAN_POINT('',(1.393E1,1.236E1,5.2691285E1));
#4991=DIRECTION('',(0.E0,-2.702955214810E-14,-1.E0));
#4992=DIRECTION('',(0.E0,1.E0,-2.605323364454E-14));
#4993=AXIS2_PLACEMENT_3D('',#4990,#4991,#4992);
#4995=CARTESIAN_POINT('',(1.393E1,1.236E1,5.2691285E1));
#4996=DIRECTION('',(0.E0,-2.702955214810E-14,-1.E0));
#4997=DIRECTION('',(1.E0,0.E0,0.E0));
#4998=AXIS2_PLACEMENT_3D('',#4995,#4996,#4997);
#5000=DIRECTION('',(1.E0,0.E0,-2.664535259100E-14));
#5001=VECTOR('',#5000,8.E-1);
#5002=CARTESIAN_POINT('',(1.353E1,1.4635314E1,5.2691285E1));
#5003=LINE('',#5002,#5001);
#5004=DIRECTION('',(0.E0,1.894780628694E-14,1.E0));
#5005=VECTOR('',#5004,1.5E0);
#5006=CARTESIAN_POINT('',(1.353E1,1.4635314E1,5.1191285E1));
#5007=LINE('',#5006,#5005);
#5008=DIRECTION('',(0.E0,-1.E0,2.273356043074E-14));
#5009=VECTOR('',#5008,1.875314E0);
#5010=CARTESIAN_POINT('',(1.433E1,1.4635314E1,5.2691285E1));
#5011=LINE('',#5010,#5009);
#5012=DIRECTION('',(0.E0,1.894780628694E-14,1.E0));
#5013=VECTOR('',#5012,1.5E0);
#5014=CARTESIAN_POINT('',(1.433E1,1.4635314E1,5.1191285E1));
#5015=LINE('',#5014,#5013);
#5016=DIRECTION('',(1.E0,0.E0,0.E0));
#5017=VECTOR('',#5016,1.205E0);
#5018=CARTESIAN_POINT('',(1.433E1,1.276E1,5.2691285E1));
#5019=LINE('',#5018,#5017);
#5020=DIRECTION('',(0.E0,1.894780628694E-14,1.E0));
#5021=VECTOR('',#5020,1.5E0);
#5022=CARTESIAN_POINT('',(1.433E1,1.276E1,5.1191285E1));
#5023=LINE('',#5022,#5021);
#5024=DIRECTION('',(0.E0,-1.E0,1.776356839400E-14));
#5025=VECTOR('',#5024,8.E-1);
#5026=CARTESIAN_POINT('',(1.5535E1,1.276E1,5.2691285E1));
#5027=LINE('',#5026,#5025);
#5028=DIRECTION('',(0.E0,1.894780628694E-14,1.E0));
#5029=VECTOR('',#5028,1.5E0);
#5030=CARTESIAN_POINT('',(1.5535E1,1.276E1,5.1191285E1));
#5031=LINE('',#5030,#5029);
#5032=DIRECTION('',(-1.E0,0.E0,-1.768986064133E-14));
#5033=VECTOR('',#5032,1.205E0);
#5034=CARTESIAN_POINT('',(1.5535E1,1.196E1,5.2691285E1));
#5035=LINE('',#5034,#5033);
#5036=DIRECTION('',(0.E0,1.776356839400E-14,1.E0));
#5037=VECTOR('',#5036,1.5E0);
#5038=CARTESIAN_POINT('',(1.5535E1,1.196E1,5.1191285E1));
#5039=LINE('',#5038,#5037);
#5040=DIRECTION('',(0.E0,-1.E0,1.894463369228E-14));
#5041=VECTOR('',#5040,1.875314E0);
#5042=CARTESIAN_POINT('',(1.433E1,1.196E1,5.2691285E1));
#5043=LINE('',#5042,#5041);
#5044=DIRECTION('',(0.E0,1.776356839400E-14,1.E0));
#5045=VECTOR('',#5044,1.5E0);
#5046=CARTESIAN_POINT('',(1.433E1,1.196E1,5.1191285E1));
#5047=LINE('',#5046,#5045);
#5048=DIRECTION('',(-1.E0,0.E0,2.664535259100E-14));
#5049=VECTOR('',#5048,8.E-1);
#5050=CARTESIAN_POINT('',(1.433E1,1.0084686E1,5.2691285E1));
#5051=LINE('',#5050,#5049);
#5052=DIRECTION('',(0.E0,1.776356839400E-14,1.E0));
#5053=VECTOR('',#5052,1.5E0);
#5054=CARTESIAN_POINT('',(1.433E1,1.0084686E1,5.1191285E1));
#5055=LINE('',#5054,#5053);
#5056=DIRECTION('',(0.E0,1.E0,-1.894463369228E-14));
#5057=VECTOR('',#5056,1.875314E0);
#5058=CARTESIAN_POINT('',(1.353E1,1.0084686E1,5.2691285E1));
#5059=LINE('',#5058,#5057);
#5060=DIRECTION('',(0.E0,1.776356839400E-14,1.E0));
#5061=VECTOR('',#5060,1.5E0);
#5062=CARTESIAN_POINT('',(1.353E1,1.0084686E1,5.1191285E1));
#5063=LINE('',#5062,#5061);
#5064=DIRECTION('',(-1.E0,0.E0,0.E0));
#5065=VECTOR('',#5064,1.205E0);
#5066=CARTESIAN_POINT('',(1.353E1,1.196E1,5.2691285E1));
#5067=LINE('',#5066,#5065);
#5068=DIRECTION('',(0.E0,1.776356839400E-14,1.E0));
#5069=VECTOR('',#5068,1.5E0);
#5070=CARTESIAN_POINT('',(1.353E1,1.196E1,5.1191285E1));
#5071=LINE('',#5070,#5069);
#5072=DIRECTION('',(0.E0,1.E0,0.E0));
#5073=VECTOR('',#5072,8.E-1);
#5074=CARTESIAN_POINT('',(1.2325E1,1.196E1,5.2691285E1));
#5075=LINE('',#5074,#5073);
#5076=DIRECTION('',(0.E0,1.776356839400E-14,1.E0));
#5077=VECTOR('',#5076,1.5E0);
#5078=CARTESIAN_POINT('',(1.2325E1,1.196E1,5.1191285E1));
#5079=LINE('',#5078,#5077);
#5080=DIRECTION('',(1.E0,0.E0,2.358648085511E-14));
#5081=VECTOR('',#5080,1.205E0);
#5082=CARTESIAN_POINT('',(1.2325E1,1.276E1,5.2691285E1));
#5083=LINE('',#5082,#5081);
#5084=DIRECTION('',(0.E0,1.894780628694E-14,1.E0));
#5085=VECTOR('',#5084,1.5E0);
#5086=CARTESIAN_POINT('',(1.2325E1,1.276E1,5.1191285E1));
#5087=LINE('',#5086,#5085);
#5088=DIRECTION('',(0.E0,1.E0,-1.515570695382E-14));
#5089=VECTOR('',#5088,1.875314E0);
#5090=CARTESIAN_POINT('',(1.353E1,1.276E1,5.2691285E1));
#5091=LINE('',#5090,#5089);
#5092=DIRECTION('',(0.E0,1.894780628694E-14,1.E0));
#5093=VECTOR('',#5092,1.5E0);
#5094=CARTESIAN_POINT('',(1.353E1,1.276E1,5.1191285E1));
#5095=LINE('',#5094,#5093);
#5096=DIRECTION('',(1.E0,0.E0,-2.664535259100E-14));
#5097=VECTOR('',#5096,8.E-1);
#5098=CARTESIAN_POINT('',(1.353E1,1.4635314E1,5.1191285E1));
#5099=LINE('',#5098,#5097);
#5100=DIRECTION('',(0.E0,-1.E0,1.515570695382E-14));
#5101=VECTOR('',#5100,1.875314E0);
#5102=CARTESIAN_POINT('',(1.433E1,1.4635314E1,5.1191285E1));
#5103=LINE('',#5102,#5101);
#5104=DIRECTION('',(1.E0,0.E0,0.E0));
#5105=VECTOR('',#5104,1.205E0);
#5106=CARTESIAN_POINT('',(1.433E1,1.276E1,5.1191285E1));
#5107=LINE('',#5106,#5105);
#5108=DIRECTION('',(0.E0,-1.E0,1.776356839400E-14));
#5109=VECTOR('',#5108,8.E-1);
#5110=CARTESIAN_POINT('',(1.5535E1,1.276E1,5.1191285E1));
#5111=LINE('',#5110,#5109);
#5112=DIRECTION('',(-1.E0,0.E0,-1.768986064133E-14));
#5113=VECTOR('',#5112,1.205E0);
#5114=CARTESIAN_POINT('',(1.5535E1,1.196E1,5.1191285E1));
#5115=LINE('',#5114,#5113);
#5116=DIRECTION('',(0.E0,-1.E0,1.894463369228E-14));
#5117=VECTOR('',#5116,1.875314E0);
#5118=CARTESIAN_POINT('',(1.433E1,1.196E1,5.1191285E1));
#5119=LINE('',#5118,#5117);
#5120=DIRECTION('',(-1.E0,0.E0,2.664535259100E-14));
#5121=VECTOR('',#5120,8.E-1);
#5122=CARTESIAN_POINT('',(1.433E1,1.0084686E1,5.1191285E1));
#5123=LINE('',#5122,#5121);
#5124=DIRECTION('',(0.E0,1.E0,-1.894463369228E-14));
#5125=VECTOR('',#5124,1.875314E0);
#5126=CARTESIAN_POINT('',(1.353E1,1.0084686E1,5.1191285E1));
#5127=LINE('',#5126,#5125);
#5128=DIRECTION('',(-1.E0,0.E0,0.E0));
#5129=VECTOR('',#5128,1.205E0);
#5130=CARTESIAN_POINT('',(1.353E1,1.196E1,5.1191285E1));
#5131=LINE('',#5130,#5129);
#5132=DIRECTION('',(0.E0,1.E0,-2.664535259100E-14));
#5133=VECTOR('',#5132,8.E-1);
#5134=CARTESIAN_POINT('',(1.2325E1,1.196E1,5.1191285E1));
#5135=LINE('',#5134,#5133);
#5136=DIRECTION('',(1.E0,0.E0,1.768986064133E-14));
#5137=VECTOR('',#5136,1.205E0);
#5138=CARTESIAN_POINT('',(1.2325E1,1.276E1,5.1191285E1));
#5139=LINE('',#5138,#5137);
#5140=DIRECTION('',(0.E0,1.E0,-1.515570695382E-14));
#5141=VECTOR('',#5140,1.875314E0);
#5142=CARTESIAN_POINT('',(1.353E1,1.276E1,5.1191285E1));
#5143=LINE('',#5142,#5141);
#5144=DIRECTION('',(0.E0,1.820765760385E-14,1.E0));
#5145=VECTOR('',#5144,4.E0);
#5146=CARTESIAN_POINT('',(2.258E1,9.36E0,5.2691285E1));
#5147=LINE('',#5146,#5145);
#5148=DIRECTION('',(0.E0,1.865174681370E-14,1.E0));
#5149=VECTOR('',#5148,4.E0);
#5150=CARTESIAN_POINT('',(2.258E1,1.536E1,5.2691285E1));
#5151=LINE('',#5150,#5149);
#5152=CARTESIAN_POINT('',(2.258E1,1.236E1,5.2691285E1));
#5153=DIRECTION('',(0.E0,-2.702955214810E-14,-1.E0));
#5154=DIRECTION('',(0.E0,-1.E0,2.605323364454E-14));
#5155=AXIS2_PLACEMENT_3D('',#5152,#5153,#5154);
#5157=CARTESIAN_POINT('',(2.258E1,1.236E1,5.2691285E1));
#5158=DIRECTION('',(0.E0,-2.702955214810E-14,-1.E0));
#5159=DIRECTION('',(-1.E0,0.E0,0.E0));
#5160=AXIS2_PLACEMENT_3D('',#5157,#5158,#5159);
#5162=CARTESIAN_POINT('',(2.258E1,1.236E1,5.2691285E1));
#5163=DIRECTION('',(0.E0,-2.702955214810E-14,-1.E0));
#5164=DIRECTION('',(0.E0,1.E0,-2.605323364454E-14));
#5165=AXIS2_PLACEMENT_3D('',#5162,#5163,#5164);
#5167=CARTESIAN_POINT('',(2.258E1,1.236E1,5.2691285E1));
#5168=DIRECTION('',(0.E0,-2.702955214810E-14,-1.E0));
#5169=DIRECTION('',(1.E0,0.E0,0.E0));
#5170=AXIS2_PLACEMENT_3D('',#5167,#5168,#5169);
#5172=DIRECTION('',(1.E0,0.E0,-2.664535259100E-14));
#5173=VECTOR('',#5172,8.E-1);
#5174=CARTESIAN_POINT('',(2.218E1,1.4635314E1,5.2691285E1));
#5175=LINE('',#5174,#5173);
#5176=DIRECTION('',(0.E0,1.894780628694E-14,1.E0));
#5177=VECTOR('',#5176,1.5E0);
#5178=CARTESIAN_POINT('',(2.218E1,1.4635314E1,5.1191285E1));
#5179=LINE('',#5178,#5177);
#5180=DIRECTION('',(0.E0,-1.E0,2.273356043074E-14));
#5181=VECTOR('',#5180,1.875314E0);
#5182=CARTESIAN_POINT('',(2.298E1,1.4635314E1,5.2691285E1));
#5183=LINE('',#5182,#5181);
#5184=DIRECTION('',(0.E0,1.894780628694E-14,1.E0));
#5185=VECTOR('',#5184,1.5E0);
#5186=CARTESIAN_POINT('',(2.298E1,1.4635314E1,5.1191285E1));
#5187=LINE('',#5186,#5185);
#5188=DIRECTION('',(1.E0,0.E0,0.E0));
#5189=VECTOR('',#5188,1.205E0);
#5190=CARTESIAN_POINT('',(2.298E1,1.276E1,5.2691285E1));
#5191=LINE('',#5190,#5189);
#5192=DIRECTION('',(0.E0,1.894780628694E-14,1.E0));
#5193=VECTOR('',#5192,1.5E0);
#5194=CARTESIAN_POINT('',(2.298E1,1.276E1,5.1191285E1));
#5195=LINE('',#5194,#5193);
#5196=DIRECTION('',(0.E0,-1.E0,1.776356839400E-14));
#5197=VECTOR('',#5196,8.E-1);
#5198=CARTESIAN_POINT('',(2.4185E1,1.276E1,5.2691285E1));
#5199=LINE('',#5198,#5197);
#5200=DIRECTION('',(0.E0,1.894780628694E-14,1.E0));
#5201=VECTOR('',#5200,1.5E0);
#5202=CARTESIAN_POINT('',(2.4185E1,1.276E1,5.1191285E1));
#5203=LINE('',#5202,#5201);
#5204=DIRECTION('',(-1.E0,0.E0,-1.768986064133E-14));
#5205=VECTOR('',#5204,1.205E0);
#5206=CARTESIAN_POINT('',(2.4185E1,1.196E1,5.2691285E1));
#5207=LINE('',#5206,#5205);
#5208=DIRECTION('',(0.E0,1.776356839400E-14,1.E0));
#5209=VECTOR('',#5208,1.5E0);
#5210=CARTESIAN_POINT('',(2.4185E1,1.196E1,5.1191285E1));
#5211=LINE('',#5210,#5209);
#5212=DIRECTION('',(0.E0,-1.E0,1.894463369228E-14));
#5213=VECTOR('',#5212,1.875314E0);
#5214=CARTESIAN_POINT('',(2.298E1,1.196E1,5.2691285E1));
#5215=LINE('',#5214,#5213);
#5216=DIRECTION('',(0.E0,1.776356839400E-14,1.E0));
#5217=VECTOR('',#5216,1.5E0);
#5218=CARTESIAN_POINT('',(2.298E1,1.196E1,5.1191285E1));
#5219=LINE('',#5218,#5217);
#5220=DIRECTION('',(-1.E0,0.E0,2.664535259100E-14));
#5221=VECTOR('',#5220,8.E-1);
#5222=CARTESIAN_POINT('',(2.298E1,1.0084686E1,5.2691285E1));
#5223=LINE('',#5222,#5221);
#5224=DIRECTION('',(0.E0,1.776356839400E-14,1.E0));
#5225=VECTOR('',#5224,1.5E0);
#5226=CARTESIAN_POINT('',(2.298E1,1.0084686E1,5.1191285E1));
#5227=LINE('',#5226,#5225);
#5228=DIRECTION('',(0.E0,1.E0,-1.894463369228E-14));
#5229=VECTOR('',#5228,1.875314E0);
#5230=CARTESIAN_POINT('',(2.218E1,1.0084686E1,5.2691285E1));
#5231=LINE('',#5230,#5229);
#5232=DIRECTION('',(0.E0,1.776356839400E-14,1.E0));
#5233=VECTOR('',#5232,1.5E0);
#5234=CARTESIAN_POINT('',(2.218E1,1.0084686E1,5.1191285E1));
#5235=LINE('',#5234,#5233);
#5236=DIRECTION('',(-1.E0,0.E0,0.E0));
#5237=VECTOR('',#5236,1.205E0);
#5238=CARTESIAN_POINT('',(2.218E1,1.196E1,5.2691285E1));
#5239=LINE('',#5238,#5237);
#5240=DIRECTION('',(0.E0,1.776356839400E-14,1.E0));
#5241=VECTOR('',#5240,1.5E0);
#5242=CARTESIAN_POINT('',(2.218E1,1.196E1,5.1191285E1));
#5243=LINE('',#5242,#5241);
#5244=DIRECTION('',(0.E0,1.E0,0.E0));
#5245=VECTOR('',#5244,8.E-1);
#5246=CARTESIAN_POINT('',(2.0975E1,1.196E1,5.2691285E1));
#5247=LINE('',#5246,#5245);
#5248=DIRECTION('',(0.E0,1.776356839400E-14,1.E0));
#5249=VECTOR('',#5248,1.5E0);
#5250=CARTESIAN_POINT('',(2.0975E1,1.196E1,5.1191285E1));
#5251=LINE('',#5250,#5249);
#5252=DIRECTION('',(1.E0,0.E0,2.358648085511E-14));
#5253=VECTOR('',#5252,1.205E0);
#5254=CARTESIAN_POINT('',(2.0975E1,1.276E1,5.2691285E1));
#5255=LINE('',#5254,#5253);
#5256=DIRECTION('',(0.E0,1.894780628694E-14,1.E0));
#5257=VECTOR('',#5256,1.5E0);
#5258=CARTESIAN_POINT('',(2.0975E1,1.276E1,5.1191285E1));
#5259=LINE('',#5258,#5257);
#5260=DIRECTION('',(0.E0,1.E0,-1.515570695382E-14));
#5261=VECTOR('',#5260,1.875314E0);
#5262=CARTESIAN_POINT('',(2.218E1,1.276E1,5.2691285E1));
#5263=LINE('',#5262,#5261);
#5264=DIRECTION('',(0.E0,1.894780628694E-14,1.E0));
#5265=VECTOR('',#5264,1.5E0);
#5266=CARTESIAN_POINT('',(2.218E1,1.276E1,5.1191285E1));
#5267=LINE('',#5266,#5265);
#5268=DIRECTION('',(1.E0,0.E0,-2.664535259100E-14));
#5269=VECTOR('',#5268,8.E-1);
#5270=CARTESIAN_POINT('',(2.218E1,1.4635314E1,5.1191285E1));
#5271=LINE('',#5270,#5269);
#5272=DIRECTION('',(0.E0,-1.E0,1.515570695382E-14));
#5273=VECTOR('',#5272,1.875314E0);
#5274=CARTESIAN_POINT('',(2.298E1,1.4635314E1,5.1191285E1));
#5275=LINE('',#5274,#5273);
#5276=DIRECTION('',(1.E0,0.E0,0.E0));
#5277=VECTOR('',#5276,1.205E0);
#5278=CARTESIAN_POINT('',(2.298E1,1.276E1,5.1191285E1));
#5279=LINE('',#5278,#5277);
#5280=DIRECTION('',(0.E0,-1.E0,1.776356839400E-14));
#5281=VECTOR('',#5280,8.E-1);
#5282=CARTESIAN_POINT('',(2.4185E1,1.276E1,5.1191285E1));
#5283=LINE('',#5282,#5281);
#5284=DIRECTION('',(-1.E0,0.E0,-1.768986064133E-14));
#5285=VECTOR('',#5284,1.205E0);
#5286=CARTESIAN_POINT('',(2.4185E1,1.196E1,5.1191285E1));
#5287=LINE('',#5286,#5285);
#5288=DIRECTION('',(0.E0,-1.E0,1.894463369228E-14));
#5289=VECTOR('',#5288,1.875314E0);
#5290=CARTESIAN_POINT('',(2.298E1,1.196E1,5.1191285E1));
#5291=LINE('',#5290,#5289);
#5292=DIRECTION('',(-1.E0,0.E0,2.664535259100E-14));
#5293=VECTOR('',#5292,8.E-1);
#5294=CARTESIAN_POINT('',(2.298E1,1.0084686E1,5.1191285E1));
#5295=LINE('',#5294,#5293);
#5296=DIRECTION('',(0.E0,1.E0,-1.894463369228E-14));
#5297=VECTOR('',#5296,1.875314E0);
#5298=CARTESIAN_POINT('',(2.218E1,1.0084686E1,5.1191285E1));
#5299=LINE('',#5298,#5297);
#5300=DIRECTION('',(-1.E0,0.E0,0.E0));
#5301=VECTOR('',#5300,1.205E0);
#5302=CARTESIAN_POINT('',(2.218E1,1.196E1,5.1191285E1));
#5303=LINE('',#5302,#5301);
#5304=DIRECTION('',(0.E0,1.E0,-2.664535259100E-14));
#5305=VECTOR('',#5304,8.E-1);
#5306=CARTESIAN_POINT('',(2.0975E1,1.196E1,5.1191285E1));
#5307=LINE('',#5306,#5305);
#5308=DIRECTION('',(1.E0,0.E0,1.768986064133E-14));
#5309=VECTOR('',#5308,1.205E0);
#5310=CARTESIAN_POINT('',(2.0975E1,1.276E1,5.1191285E1));
#5311=LINE('',#5310,#5309);
#5312=DIRECTION('',(0.E0,1.E0,-1.515570695382E-14));
#5313=VECTOR('',#5312,1.875314E0);
#5314=CARTESIAN_POINT('',(2.218E1,1.276E1,5.1191285E1));
#5315=LINE('',#5314,#5313);
#5316=DIRECTION('',(0.E0,1.865174681370E-14,1.E0));
#5317=VECTOR('',#5316,4.E0);
#5318=CARTESIAN_POINT('',(3.122E1,1.536E1,5.2691285E1));
#5319=LINE('',#5318,#5317);
#5320=DIRECTION('',(0.E0,1.820765760385E-14,1.E0));
#5321=VECTOR('',#5320,4.E0);
#5322=CARTESIAN_POINT('',(3.122E1,9.36E0,5.2691285E1));
#5323=LINE('',#5322,#5321);
#5324=CARTESIAN_POINT('',(3.122E1,1.236E1,5.2691285E1));
#5325=DIRECTION('',(0.E0,-2.702955214810E-14,-1.E0));
#5326=DIRECTION('',(0.E0,1.E0,-2.605323364454E-14));
#5327=AXIS2_PLACEMENT_3D('',#5324,#5325,#5326);
#5329=CARTESIAN_POINT('',(3.122E1,1.236E1,5.2691285E1));
#5330=DIRECTION('',(0.E0,-2.702955214810E-14,-1.E0));
#5331=DIRECTION('',(1.E0,0.E0,0.E0));
#5332=AXIS2_PLACEMENT_3D('',#5329,#5330,#5331);
#5334=CARTESIAN_POINT('',(3.122E1,1.236E1,5.2691285E1));
#5335=DIRECTION('',(0.E0,-2.702955214810E-14,-1.E0));
#5336=DIRECTION('',(0.E0,-1.E0,2.605323364454E-14));
#5337=AXIS2_PLACEMENT_3D('',#5334,#5335,#5336);
#5339=CARTESIAN_POINT('',(3.122E1,1.236E1,5.2691285E1));
#5340=DIRECTION('',(0.E0,-2.702955214810E-14,-1.E0));
#5341=DIRECTION('',(-1.E0,0.E0,0.E0));
#5342=AXIS2_PLACEMENT_3D('',#5339,#5340,#5341);
#5344=DIRECTION('',(1.E0,0.E0,-2.664535259100E-14));
#5345=VECTOR('',#5344,8.E-1);
#5346=CARTESIAN_POINT('',(3.082E1,1.4635314E1,5.2691285E1));
#5347=LINE('',#5346,#5345);
#5348=DIRECTION('',(0.E0,1.894780628694E-14,1.E0));
#5349=VECTOR('',#5348,1.5E0);
#5350=CARTESIAN_POINT('',(3.082E1,1.4635314E1,5.1191285E1));
#5351=LINE('',#5350,#5349);
#5352=DIRECTION('',(0.E0,-1.E0,2.273356043074E-14));
#5353=VECTOR('',#5352,1.875314E0);
#5354=CARTESIAN_POINT('',(3.162E1,1.4635314E1,5.2691285E1));
#5355=LINE('',#5354,#5353);
#5356=DIRECTION('',(0.E0,1.894780628694E-14,1.E0));
#5357=VECTOR('',#5356,1.5E0);
#5358=CARTESIAN_POINT('',(3.162E1,1.4635314E1,5.1191285E1));
#5359=LINE('',#5358,#5357);
#5360=DIRECTION('',(1.E0,0.E0,0.E0));
#5361=VECTOR('',#5360,1.205E0);
#5362=CARTESIAN_POINT('',(3.162E1,1.276E1,5.2691285E1));
#5363=LINE('',#5362,#5361);
#5364=DIRECTION('',(0.E0,1.894780628694E-14,1.E0));
#5365=VECTOR('',#5364,1.5E0);
#5366=CARTESIAN_POINT('',(3.162E1,1.276E1,5.1191285E1));
#5367=LINE('',#5366,#5365);
#5368=DIRECTION('',(0.E0,-1.E0,1.776356839400E-14));
#5369=VECTOR('',#5368,8.E-1);
#5370=CARTESIAN_POINT('',(3.2825E1,1.276E1,5.2691285E1));
#5371=LINE('',#5370,#5369);
#5372=DIRECTION('',(0.E0,1.894780628694E-14,1.E0));
#5373=VECTOR('',#5372,1.5E0);
#5374=CARTESIAN_POINT('',(3.2825E1,1.276E1,5.1191285E1));
#5375=LINE('',#5374,#5373);
#5376=DIRECTION('',(-1.E0,0.E0,-1.768986064133E-14));
#5377=VECTOR('',#5376,1.205E0);
#5378=CARTESIAN_POINT('',(3.2825E1,1.196E1,5.2691285E1));
#5379=LINE('',#5378,#5377);
#5380=DIRECTION('',(0.E0,1.776356839400E-14,1.E0));
#5381=VECTOR('',#5380,1.5E0);
#5382=CARTESIAN_POINT('',(3.2825E1,1.196E1,5.1191285E1));
#5383=LINE('',#5382,#5381);
#5384=DIRECTION('',(0.E0,-1.E0,1.894463369228E-14));
#5385=VECTOR('',#5384,1.875314E0);
#5386=CARTESIAN_POINT('',(3.162E1,1.196E1,5.2691285E1));
#5387=LINE('',#5386,#5385);
#5388=DIRECTION('',(0.E0,1.776356839400E-14,1.E0));
#5389=VECTOR('',#5388,1.5E0);
#5390=CARTESIAN_POINT('',(3.162E1,1.196E1,5.1191285E1));
#5391=LINE('',#5390,#5389);
#5392=DIRECTION('',(-1.E0,0.E0,2.664535259100E-14));
#5393=VECTOR('',#5392,8.E-1);
#5394=CARTESIAN_POINT('',(3.162E1,1.0084686E1,5.2691285E1));
#5395=LINE('',#5394,#5393);
#5396=DIRECTION('',(0.E0,1.776356839400E-14,1.E0));
#5397=VECTOR('',#5396,1.5E0);
#5398=CARTESIAN_POINT('',(3.162E1,1.0084686E1,5.1191285E1));
#5399=LINE('',#5398,#5397);
#5400=DIRECTION('',(0.E0,1.E0,-1.894463369228E-14));
#5401=VECTOR('',#5400,1.875314E0);
#5402=CARTESIAN_POINT('',(3.082E1,1.0084686E1,5.2691285E1));
#5403=LINE('',#5402,#5401);
#5404=DIRECTION('',(0.E0,1.776356839400E-14,1.E0));
#5405=VECTOR('',#5404,1.5E0);
#5406=CARTESIAN_POINT('',(3.082E1,1.0084686E1,5.1191285E1));
#5407=LINE('',#5406,#5405);
#5408=DIRECTION('',(-1.E0,0.E0,0.E0));
#5409=VECTOR('',#5408,1.205E0);
#5410=CARTESIAN_POINT('',(3.082E1,1.196E1,5.2691285E1));
#5411=LINE('',#5410,#5409);
#5412=DIRECTION('',(0.E0,1.776356839400E-14,1.E0));
#5413=VECTOR('',#5412,1.5E0);
#5414=CARTESIAN_POINT('',(3.082E1,1.196E1,5.1191285E1));
#5415=LINE('',#5414,#5413);
#5416=DIRECTION('',(0.E0,1.E0,0.E0));
#5417=VECTOR('',#5416,8.E-1);
#5418=CARTESIAN_POINT('',(2.9615E1,1.196E1,5.2691285E1));
#5419=LINE('',#5418,#5417);
#5420=DIRECTION('',(0.E0,1.776356839400E-14,1.E0));
#5421=VECTOR('',#5420,1.5E0);
#5422=CARTESIAN_POINT('',(2.9615E1,1.196E1,5.1191285E1));
#5423=LINE('',#5422,#5421);
#5424=DIRECTION('',(1.E0,0.E0,2.358648085511E-14));
#5425=VECTOR('',#5424,1.205E0);
#5426=CARTESIAN_POINT('',(2.9615E1,1.276E1,5.2691285E1));
#5427=LINE('',#5426,#5425);
#5428=DIRECTION('',(0.E0,1.894780628694E-14,1.E0));
#5429=VECTOR('',#5428,1.5E0);
#5430=CARTESIAN_POINT('',(2.9615E1,1.276E1,5.1191285E1));
#5431=LINE('',#5430,#5429);
#5432=DIRECTION('',(0.E0,1.E0,-1.515570695382E-14));
#5433=VECTOR('',#5432,1.875314E0);
#5434=CARTESIAN_POINT('',(3.082E1,1.276E1,5.2691285E1));
#5435=LINE('',#5434,#5433);
#5436=DIRECTION('',(0.E0,1.894780628694E-14,1.E0));
#5437=VECTOR('',#5436,1.5E0);
#5438=CARTESIAN_POINT('',(3.082E1,1.276E1,5.1191285E1));
#5439=LINE('',#5438,#5437);
#5440=DIRECTION('',(1.E0,0.E0,-2.664535259100E-14));
#5441=VECTOR('',#5440,8.E-1);
#5442=CARTESIAN_POINT('',(3.082E1,1.4635314E1,5.1191285E1));
#5443=LINE('',#5442,#5441);
#5444=DIRECTION('',(0.E0,-1.E0,1.515570695382E-14));
#5445=VECTOR('',#5444,1.875314E0);
#5446=CARTESIAN_POINT('',(3.162E1,1.4635314E1,5.1191285E1));
#5447=LINE('',#5446,#5445);
#5448=DIRECTION('',(1.E0,0.E0,0.E0));
#5449=VECTOR('',#5448,1.205E0);
#5450=CARTESIAN_POINT('',(3.162E1,1.276E1,5.1191285E1));
#5451=LINE('',#5450,#5449);
#5452=DIRECTION('',(0.E0,-1.E0,1.776356839400E-14));
#5453=VECTOR('',#5452,8.E-1);
#5454=CARTESIAN_POINT('',(3.2825E1,1.276E1,5.1191285E1));
#5455=LINE('',#5454,#5453);
#5456=DIRECTION('',(-1.E0,0.E0,-1.768986064133E-14));
#5457=VECTOR('',#5456,1.205E0);
#5458=CARTESIAN_POINT('',(3.2825E1,1.196E1,5.1191285E1));
#5459=LINE('',#5458,#5457);
#5460=DIRECTION('',(0.E0,-1.E0,1.894463369228E-14));
#5461=VECTOR('',#5460,1.875314E0);
#5462=CARTESIAN_POINT('',(3.162E1,1.196E1,5.1191285E1));
#5463=LINE('',#5462,#5461);
#5464=DIRECTION('',(-1.E0,0.E0,2.664535259100E-14));
#5465=VECTOR('',#5464,8.E-1);
#5466=CARTESIAN_POINT('',(3.162E1,1.0084686E1,5.1191285E1));
#5467=LINE('',#5466,#5465);
#5468=DIRECTION('',(0.E0,1.E0,-1.894463369228E-14));
#5469=VECTOR('',#5468,1.875314E0);
#5470=CARTESIAN_POINT('',(3.082E1,1.0084686E1,5.1191285E1));
#5471=LINE('',#5470,#5469);
#5472=DIRECTION('',(-1.E0,0.E0,0.E0));
#5473=VECTOR('',#5472,1.205E0);
#5474=CARTESIAN_POINT('',(3.082E1,1.196E1,5.1191285E1));
#5475=LINE('',#5474,#5473);
#5476=DIRECTION('',(0.E0,1.E0,-2.664535259100E-14));
#5477=VECTOR('',#5476,8.E-1);
#5478=CARTESIAN_POINT('',(2.9615E1,1.196E1,5.1191285E1));
#5479=LINE('',#5478,#5477);
#5480=DIRECTION('',(1.E0,0.E0,1.768986064133E-14));
#5481=VECTOR('',#5480,1.205E0);
#5482=CARTESIAN_POINT('',(2.9615E1,1.276E1,5.1191285E1));
#5483=LINE('',#5482,#5481);
#5484=DIRECTION('',(0.E0,1.E0,-1.515570695382E-14));
#5485=VECTOR('',#5484,1.875314E0);
#5486=CARTESIAN_POINT('',(3.082E1,1.276E1,5.1191285E1));
#5487=LINE('',#5486,#5485);
#5488=DIRECTION('',(0.E0,1.820765760385E-14,1.E0));
#5489=VECTOR('',#5488,4.E0);
#5490=CARTESIAN_POINT('',(3.99E1,8.57E0,5.2691285E1));
#5491=LINE('',#5490,#5489);
#5492=DIRECTION('',(0.E0,1.687538997430E-14,1.E0));
#5493=VECTOR('',#5492,4.E0);
#5494=CARTESIAN_POINT('',(3.99E1,1.457E1,5.2691285E1));
#5495=LINE('',#5494,#5493);
#5496=CARTESIAN_POINT('',(3.99E1,1.157E1,5.2691285E1));
#5497=DIRECTION('',(0.E0,-2.702955214810E-14,-1.E0));
#5498=DIRECTION('',(0.E0,-1.E0,2.605323364454E-14));
#5499=AXIS2_PLACEMENT_3D('',#5496,#5497,#5498);
#5501=CARTESIAN_POINT('',(3.99E1,1.157E1,5.2691285E1));
#5502=DIRECTION('',(0.E0,-2.702955214810E-14,-1.E0));
#5503=DIRECTION('',(-1.E0,0.E0,0.E0));
#5504=AXIS2_PLACEMENT_3D('',#5501,#5502,#5503);
#5506=CARTESIAN_POINT('',(3.99E1,1.157E1,5.2691285E1));
#5507=DIRECTION('',(0.E0,-2.702955214810E-14,-1.E0));
#5508=DIRECTION('',(0.E0,1.E0,-2.605323364454E-14));
#5509=AXIS2_PLACEMENT_3D('',#5506,#5507,#5508);
#5511=CARTESIAN_POINT('',(3.99E1,1.157E1,5.2691285E1));
#5512=DIRECTION('',(0.E0,-2.702955214810E-14,-1.E0));
#5513=DIRECTION('',(1.E0,0.E0,0.E0));
#5514=AXIS2_PLACEMENT_3D('',#5511,#5512,#5513);
#5516=DIRECTION('',(1.E0,0.E0,-2.664535259100E-14));
#5517=VECTOR('',#5516,8.E-1);
#5518=CARTESIAN_POINT('',(3.95E1,1.3845314E1,5.2691285E1));
#5519=LINE('',#5518,#5517);
#5520=DIRECTION('',(0.E0,1.657933050107E-14,1.E0));
#5521=VECTOR('',#5520,1.5E0);
#5522=CARTESIAN_POINT('',(3.95E1,1.3845314E1,5.1191285E1));
#5523=LINE('',#5522,#5521);
#5524=DIRECTION('',(0.E0,-1.E0,1.515570695382E-14));
#5525=VECTOR('',#5524,1.875314E0);
#5526=CARTESIAN_POINT('',(4.03E1,1.3845314E1,5.2691285E1));
#5527=LINE('',#5526,#5525);
#5528=DIRECTION('',(0.E0,1.894780628694E-14,1.E0));
#5529=VECTOR('',#5528,1.5E0);
#5530=CARTESIAN_POINT('',(4.03E1,1.3845314E1,5.1191285E1));
#5531=LINE('',#5530,#5529);
#5532=DIRECTION('',(1.E0,0.E0,0.E0));
#5533=VECTOR('',#5532,1.205E0);
#5534=CARTESIAN_POINT('',(4.03E1,1.197E1,5.2691285E1));
#5535=LINE('',#5534,#5533);
#5536=DIRECTION('',(0.E0,1.894780628694E-14,1.E0));
#5537=VECTOR('',#5536,1.5E0);
#5538=CARTESIAN_POINT('',(4.03E1,1.197E1,5.1191285E1));
#5539=LINE('',#5538,#5537);
#5540=DIRECTION('',(0.E0,-1.E0,2.664535259097E-14));
#5541=VECTOR('',#5540,8.000000000010E-1);
#5542=CARTESIAN_POINT('',(4.1505E1,1.197E1,5.2691285E1));
#5543=LINE('',#5542,#5541);
#5544=DIRECTION('',(0.E0,1.894780628694E-14,1.E0));
#5545=VECTOR('',#5544,1.5E0);
#5546=CARTESIAN_POINT('',(4.1505E1,1.197E1,5.1191285E1));
#5547=LINE('',#5546,#5545);
#5548=DIRECTION('',(-1.E0,5.601789203088E-13,-1.768986064133E-14));
#5549=VECTOR('',#5548,1.205E0);
#5550=CARTESIAN_POINT('',(4.1505E1,1.117E1,5.2691285E1));
#5551=LINE('',#5550,#5549);
#5552=DIRECTION('',(0.E0,1.776356839400E-14,1.E0));
#5553=VECTOR('',#5552,1.5E0);
#5554=CARTESIAN_POINT('',(4.1505E1,1.117E1,5.1191285E1));
#5555=LINE('',#5554,#5553);
#5556=DIRECTION('',(0.E0,-1.E0,2.273356043076E-14));
#5557=VECTOR('',#5556,1.875313999998E0);
#5558=CARTESIAN_POINT('',(4.03E1,1.117E1,5.2691285E1));
#5559=LINE('',#5558,#5557);
#5560=DIRECTION('',(0.E0,1.894780628694E-14,1.E0));
#5561=VECTOR('',#5560,1.5E0);
#5562=CARTESIAN_POINT('',(4.03E1,1.117E1,5.1191285E1));
#5563=LINE('',#5562,#5561);
#5564=DIRECTION('',(-1.E0,0.E0,1.776356839400E-14));
#5565=VECTOR('',#5564,8.E-1);
#5566=CARTESIAN_POINT('',(4.03E1,9.294686000002E0,5.2691285E1));
#5567=LINE('',#5566,#5565);
#5568=DIRECTION('',(0.E0,2.404002922655E-13,1.E0));
#5569=VECTOR('',#5568,1.5E0);
#5570=CARTESIAN_POINT('',(4.03E1,9.294686000002E0,5.1191285E1));
#5571=LINE('',#5570,#5569);
#5572=DIRECTION('',(0.E0,1.E0,-1.894463369229E-14));
#5573=VECTOR('',#5572,1.875313999999E0);
#5574=CARTESIAN_POINT('',(3.95E1,9.294686000002E0,5.2691285E1));
#5575=LINE('',#5574,#5573);
#5576=DIRECTION('',(0.E0,2.415845301584E-13,1.E0));
#5577=VECTOR('',#5576,1.5E0);
#5578=CARTESIAN_POINT('',(3.95E1,9.294686000002E0,5.1191285E1));
#5579=LINE('',#5578,#5577);
#5580=DIRECTION('',(-1.E0,-5.601789203088E-13,0.E0));
#5581=VECTOR('',#5580,1.205E0);
#5582=CARTESIAN_POINT('',(3.95E1,1.117E1,5.2691285E1));
#5583=LINE('',#5582,#5581);
#5584=DIRECTION('',(0.E0,1.894780628694E-14,1.E0));
#5585=VECTOR('',#5584,1.5E0);
#5586=CARTESIAN_POINT('',(3.95E1,1.117E1,5.1191285E1));
#5587=LINE('',#5586,#5585);
#5588=DIRECTION('',(0.E0,1.E0,-1.776356839401E-14));
#5589=VECTOR('',#5588,7.999999999997E-1);
#5590=CARTESIAN_POINT('',(3.8295E1,1.117E1,5.2691285E1));
#5591=LINE('',#5590,#5589);
#5592=DIRECTION('',(0.E0,1.894780628694E-14,1.E0));
#5593=VECTOR('',#5592,1.5E0);
#5594=CARTESIAN_POINT('',(3.8295E1,1.117E1,5.1191285E1));
#5595=LINE('',#5594,#5593);
#5596=DIRECTION('',(1.E0,0.E0,1.179324042755E-14));
#5597=VECTOR('',#5596,1.205E0);
#5598=CARTESIAN_POINT('',(3.8295E1,1.197E1,5.2691285E1));
#5599=LINE('',#5598,#5597);
#5600=DIRECTION('',(0.E0,1.894780628694E-14,1.E0));
#5601=VECTOR('',#5600,1.5E0);
#5602=CARTESIAN_POINT('',(3.8295E1,1.197E1,5.1191285E1));
#5603=LINE('',#5602,#5601);
#5604=DIRECTION('',(0.E0,1.E0,-1.894463369228E-14));
#5605=VECTOR('',#5604,1.875314E0);
#5606=CARTESIAN_POINT('',(3.95E1,1.197E1,5.2691285E1));
#5607=LINE('',#5606,#5605);
#5608=DIRECTION('',(0.E0,1.894780628694E-14,1.E0));
#5609=VECTOR('',#5608,1.5E0);
#5610=CARTESIAN_POINT('',(3.95E1,1.197E1,5.1191285E1));
#5611=LINE('',#5610,#5609);
#5612=DIRECTION('',(1.E0,0.E0,-2.664535259100E-14));
#5613=VECTOR('',#5612,8.E-1);
#5614=CARTESIAN_POINT('',(3.95E1,1.3845314E1,5.1191285E1));
#5615=LINE('',#5614,#5613);
#5616=DIRECTION('',(0.E0,-1.E0,1.515570695382E-14));
#5617=VECTOR('',#5616,1.875314E0);
#5618=CARTESIAN_POINT('',(4.03E1,1.3845314E1,5.1191285E1));
#5619=LINE('',#5618,#5617);
#5620=DIRECTION('',(1.E0,0.E0,0.E0));
#5621=VECTOR('',#5620,1.205E0);
#5622=CARTESIAN_POINT('',(4.03E1,1.197E1,5.1191285E1));
#5623=LINE('',#5622,#5621);
#5624=DIRECTION('',(0.E0,-1.E0,2.664535259097E-14));
#5625=VECTOR('',#5624,8.000000000010E-1);
#5626=CARTESIAN_POINT('',(4.1505E1,1.197E1,5.1191285E1));
#5627=LINE('',#5626,#5625);
#5628=DIRECTION('',(-1.E0,5.601789203088E-13,-1.768986064133E-14));
#5629=VECTOR('',#5628,1.205E0);
#5630=CARTESIAN_POINT('',(4.1505E1,1.117E1,5.1191285E1));
#5631=LINE('',#5630,#5629);
#5632=DIRECTION('',(0.E0,-1.E0,2.273356043076E-14));
#5633=VECTOR('',#5632,1.875313999998E0);
#5634=CARTESIAN_POINT('',(4.03E1,1.117E1,5.1191285E1));
#5635=LINE('',#5634,#5633);
#5636=DIRECTION('',(-1.E0,0.E0,1.776356839400E-14));
#5637=VECTOR('',#5636,8.E-1);
#5638=CARTESIAN_POINT('',(4.03E1,9.294686000002E0,5.1191285E1));
#5639=LINE('',#5638,#5637);
#5640=DIRECTION('',(0.E0,1.E0,-1.515570695383E-14));
#5641=VECTOR('',#5640,1.875313999999E0);
#5642=CARTESIAN_POINT('',(3.95E1,9.294686000002E0,5.1191285E1));
#5643=LINE('',#5642,#5641);
#5644=DIRECTION('',(-1.E0,-5.601789203088E-13,0.E0));
#5645=VECTOR('',#5644,1.205E0);
#5646=CARTESIAN_POINT('',(3.95E1,1.117E1,5.1191285E1));
#5647=LINE('',#5646,#5645);
#5648=DIRECTION('',(0.E0,1.E0,0.E0));
#5649=VECTOR('',#5648,7.999999999997E-1);
#5650=CARTESIAN_POINT('',(3.8295E1,1.117E1,5.1191285E1));
#5651=LINE('',#5650,#5649);
#5652=DIRECTION('',(1.E0,0.E0,1.179324042755E-14));
#5653=VECTOR('',#5652,1.205E0);
#5654=CARTESIAN_POINT('',(3.8295E1,1.197E1,5.1191285E1));
#5655=LINE('',#5654,#5653);
#5656=DIRECTION('',(0.E0,1.E0,-1.894463369228E-14));
#5657=VECTOR('',#5656,1.875314E0);
#5658=CARTESIAN_POINT('',(3.95E1,1.197E1,5.1191285E1));
#5659=LINE('',#5658,#5657);
#5660=DIRECTION('',(0.E0,-3.658536584772E-5,-9.999999993308E-1));
#5661=VECTOR('',#5660,4.100000002744E0);
#5662=CARTESIAN_POINT('',(2.475E1,3.20408E1,5.6691285E1));
#5663=LINE('',#5662,#5661);
#5664=DIRECTION('',(0.E0,5.691056876152E-5,9.999999983806E-1));
#5665=VECTOR('',#5664,4.100000006640E0);
#5666=CARTESIAN_POINT('',(2.475E1,2.596101111111E1,5.2591285E1));
#5667=LINE('',#5666,#5665);
#5668=DIRECTION('',(0.E0,1.E0,-1.869985999515E-14));
#5669=VECTOR('',#5668,6.079555555556E0);
#5670=CARTESIAN_POINT('',(2.475E1,2.596124444444E1,5.6691285E1));
#5671=LINE('',#5670,#5669);
#5672=DIRECTION('',(0.E0,-3.658536584772E-5,-9.999999993308E-1));
#5673=VECTOR('',#5672,4.100000002744E0);
#5674=CARTESIAN_POINT('',(3.484E1,3.20408E1,5.6691285E1));
#5675=LINE('',#5674,#5673);
#5676=DIRECTION('',(0.E0,1.020408170496E-5,9.999999999479E-1));
#5677=VECTOR('',#5676,4.900000000255E0);
#5678=CARTESIAN_POINT('',(2.633E1,3.204055E1,4.7691285E1));
#5679=LINE('',#5678,#5677);
#5680=DIRECTION('',(0.E0,-1.E0,1.869985999515E-14));
#5681=VECTOR('',#5680,6.079555555556E0);
#5682=CARTESIAN_POINT('',(3.484E1,3.20408E1,5.6691285E1));
#5683=LINE('',#5682,#5681);
#5684=DIRECTION('',(0.E0,1.587301537827E-5,9.999999998740E-1));
#5685=VECTOR('',#5684,4.900000000617E0);
#5686=CARTESIAN_POINT('',(3.323E1,2.596085555556E1,4.7691285E1));
#5687=LINE('',#5686,#5685);
#5688=DIRECTION('',(0.E0,5.691056930310E-5,9.999999983806E-1));
#5689=VECTOR('',#5688,4.100000006640E0);
#5690=CARTESIAN_POINT('',(3.484E1,2.596101111111E1,5.2591285E1));
#5691=LINE('',#5690,#5689);
#5692=DIRECTION('',(0.E0,-1.E0,1.869951823920E-14));
#5693=VECTOR('',#5692,6.079666666669E0);
#5694=CARTESIAN_POINT('',(3.323E1,3.20406E1,5.2591285E1));
#5695=LINE('',#5694,#5693);
#5696=DIRECTION('',(0.E0,1.020408170642E-5,9.999999999479E-1));
#5697=VECTOR('',#5696,4.900000000255E0);
#5698=CARTESIAN_POINT('',(3.323E1,3.204055E1,4.7691285E1));
#5699=LINE('',#5698,#5697);
#5700=DIRECTION('',(9.999999995178E-1,3.105590058952E-5,0.E0));
#5701=VECTOR('',#5700,1.610000000776E0);
#5702=CARTESIAN_POINT('',(3.323E1,3.20406E1,5.2591285E1));
#5703=LINE('',#5702,#5701);
#5704=DIRECTION('',(0.E0,-1.E0,1.636215321739E-14));
#5705=VECTOR('',#5704,6.079638888890E0);
#5706=CARTESIAN_POINT('',(3.484E1,3.204065E1,5.2591285E1));
#5707=LINE('',#5706,#5705);
#5708=DIRECTION('',(-9.999999988331E-1,-4.830917934825E-5,0.E0));
#5709=VECTOR('',#5708,1.610000001879E0);
#5710=CARTESIAN_POINT('',(3.484E1,2.596101111111E1,5.2591285E1));
#5711=LINE('',#5710,#5709);
#5712=DIRECTION('',(-1.E0,-4.067599719206E-14,0.E0));
#5713=VECTOR('',#5712,6.9E0);
#5714=CARTESIAN_POINT('',(3.323E1,2.596085555556E1,4.7691285E1));
#5715=LINE('',#5714,#5713);
#5716=DIRECTION('',(0.E0,1.E0,-1.753071825204E-14));
#5717=VECTOR('',#5716,6.079694444444E0);
#5718=CARTESIAN_POINT('',(2.633E1,2.596085555556E1,4.7691285E1));
#5719=LINE('',#5718,#5717);
#5720=DIRECTION('',(1.E0,3.913133907085E-14,0.E0));
#5721=VECTOR('',#5720,6.9E0);
#5722=CARTESIAN_POINT('',(2.633E1,3.204055E1,4.7691285E1));
#5723=LINE('',#5722,#5721);
#5724=DIRECTION('',(0.E0,-1.E0,1.636200370190E-14));
#5725=VECTOR('',#5724,6.079694444444E0);
#5726=CARTESIAN_POINT('',(3.323E1,3.204055E1,4.7691285E1));
#5727=LINE('',#5726,#5725);
#5728=DIRECTION('',(-9.999876239952E-1,4.975123755934E-3,-2.474549911091E-14));
#5729=VECTOR('',#5728,2.009981341668E0);
#5730=CARTESIAN_POINT('',(3.219E1,3.15E1,4.7691285E1));
#5731=LINE('',#5730,#5729);
#5732=DIRECTION('',(1.489669061215E-5,-9.999999998890E-1,1.701898874016E-14));
#5733=VECTOR('',#5732,5.009999688761E0);
#5734=CARTESIAN_POINT('',(3.018004353387E1,3.150999990592E1,4.7691285E1));
#5735=LINE('',#5734,#5733);
#5736=DIRECTION('',(9.999319281617E-1,-1.166786367795E-2,0.E0));
#5737=VECTOR('',#5736,2.010013196085E0);
#5738=CARTESIAN_POINT('',(3.018011816629E1,2.650000021772E1,4.7691285E1));
#5739=LINE('',#5738,#5737);
#5740=DIRECTION('',(-1.668068968674E-5,9.999999998609E-1,-2.169596351662E-14));
#5741=VECTOR('',#5740,1.309999872033E0);
#5742=CARTESIAN_POINT('',(3.218999453708E1,2.647654765775E1,4.7691285E1));
#5743=LINE('',#5742,#5741);
#5744=DIRECTION('',(-9.999314032841E-1,1.171275912568E-2,2.786415916938E-14));
#5745=VECTOR('',#5744,5.100047924940E-1);
#5746=CARTESIAN_POINT('',(3.218997268538E1,2.778654752961E1,4.7691285E1));
#5747=LINE('',#5746,#5745);
#5748=DIRECTION('',(1.117941528216E-6,9.999999999994E-1,-2.072416302985E-14));
#5749=VECTOR('',#5748,2.400000011173E0);
#5750=CARTESIAN_POINT('',(3.168000287754E1,2.779252109289E1,4.7691285E1));
#5751=LINE('',#5750,#5749);
#5752=DIRECTION('',(9.999877816459E-1,-4.943334802028E-3,4.179657654266E-14));
#5753=VECTOR('',#5752,5.100006707737E-1);
#5754=CARTESIAN_POINT('',(3.168000556060E1,3.019252110406E1,4.7691285E1));
#5755=LINE('',#5754,#5753);
#5756=DIRECTION('',(-4.339192279449E-14,1.E0,-1.084798069862E-14));
#5757=VECTOR('',#5756,1.310000000001E0);
#5758=CARTESIAN_POINT('',(3.219E1,3.019E1,4.7691285E1));
#5759=LINE('',#5758,#5757);
#5760=DIRECTION('',(0.E0,1.E0,-1.636207845930E-14));
#5761=VECTOR('',#5760,6.079666666667E0);
#5762=CARTESIAN_POINT('',(2.633E1,2.596093333333E1,5.2591285E1));
#5763=LINE('',#5762,#5761);
#5764=DIRECTION('',(0.E0,1.587301583215E-5,9.999999998740E-1));
#5765=VECTOR('',#5764,4.900000000617E0);
#5766=CARTESIAN_POINT('',(2.633E1,2.596085555556E1,4.7691285E1));
#5767=LINE('',#5766,#5765);
#5768=DIRECTION('',(-9.999999987884E-1,4.922644241820E-5,0.E0));
#5769=VECTOR('',#5768,1.580000001914E0);
#5770=CARTESIAN_POINT('',(2.633E1,2.596093333333E1,5.2591285E1));
#5771=LINE('',#5770,#5769);
#5772=DIRECTION('',(0.E0,1.E0,-1.869960367702E-14));
#5773=VECTOR('',#5772,6.079638888888E0);
#5774=CARTESIAN_POINT('',(2.475E1,2.596101111111E1,5.2591285E1));
#5775=LINE('',#5774,#5773);
#5776=DIRECTION('',(9.999999994993E-1,-3.164556977635E-5,0.E0));
#5777=VECTOR('',#5776,1.580000000791E0);
#5778=CARTESIAN_POINT('',(2.475E1,3.204065E1,5.2591285E1));
#5779=LINE('',#5778,#5777);
#5780=DIRECTION('',(-9.999876239952E-1,4.975123755938E-3,-1.767535650780E-14));
#5781=VECTOR('',#5780,2.009981341668E0);
#5782=CARTESIAN_POINT('',(3.219E1,3.15E1,5.6491285E1));
#5783=LINE('',#5782,#5781);
#5784=DIRECTION('',(0.E0,1.776356839400E-14,1.E0));
#5785=VECTOR('',#5784,8.8E0);
#5786=CARTESIAN_POINT('',(3.219E1,3.15E1,4.7691285E1));
#5787=LINE('',#5786,#5785);
#5788=DIRECTION('',(-9.999319281617E-1,1.166786367794E-2,0.E0));
#5789=VECTOR('',#5788,2.010013196085E0);
#5790=CARTESIAN_POINT('',(3.218999453708E1,2.647654765775E1,5.6491285E1));
#5791=LINE('',#5790,#5789);
#5792=DIRECTION('',(-4.339192279449E-14,1.E0,-2.169596139725E-14));
#5793=VECTOR('',#5792,1.310000000001E0);
#5794=CARTESIAN_POINT('',(3.219E1,3.019E1,5.6491285E1));
#5795=LINE('',#5794,#5793);
#5796=DIRECTION('',(0.E0,1.776356839400E-14,1.E0));
#5797=VECTOR('',#5796,8.8E0);
#5798=CARTESIAN_POINT('',(3.219E1,3.019E1,4.7691285E1));
#5799=LINE('',#5798,#5797);
#5800=DIRECTION('',(9.999877816459E-1,-4.943334802035E-3,1.393219218089E-14));
#5801=VECTOR('',#5800,5.100006707737E-1);
#5802=CARTESIAN_POINT('',(3.168000556060E1,3.019252110406E1,5.6491285E1));
#5803=LINE('',#5802,#5801);
#5804=DIRECTION('',(0.E0,1.857100332100E-14,1.E0));
#5805=VECTOR('',#5804,8.8E0);
#5806=CARTESIAN_POINT('',(3.168000556060E1,3.019252110406E1,4.7691285E1));
#5807=LINE('',#5806,#5805);
#5808=DIRECTION('',(1.117941526735E-6,9.999999999994E-1,-2.072416302985E-14));
#5809=VECTOR('',#5808,2.400000011173E0);
#5810=CARTESIAN_POINT('',(3.168000287754E1,2.779252109289E1,5.6491285E1));
#5811=LINE('',#5810,#5809);
#5812=DIRECTION('',(0.E0,1.816728585750E-14,1.E0));
#5813=VECTOR('',#5812,8.8E0);
#5814=CARTESIAN_POINT('',(3.168000287754E1,2.779252109289E1,4.7691285E1));
#5815=LINE('',#5814,#5813);
#5816=DIRECTION('',(-9.999314032841E-1,1.171275912568E-2,4.179623875408E-14));
#5817=VECTOR('',#5816,5.100047924940E-1);
#5818=CARTESIAN_POINT('',(3.218997268538E1,2.778654752961E1,5.6491285E1));
#5819=LINE('',#5818,#5817);
#5820=DIRECTION('',(0.E0,1.816728585750E-14,1.E0));
#5821=VECTOR('',#5820,8.8E0);
#5822=CARTESIAN_POINT('',(3.218997268538E1,2.778654752961E1,4.7691285E1));
#5823=LINE('',#5822,#5821);
#5824=DIRECTION('',(-1.668068968674E-5,9.999999998609E-1,-2.169596351662E-14));
#5825=VECTOR('',#5824,1.309999872033E0);
#5826=CARTESIAN_POINT('',(3.218999453708E1,2.647654765775E1,5.6491285E1));
#5827=LINE('',#5826,#5825);
#5828=DIRECTION('',(0.E0,1.816728585750E-14,1.E0));
#5829=VECTOR('',#5828,8.8E0);
#5830=CARTESIAN_POINT('',(3.218999453708E1,2.647654765775E1,4.7691285E1));
#5831=LINE('',#5830,#5829);
#5832=DIRECTION('',(0.E0,1.776356839400E-14,1.E0));
#5833=VECTOR('',#5832,8.8E0);
#5834=CARTESIAN_POINT('',(3.018011816629E1,2.650000021772E1,4.7691285E1));
#5835=LINE('',#5834,#5833);
#5836=DIRECTION('',(1.489669061357E-5,-9.999999998890E-1,1.701898874016E-14));
#5837=VECTOR('',#5836,5.009999688761E0);
#5838=CARTESIAN_POINT('',(3.018004353387E1,3.150999990592E1,5.6491285E1));
#5839=LINE('',#5838,#5837);
#5840=DIRECTION('',(0.E0,1.776356839400E-14,1.E0));
#5841=VECTOR('',#5840,8.8E0);
#5842=CARTESIAN_POINT('',(3.018004353387E1,3.150999990592E1,4.7691285E1));
#5843=LINE('',#5842,#5841);
#5844=DIRECTION('',(-1.E0,-1.028816839640E-14,0.E0));
#5845=VECTOR('',#5844,4.143843928579E0);
#5846=CARTESIAN_POINT('',(4.5E1,4.5490763E1,6.376380904764E-13));
#5847=LINE('',#5846,#5845);
#5848=DIRECTION('',(6.840718167319E-13,1.140119694553E-14,1.E0));
#5849=VECTOR('',#5848,1.869653E0);
#5850=CARTESIAN_POINT('',(4.085615607142E1,4.5490763E1,6.308172323966E-13));
#5851=LINE('',#5850,#5849);
#5852=DIRECTION('',(-1.E0,-1.200286312913E-14,0.E0));
#5853=VECTOR('',#5852,4.143843928578E0);
#5854=CARTESIAN_POINT('',(4.5E1,4.5490763E1,1.869653000001E0));
#5855=LINE('',#5854,#5853);
#5856=DIRECTION('',(6.152728608830E-2,9.840838027137E-1,1.667137136028E-1));
#5857=VECTOR('',#5856,2.222492630525E0);
#5858=CARTESIAN_POINT('',(4.085615607142E1,4.5490763E1,1.869653000001E0));
#5859=LINE('',#5858,#5857);
#5860=CARTESIAN_POINT('',(4.101266766028E1,4.799404886161E1,2.365110183651E0));
#5861=CARTESIAN_POINT('',(4.101062324015E1,4.796134986146E1,2.345583043585E0));
#5862=CARTESIAN_POINT('',(4.100642753746E1,4.789424587324E1,2.310128095894E0));
#5863=CARTESIAN_POINT('',(4.099979302489E1,4.778813040367E1,2.268242136698E0));
#5864=CARTESIAN_POINT('',(4.099522580720E1,4.771508139806E1,2.248266755085E0));
#5865=CARTESIAN_POINT('',(4.099290001133E1,4.767788199935E1,2.240172999890E0));
#5867=DIRECTION('',(-5.778307770769E-8,-2.213830851888E-9,-1.E0));
#5868=VECTOR('',#5867,2.365110183650E0);
#5869=CARTESIAN_POINT('',(4.101266766028E1,4.799404886161E1,2.365110183651E0));
#5870=LINE('',#5869,#5868);
#5871=DIRECTION('',(-9.999999932224E-1,1.164270158376E-4,0.E0));
#5872=VECTOR('',#5871,2.498717702036E0);
#5873=CARTESIAN_POINT('',(4.101266752362E1,4.799404885637E1,
6.721995400152E-13));
#5874=LINE('',#5873,#5872);
#5875=DIRECTION('',(-1.E0,0.E0,0.E0));
#5876=VECTOR('',#5875,9.E0);
#5877=CARTESIAN_POINT('',(1.85E1,5.7E1,8.298736807221E-13));
#5878=LINE('',#5877,#5876);
#5879=DIRECTION('',(0.E0,0.E0,-1.E0));
#5880=VECTOR('',#5879,6.E0);
#5881=CARTESIAN_POINT('',(1.85E1,5.7E1,6.000000000001E0));
#5882=LINE('',#5881,#5880);
#5883=DIRECTION('',(-1.E0,0.E0,0.E0));
#5884=VECTOR('',#5883,9.E0);
#5885=CARTESIAN_POINT('',(1.85E1,5.7E1,6.000000000001E0));
#5886=LINE('',#5885,#5884);
#5887=DIRECTION('',(0.E0,-1.E0,0.E0));
#5888=VECTOR('',#5887,7.1E0);
#5889=CARTESIAN_POINT('',(9.5E0,5.7E1,6.000000000001E0));
#5890=LINE('',#5889,#5888);
#5891=DIRECTION('',(1.E0,0.E0,0.E0));
#5892=VECTOR('',#5891,9.E0);
#5893=CARTESIAN_POINT('',(9.5E0,4.99E1,6.000000000001E0));
#5894=LINE('',#5893,#5892);
#5895=DIRECTION('',(0.E0,1.E0,0.E0));
#5896=VECTOR('',#5895,7.1E0);
#5897=CARTESIAN_POINT('',(1.85E1,4.99E1,6.000000000001E0));
#5898=LINE('',#5897,#5896);
#5899=CARTESIAN_POINT('',(1.385E1,5.4E1,6.000000000001E0));
#5900=DIRECTION('',(0.E0,1.382976518076E-14,-1.E0));
#5901=DIRECTION('',(1.657933050107E-14,-1.E0,-1.361873576874E-14));
#5902=AXIS2_PLACEMENT_3D('',#5899,#5900,#5901);
#5904=CARTESIAN_POINT('',(1.385E1,5.4E1,6.000000000001E0));
#5905=DIRECTION('',(0.E0,1.382976518076E-14,-1.E0));
#5906=DIRECTION('',(-1.E0,0.E0,0.E0));
#5907=AXIS2_PLACEMENT_3D('',#5904,#5905,#5906);
#5909=CARTESIAN_POINT('',(1.385E1,5.4E1,6.000000000001E0));
#5910=DIRECTION('',(0.E0,1.382976518076E-14,-1.E0));
#5911=DIRECTION('',(-1.657933050107E-14,1.E0,1.361873576874E-14));
#5912=AXIS2_PLACEMENT_3D('',#5909,#5910,#5911);
#5914=CARTESIAN_POINT('',(1.385E1,5.4E1,6.000000000001E0));
#5915=DIRECTION('',(0.E0,1.382976518076E-14,-1.E0));
#5916=DIRECTION('',(1.E0,0.E0,0.E0));
#5917=AXIS2_PLACEMENT_3D('',#5914,#5915,#5916);
#5919=DIRECTION('',(-6.909448906135E-11,-5.480808330946E-5,9.999999984980E-1));
#5920=VECTOR('',#5919,1.218354050559E0);
#5921=CARTESIAN_POINT('',(1.385E1,5.25E1,6.000000000001E0));
#5922=LINE('',#5921,#5920);
#5923=DIRECTION('',(-7.299783074735E-11,6.274493407990E-5,9.999999980315E-1));
#5924=VECTOR('',#5923,1.064239707111E0);
#5925=CARTESIAN_POINT('',(1.385E1,5.55E1,6.000000000001E0));
#5926=LINE('',#5925,#5924);
#5927=DIRECTION('',(1.107713753705E-4,-4.889639194321E-12,-9.999999938649E-1));
#5928=VECTOR('',#5927,2.368650555309E0);
#5929=CARTESIAN_POINT('',(6.498425715484E0,4.800000407135E1,2.368650540778E0));
#5930=LINE('',#5929,#5928);
#5931=DIRECTION('',(-9.999999999848E-1,5.522063436084E-6,0.E0));
#5932=VECTOR('',#5931,2.500262165212E0);
#5933=CARTESIAN_POINT('',(6.498688094164E0,4.800000407134E1,
6.753197829987E-13));
#5934=LINE('',#5933,#5932);
#5935=DIRECTION('',(-9.999999999834E-1,5.522642999567E-6,1.673220948186E-6));
#5936=VECTOR('',#5935,2.499999779856E0);
#5937=CARTESIAN_POINT('',(6.498425715484E0,4.800000407135E1,2.368650540778E0));
#5938=LINE('',#5937,#5936);
#5939=CARTESIAN_POINT('',(3.998425713082E0,4.800002132960E1,2.368658906903E0));
#5940=CARTESIAN_POINT('',(4.004697072575E0,4.789976350608E1,2.307906164671E0));
#5941=CARTESIAN_POINT('',(4.011414120770E0,4.779238062788E1,2.265085334543E0));
#5942=CARTESIAN_POINT('',(4.018576275659E0,4.767788199935E1,2.240172999891E0));
#5944=DIRECTION('',(-1.E0,-3.766149808668E-13,-6.398476347473E-14));
#5945=VECTOR('',#5944,4.018576275659E0);
#5946=CARTESIAN_POINT('',(4.018576275659E0,4.767788199935E1,2.240172999890E0));
#5947=LINE('',#5946,#5945);
#5948=CARTESIAN_POINT('',(6.498819616040E0,4.850694399717E1,3.227881982788E0));
#5949=CARTESIAN_POINT('',(6.498816833668E0,4.850340922781E1,3.139633274675E0));
#5950=CARTESIAN_POINT('',(6.498802058145E0,4.847508712769E1,2.969913947347E0));
#5951=CARTESIAN_POINT('',(6.498717089742E0,4.837098566318E1,2.728932957277E0));
#5952=CARTESIAN_POINT('',(6.498591506043E0,4.821039366949E1,2.521275905119E0));
#5953=CARTESIAN_POINT('',(6.498485171902E0,4.807553845514E1,2.414420555028E0));
#5954=CARTESIAN_POINT('',(6.498425715484E0,4.800000407135E1,2.368650540778E0));
#5956=DIRECTION('',(-2.819864022230E-9,-4.895630135936E-12,-1.E0));
#5957=VECTOR('',#5956,2.368654723829E0);
#5958=CARTESIAN_POINT('',(3.998425935670E0,4.800001787796E1,2.368654723830E0));
#5959=LINE('',#5958,#5957);
#5960=DIRECTION('',(8.265867785510E-14,1.520159592738E-14,1.E0));
#5961=VECTOR('',#5960,1.869653E0);
#5962=CARTESIAN_POINT('',(4.155385643907E0,4.5490763E1,6.309022358765E-13));
#5963=LINE('',#5962,#5961);
#5964=DIRECTION('',(-6.155661373460E-2,9.840820198090E-1,1.667134115608E-1));
#5965=VECTOR('',#5964,2.222496657112E0);
#5966=CARTESIAN_POINT('',(4.155385643907E0,4.5490763E1,1.869653000001E0));
#5967=LINE('',#5966,#5965);
#5968=DIRECTION('',(-1.E0,0.E0,0.E0));
#5969=VECTOR('',#5968,4.155385643907E0);
#5970=CARTESIAN_POINT('',(4.155385643907E0,4.5490763E1,6.309022358765E-13));
#5971=LINE('',#5970,#5969);
#5972=DIRECTION('',(0.E0,1.520159592738E-14,1.E0));
#5973=VECTOR('',#5972,1.869653E0);
#5974=CARTESIAN_POINT('',(0.E0,4.5490763E1,6.377121053447E-13));
#5975=LINE('',#5974,#5973);
#5976=DIRECTION('',(-1.E0,0.E0,0.E0));
#5977=VECTOR('',#5976,4.155385643907E0);
#5978=CARTESIAN_POINT('',(4.155385643907E0,4.5490763E1,1.869653000001E0));
#5979=LINE('',#5978,#5977);
#5980=DIRECTION('',(-6.597078388560E-11,6.274492163473E-5,9.999999980315E-1));
#5981=VECTOR('',#5980,1.064239707113E0);
#5982=CARTESIAN_POINT('',(3.116617758801E1,5.55E1,6.000000000001E0));
#5983=LINE('',#5982,#5981);
#5984=DIRECTION('',(-1.367627654373E-11,9.452631047869E-6,9.999999999553E-1));
#5985=VECTOR('',#5984,7.064239705332E0);
#5986=CARTESIAN_POINT('',(2.25E1,5.55E1,8.038233360631E-13));
#5987=LINE('',#5986,#5985);
#5988=DIRECTION('',(6.336037065062E-6,0.E0,9.999999999799E-1));
#5989=VECTOR('',#5988,3.453462812948E0);
#5990=CARTESIAN_POINT('',(6.259336477992E0,5.571E1,3.600000000001E0));
#5991=LINE('',#5990,#5989);
#5992=DIRECTION('',(-6.029341112487E-6,0.E0,-9.999999999818E-1));
#5993=VECTOR('',#5992,3.629130940932E0);
#5994=CARTESIAN_POINT('',(6.259358359260E0,5.229E1,7.229130940867E0));
#5995=LINE('',#5994,#5993);
#5996=DIRECTION('',(1.E0,0.E0,0.E0));
#5997=VECTOR('',#5996,7.E0);
#5998=CARTESIAN_POINT('',(1.2E0,5.099406718451E1,3.600000000001E0));
#5999=LINE('',#5998,#5997);
#6000=DIRECTION('',(0.E0,1.E0,0.E0));
#6001=VECTOR('',#6000,6.E0);
#6002=CARTESIAN_POINT('',(8.2E0,5.099406718451E1,3.600000000001E0));
#6003=LINE('',#6002,#6001);
#6004=DIRECTION('',(-1.E0,0.E0,0.E0));
#6005=VECTOR('',#6004,7.E0);
#6006=CARTESIAN_POINT('',(8.2E0,5.699406718451E1,3.600000000001E0));
#6007=LINE('',#6006,#6005);
#6008=DIRECTION('',(0.E0,-1.E0,0.E0));
#6009=VECTOR('',#6008,6.E0);
#6010=CARTESIAN_POINT('',(1.2E0,5.699406718451E1,3.600000000001E0));
#6011=LINE('',#6010,#6009);
#6012=CARTESIAN_POINT('',(5.075148992836E0,5.4E1,3.600000000001E0));
#6013=DIRECTION('',(0.E0,1.382976518076E-14,-1.E0));
#6014=DIRECTION('',(5.693209063250E-1,8.221153846154E-1,1.131573467406E-14));
#6015=AXIS2_PLACEMENT_3D('',#6012,#6013,#6014);
#6017=CARTESIAN_POINT('',(5.075148992836E0,5.4E1,3.600000000001E0));
#6018=DIRECTION('',(0.E0,1.382976518076E-14,-1.E0));
#6019=DIRECTION('',(1.E0,0.E0,0.E0));
#6020=AXIS2_PLACEMENT_3D('',#6017,#6018,#6019);
#6022=CARTESIAN_POINT('',(5.1E0,5.4E1,3.600000000001E0));
#6023=DIRECTION('',(0.E0,1.382976518076E-14,-1.E0));
#6024=DIRECTION('',(-5.515431814674E-1,-8.341463414634E-1,-1.148133079125E-14));
#6025=AXIS2_PLACEMENT_3D('',#6022,#6023,#6024);
#6027=CARTESIAN_POINT('',(5.1E0,5.4E1,3.600000000001E0));
#6028=DIRECTION('',(0.E0,1.382976518076E-14,-1.E0));
#6029=DIRECTION('',(-1.E0,0.E0,0.E0));
#6030=AXIS2_PLACEMENT_3D('',#6027,#6028,#6029);
#6032=DIRECTION('',(1.E0,0.E0,0.E0));
#6033=VECTOR('',#6032,7.E0);
#6034=CARTESIAN_POINT('',(1.2E0,5.099406718451E1,7.314149024377E-13));
#6035=LINE('',#6034,#6033);
#6036=DIRECTION('',(0.E0,0.E0,-1.E0));
#6037=VECTOR('',#6036,3.6E0);
#6038=CARTESIAN_POINT('',(1.2E0,5.099406718451E1,3.600000000001E0));
#6039=LINE('',#6038,#6037);
#6040=DIRECTION('',(0.E0,1.E0,1.650488679569E-14));
#6041=VECTOR('',#6040,6.E0);
#6042=CARTESIAN_POINT('',(8.2E0,5.099406718451E1,7.314222458996E-13));
#6043=LINE('',#6042,#6041);
#6044=DIRECTION('',(0.E0,0.E0,-1.E0));
#6045=VECTOR('',#6044,3.6E0);
#6046=CARTESIAN_POINT('',(8.2E0,5.099406718451E1,3.600000000001E0));
#6047=LINE('',#6046,#6045);
#6048=DIRECTION('',(-1.E0,0.E0,0.E0));
#6049=VECTOR('',#6048,7.E0);
#6050=CARTESIAN_POINT('',(8.2E0,5.699406718451E1,8.304515666738E-13));
#6051=LINE('',#6050,#6049);
#6052=DIRECTION('',(0.E0,0.E0,-1.E0));
#6053=VECTOR('',#6052,3.6E0);
#6054=CARTESIAN_POINT('',(8.2E0,5.699406718451E1,3.600000000001E0));
#6055=LINE('',#6054,#6053);
#6056=DIRECTION('',(0.E0,-1.E0,-1.650488679569E-14));
#6057=VECTOR('',#6056,6.E0);
#6058=CARTESIAN_POINT('',(1.2E0,5.699406718451E1,8.304442232119E-13));
#6059=LINE('',#6058,#6057);
#6060=DIRECTION('',(0.E0,0.E0,-1.E0));
#6061=VECTOR('',#6060,3.6E0);
#6062=CARTESIAN_POINT('',(1.2E0,5.699406718451E1,3.600000000001E0));
#6063=LINE('',#6062,#6061);
#6064=DIRECTION('',(1.E0,2.171964694463E-14,0.E0));
#6065=VECTOR('',#6064,2.29E0);
#6066=CARTESIAN_POINT('',(3.969336477992E0,5.229E1,3.600000000001E0));
#6067=LINE('',#6066,#6065);
#6068=DIRECTION('',(-5.225115276538E-6,0.E0,9.999999999863E-1));
#6069=VECTOR('',#6068,3.629130854873E0);
#6070=CARTESIAN_POINT('',(3.969336477992E0,5.229E1,3.600000000001E0));
#6071=LINE('',#6070,#6069);
#6072=DIRECTION('',(5.490902214889E-6,0.E0,-9.999999999849E-1));
#6073=VECTOR('',#6072,3.453462898973E0);
#6074=CARTESIAN_POINT('',(3.969317515365E0,5.571E1,7.053462898922E0));
#6075=LINE('',#6074,#6073);
#6076=DIRECTION('',(-1.E0,1.241122682550E-14,0.E0));
#6077=VECTOR('',#6076,2.29E0);
#6078=CARTESIAN_POINT('',(6.259336477992E0,5.571E1,3.600000000001E0));
#6079=LINE('',#6078,#6077);
#6080=CARTESIAN_POINT('',(0.E0,5.241E1,5.653E1));
#6081=CARTESIAN_POINT('',(0.E0,5.241E1,5.6691285E1));
#6082=VERTEX_POINT('',#6080);
#6083=VERTEX_POINT('',#6081);
#6084=CARTESIAN_POINT('',(0.E0,5.590000000001E0,5.6691285E1));
#6085=VERTEX_POINT('',#6084);
#6086=CARTESIAN_POINT('',(0.E0,5.590000000001E0,5.653E1));
#6087=VERTEX_POINT('',#6086);
#6088=CARTESIAN_POINT('',(0.E0,1.1200694E1,2.042034507791E-12));
#6089=CARTESIAN_POINT('',(0.E0,1.2506041E1,1.287604000001E0));
#6090=VERTEX_POINT('',#6088);
#6091=VERTEX_POINT('',#6089);
#6092=CARTESIAN_POINT('',(0.E0,1.2506041E1,1.799201000001E0));
#6093=VERTEX_POINT('',#6092);
#6094=CARTESIAN_POINT('',(0.E0,1.150059E1,2.487014000002E0));
#6095=VERTEX_POINT('',#6094);
#6096=CARTESIAN_POINT('',(0.E0,1.150059E1,3.492465000002E0));
#6097=VERTEX_POINT('',#6096);
#6098=CARTESIAN_POINT('',(0.E0,4.389119532090E1,3.492465000001E0));
#6099=VERTEX_POINT('',#6098);
#6100=CARTESIAN_POINT('',(0.E0,4.728979200001E1,4.215591000004E0));
#6101=VERTEX_POINT('',#6100);
#6102=CARTESIAN_POINT('',(0.E0,4.749152150630E1,4.235830511194E0));
#6103=VERTEX_POINT('',#6102);
#6104=CARTESIAN_POINT('',(0.E0,4.8506944E1,3.227881999991E0));
#6105=VERTEX_POINT('',#6104);
#6106=CARTESIAN_POINT('',(0.E0,4.767788199935E1,2.240172999890E0));
#6107=VERTEX_POINT('',#6106);
#6108=CARTESIAN_POINT('',(0.E0,4.5490763E1,1.869653000001E0));
#6109=VERTEX_POINT('',#6108);
#6110=CARTESIAN_POINT('',(0.E0,4.5490763E1,6.377121053447E-13));
#6111=VERTEX_POINT('',#6110);
#6112=CARTESIAN_POINT('',(0.E0,4.927E1,2.010000000001E0));
#6113=CARTESIAN_POINT('',(0.E0,5.081E1,2.010000000001E0));
#6114=VERTEX_POINT('',#6112);
#6115=VERTEX_POINT('',#6113);
#6116=CARTESIAN_POINT('',(0.E0,8.73E0,2.01E0));
#6117=CARTESIAN_POINT('',(0.E0,1.027E1,2.01E0));
#6118=VERTEX_POINT('',#6116);
#6119=VERTEX_POINT('',#6117);
#6120=CARTESIAN_POINT('',(2.E0,4.927E1,2.010000000001E0));
#6121=VERTEX_POINT('',#6120);
#6122=CARTESIAN_POINT('',(2.E0,5.081E1,2.010000000001E0));
#6123=VERTEX_POINT('',#6122);
#6124=CARTESIAN_POINT('',(2.E0,1.027E1,2.01E0));
#6125=CARTESIAN_POINT('',(2.E0,8.73E0,2.01E0));
#6126=VERTEX_POINT('',#6124);
#6127=VERTEX_POINT('',#6125);
#6128=CARTESIAN_POINT('',(1.39E0,5.241E1,5.653E1));
#6129=VERTEX_POINT('',#6128);
#6130=CARTESIAN_POINT('',(4.5E1,5.241E1,5.653E1));
#6131=CARTESIAN_POINT('',(4.382E1,5.241E1,5.653E1));
#6132=VERTEX_POINT('',#6130);
#6133=VERTEX_POINT('',#6131);
#6134=CARTESIAN_POINT('',(1.003E1,5.4998021E1,5.653E1));
#6135=CARTESIAN_POINT('',(9.22E0,5.4998021E1,5.653E1));
#6136=VERTEX_POINT('',#6134);
#6137=VERTEX_POINT('',#6135);
#6138=CARTESIAN_POINT('',(1.003E1,5.241E1,5.653E1));
#6139=VERTEX_POINT('',#6138);
#6140=CARTESIAN_POINT('',(9.22E0,5.241E1,5.653E1));
#6141=VERTEX_POINT('',#6140);
#6142=CARTESIAN_POINT('',(1.869E1,5.4998021E1,5.653E1));
#6143=CARTESIAN_POINT('',(1.786E1,5.4998021E1,5.653E1));
#6144=VERTEX_POINT('',#6142);
#6145=VERTEX_POINT('',#6143);
#6146=CARTESIAN_POINT('',(1.869E1,5.241E1,5.653E1));
#6147=VERTEX_POINT('',#6146);
#6148=CARTESIAN_POINT('',(1.786E1,5.241E1,5.653E1));
#6149=VERTEX_POINT('',#6148);
#6150=CARTESIAN_POINT('',(2.733E1,5.4998021E1,5.653E1));
#6151=CARTESIAN_POINT('',(2.652E1,5.4998021E1,5.653E1));
#6152=VERTEX_POINT('',#6150);
#6153=VERTEX_POINT('',#6151);
#6154=CARTESIAN_POINT('',(2.733E1,5.241E1,5.653E1));
#6155=VERTEX_POINT('',#6154);
#6156=CARTESIAN_POINT('',(2.652E1,5.241E1,5.653E1));
#6157=VERTEX_POINT('',#6156);
#6158=CARTESIAN_POINT('',(3.599E1,5.4998021E1,5.653E1));
#6159=CARTESIAN_POINT('',(3.516E1,5.4998021E1,5.653E1));
#6160=VERTEX_POINT('',#6158);
#6161=VERTEX_POINT('',#6159);
#6162=CARTESIAN_POINT('',(3.599E1,5.241E1,5.653E1));
#6163=VERTEX_POINT('',#6162);
#6164=CARTESIAN_POINT('',(3.516E1,5.241E1,5.653E1));
#6165=VERTEX_POINT('',#6164);
#6166=CARTESIAN_POINT('',(9.22E0,5.4998021E1,3.374472739457E1));
#6167=VERTEX_POINT('',#6166);
#6168=CARTESIAN_POINT('',(1.003E1,5.4998021E1,3.374472739457E1));
#6169=VERTEX_POINT('',#6168);
#6170=CARTESIAN_POINT('',(1.786E1,5.4998021E1,3.374472739457E1));
#6171=VERTEX_POINT('',#6170);
#6172=CARTESIAN_POINT('',(1.869E1,5.4998021E1,3.374472739457E1));
#6173=VERTEX_POINT('',#6172);
#6174=CARTESIAN_POINT('',(2.652E1,5.4998021E1,3.374472739457E1));
#6175=VERTEX_POINT('',#6174);
#6176=CARTESIAN_POINT('',(2.733E1,5.4998021E1,3.374472739457E1));
#6177=VERTEX_POINT('',#6176);
#6178=CARTESIAN_POINT('',(3.516E1,5.4998021E1,3.374472739457E1));
#6179=VERTEX_POINT('',#6178);
#6180=CARTESIAN_POINT('',(3.599E1,5.4998021E1,3.374472739457E1));
#6181=VERTEX_POINT('',#6180);
#6182=CARTESIAN_POINT('',(3.516E1,5.241E1,3.361063841083E1));
#6183=VERTEX_POINT('',#6182);
#6184=CARTESIAN_POINT('',(2.733E1,5.241E1,3.361063841083E1));
#6185=VERTEX_POINT('',#6184);
#6186=CARTESIAN_POINT('',(2.652E1,5.241E1,3.361063841083E1));
#6187=VERTEX_POINT('',#6186);
#6188=CARTESIAN_POINT('',(1.869E1,5.241E1,3.361063841083E1));
#6189=VERTEX_POINT('',#6188);
#6190=CARTESIAN_POINT('',(1.786E1,5.241E1,3.361063841083E1));
#6191=VERTEX_POINT('',#6190);
#6192=CARTESIAN_POINT('',(1.003E1,5.241E1,3.361063841083E1));
#6193=VERTEX_POINT('',#6192);
#6194=CARTESIAN_POINT('',(9.22E0,5.241E1,3.361063841083E1));
#6195=VERTEX_POINT('',#6194);
#6196=CARTESIAN_POINT('',(3.599E1,5.241E1,3.361063841083E1));
#6197=VERTEX_POINT('',#6196);
#6198=CARTESIAN_POINT('',(4.5E1,5.241E1,5.6691285E1));
#6199=VERTEX_POINT('',#6198);
#6200=CARTESIAN_POINT('',(4.365E1,5.241E1,4.8711947E1));
#6201=CARTESIAN_POINT('',(3.615E1,5.241E1,4.8711947E1));
#6202=VERTEX_POINT('',#6200);
#6203=VERTEX_POINT('',#6201);
#6204=CARTESIAN_POINT('',(4.365E1,5.241E1,4.3E1));
#6205=VERTEX_POINT('',#6204);
#6206=CARTESIAN_POINT('',(3.615E1,5.241E1,4.3E1));
#6207=VERTEX_POINT('',#6206);
#6208=CARTESIAN_POINT('',(2.6326E1,5.241E1,4.8711947E1));
#6209=CARTESIAN_POINT('',(1.8826E1,5.241E1,4.8711947E1));
#6210=VERTEX_POINT('',#6208);
#6211=VERTEX_POINT('',#6209);
#6212=CARTESIAN_POINT('',(2.6326E1,5.241E1,4.320625E1));
#6213=VERTEX_POINT('',#6212);
#6214=CARTESIAN_POINT('',(1.8826E1,5.241E1,4.320625E1));
#6215=VERTEX_POINT('',#6214);
#6216=CARTESIAN_POINT('',(1.7683E1,5.241E1,4.8711947E1));
#6217=CARTESIAN_POINT('',(1.0183E1,5.241E1,4.8711947E1));
#6218=VERTEX_POINT('',#6216);
#6219=VERTEX_POINT('',#6217);
#6220=CARTESIAN_POINT('',(1.7683E1,5.241E1,4.320625E1));
#6221=VERTEX_POINT('',#6220);
#6222=CARTESIAN_POINT('',(1.0183E1,5.241E1,4.320625E1));
#6223=VERTEX_POINT('',#6222);
#6224=CARTESIAN_POINT('',(1.54E0,5.241E1,4.8711947E1));
#6225=CARTESIAN_POINT('',(1.54E0,5.241E1,4.320625E1));
#6226=VERTEX_POINT('',#6224);
#6227=VERTEX_POINT('',#6225);
#6228=CARTESIAN_POINT('',(9.04E0,5.241E1,4.8711947E1));
#6229=VERTEX_POINT('',#6228);
#6230=CARTESIAN_POINT('',(9.04E0,5.241E1,4.320625E1));
#6231=VERTEX_POINT('',#6230);
#6232=CARTESIAN_POINT('',(2.7469E1,5.241E1,4.8711947E1));
#6233=CARTESIAN_POINT('',(2.7469E1,5.241E1,4.320625E1));
#6234=VERTEX_POINT('',#6232);
#6235=VERTEX_POINT('',#6233);
#6236=CARTESIAN_POINT('',(3.4969E1,5.241E1,4.8711947E1));
#6237=VERTEX_POINT('',#6236);
#6238=CARTESIAN_POINT('',(3.4969E1,5.241E1,4.320625E1));
#6239=VERTEX_POINT('',#6238);
#6240=CARTESIAN_POINT('',(3.615E1,4.861E1,4.8711947E1));
#6241=VERTEX_POINT('',#6240);
#6242=CARTESIAN_POINT('',(4.365E1,4.861E1,4.8711947E1));
#6243=VERTEX_POINT('',#6242);
#6244=CARTESIAN_POINT('',(3.615E1,4.861E1,4.3E1));
#6245=VERTEX_POINT('',#6244);
#6246=CARTESIAN_POINT('',(4.365E1,4.861E1,4.3E1));
#6247=VERTEX_POINT('',#6246);
#6248=CARTESIAN_POINT('',(1.54E0,4.861E1,4.8711947E1));
#6249=CARTESIAN_POINT('',(1.54E0,4.861E1,4.320625E1));
#6250=VERTEX_POINT('',#6248);
#6251=VERTEX_POINT('',#6249);
#6252=CARTESIAN_POINT('',(9.04E0,4.861E1,4.320625E1));
#6253=VERTEX_POINT('',#6252);
#6254=CARTESIAN_POINT('',(9.04E0,4.861E1,4.8711947E1));
#6255=VERTEX_POINT('',#6254);
#6256=CARTESIAN_POINT('',(1.5916475E0,4.861E1,4.482889E1));
#6257=CARTESIAN_POINT('',(8.9951215E0,4.861E1,4.482889E1));
#6258=VERTEX_POINT('',#6256);
#6259=VERTEX_POINT('',#6257);
#6260=CARTESIAN_POINT('',(1.5916475E0,4.861E1,4.7757221E1));
#6261=VERTEX_POINT('',#6260);
#6262=CARTESIAN_POINT('',(8.9951215E0,4.861E1,4.7757221E1));
#6263=VERTEX_POINT('',#6262);
#6264=CARTESIAN_POINT('',(1.7683E1,4.861E1,4.8711947E1));
#6265=CARTESIAN_POINT('',(1.0183E1,4.861E1,4.8711947E1));
#6266=VERTEX_POINT('',#6264);
#6267=VERTEX_POINT('',#6265);
#6268=CARTESIAN_POINT('',(1.0183E1,4.861E1,4.320625E1));
#6269=VERTEX_POINT('',#6268);
#6270=CARTESIAN_POINT('',(1.7683E1,4.861E1,4.320625E1));
#6271=VERTEX_POINT('',#6270);
#6272=CARTESIAN_POINT('',(1.02346475E1,4.861E1,4.7757221E1));
#6273=CARTESIAN_POINT('',(1.02346475E1,4.861E1,4.482889E1));
#6274=VERTEX_POINT('',#6272);
#6275=VERTEX_POINT('',#6273);
#6276=CARTESIAN_POINT('',(1.76381215E1,4.861E1,4.7757221E1));
#6277=VERTEX_POINT('',#6276);
#6278=CARTESIAN_POINT('',(1.76381215E1,4.861E1,4.482889E1));
#6279=VERTEX_POINT('',#6278);
#6280=CARTESIAN_POINT('',(2.6326E1,4.861E1,4.8711947E1));
#6281=CARTESIAN_POINT('',(1.8826E1,4.861E1,4.8711947E1));
#6282=VERTEX_POINT('',#6280);
#6283=VERTEX_POINT('',#6281);
#6284=CARTESIAN_POINT('',(1.8826E1,4.861E1,4.320625E1));
#6285=VERTEX_POINT('',#6284);
#6286=CARTESIAN_POINT('',(2.6326E1,4.861E1,4.320625E1));
#6287=VERTEX_POINT('',#6286);
#6288=CARTESIAN_POINT('',(1.88776475E1,4.861E1,4.482889E1));
#6289=CARTESIAN_POINT('',(2.62811215E1,4.861E1,4.482889E1));
#6290=VERTEX_POINT('',#6288);
#6291=VERTEX_POINT('',#6289);
#6292=CARTESIAN_POINT('',(1.88776475E1,4.861E1,4.7757221E1));
#6293=VERTEX_POINT('',#6292);
#6294=CARTESIAN_POINT('',(2.62811215E1,4.861E1,4.7757221E1));
#6295=VERTEX_POINT('',#6294);
#6296=CARTESIAN_POINT('',(2.7469E1,4.861E1,4.8711947E1));
#6297=CARTESIAN_POINT('',(2.7469E1,4.861E1,4.320625E1));
#6298=VERTEX_POINT('',#6296);
#6299=VERTEX_POINT('',#6297);
#6300=CARTESIAN_POINT('',(3.4969E1,4.861E1,4.320625E1));
#6301=VERTEX_POINT('',#6300);
#6302=CARTESIAN_POINT('',(3.4969E1,4.861E1,4.8711947E1));
#6303=VERTEX_POINT('',#6302);
#6304=CARTESIAN_POINT('',(2.75206475E1,4.861E1,4.482889E1));
#6305=CARTESIAN_POINT('',(3.49241215E1,4.861E1,4.482889E1));
#6306=VERTEX_POINT('',#6304);
#6307=VERTEX_POINT('',#6305);
#6308=CARTESIAN_POINT('',(2.75206475E1,4.861E1,4.7757221E1));
#6309=VERTEX_POINT('',#6308);
#6310=CARTESIAN_POINT('',(3.49241215E1,4.861E1,4.7757221E1));
#6311=VERTEX_POINT('',#6310);
#6312=CARTESIAN_POINT('',(3.61636475E1,4.861E1,4.482889E1));
#6313=CARTESIAN_POINT('',(4.35671215E1,4.861E1,4.482889E1));
#6314=VERTEX_POINT('',#6312);
#6315=VERTEX_POINT('',#6313);
#6316=CARTESIAN_POINT('',(3.61636475E1,4.861E1,4.7757221E1));
#6317=VERTEX_POINT('',#6316);
#6318=CARTESIAN_POINT('',(4.35671215E1,4.861E1,4.7757221E1));
#6319=VERTEX_POINT('',#6318);
#6320=CARTESIAN_POINT('',(1.02346475E1,4.551E1,4.482889E1));
#6321=VERTEX_POINT('',#6320);
#6322=CARTESIAN_POINT('',(1.02346475E1,4.551E1,4.7757221E1));
#6323=VERTEX_POINT('',#6322);
#6324=CARTESIAN_POINT('',(1.76381215E1,4.551E1,4.482889E1));
#6325=VERTEX_POINT('',#6324);
#6326=CARTESIAN_POINT('',(1.76381215E1,4.551E1,4.7757221E1));
#6327=VERTEX_POINT('',#6326);
#6328=CARTESIAN_POINT('',(1.88776475E1,4.551E1,4.482889E1));
#6329=CARTESIAN_POINT('',(2.62811215E1,4.551E1,4.482889E1));
#6330=VERTEX_POINT('',#6328);
#6331=VERTEX_POINT('',#6329);
#6332=CARTESIAN_POINT('',(2.62811215E1,4.551E1,4.7757221E1));
#6333=VERTEX_POINT('',#6332);
#6334=CARTESIAN_POINT('',(1.88776475E1,4.551E1,4.7757221E1));
#6335=VERTEX_POINT('',#6334);
#6336=CARTESIAN_POINT('',(2.75206475E1,4.551E1,4.482889E1));
#6337=CARTESIAN_POINT('',(3.49241215E1,4.551E1,4.482889E1));
#6338=VERTEX_POINT('',#6336);
#6339=VERTEX_POINT('',#6337);
#6340=CARTESIAN_POINT('',(3.49241215E1,4.551E1,4.7757221E1));
#6341=VERTEX_POINT('',#6340);
#6342=CARTESIAN_POINT('',(2.75206475E1,4.551E1,4.7757221E1));
#6343=VERTEX_POINT('',#6342);
#6344=CARTESIAN_POINT('',(3.61636475E1,4.551E1,4.482889E1));
#6345=CARTESIAN_POINT('',(4.35671215E1,4.551E1,4.482889E1));
#6346=VERTEX_POINT('',#6344);
#6347=VERTEX_POINT('',#6345);
#6348=CARTESIAN_POINT('',(4.35671215E1,4.551E1,4.7757221E1));
#6349=VERTEX_POINT('',#6348);
#6350=CARTESIAN_POINT('',(3.61636475E1,4.551E1,4.7757221E1));
#6351=VERTEX_POINT('',#6350);
#6352=CARTESIAN_POINT('',(1.5916475E0,4.551E1,4.482889E1));
#6353=CARTESIAN_POINT('',(8.9951215E0,4.551E1,4.482889E1));
#6354=VERTEX_POINT('',#6352);
#6355=VERTEX_POINT('',#6353);
#6356=CARTESIAN_POINT('',(8.9951215E0,4.551E1,4.7757221E1));
#6357=VERTEX_POINT('',#6356);
#6358=CARTESIAN_POINT('',(1.5916475E0,4.551E1,4.7757221E1));
#6359=VERTEX_POINT('',#6358);
#6360=CARTESIAN_POINT('',(4.5E1,4.5490763E1,6.376380904764E-13));
#6361=CARTESIAN_POINT('',(4.5E1,4.5490763E1,1.869653000001E0));
#6362=VERTEX_POINT('',#6360);
#6363=VERTEX_POINT('',#6361);
#6364=CARTESIAN_POINT('',(4.5E1,4.767788199935E1,2.240172999890E0));
#6365=VERTEX_POINT('',#6364);
#6366=CARTESIAN_POINT('',(4.5E1,4.8506944E1,3.227881999991E0));
#6367=VERTEX_POINT('',#6366);
#6368=CARTESIAN_POINT('',(4.5E1,4.749152150630E1,4.235830511194E0));
#6369=CARTESIAN_POINT('',(4.5E1,4.728979200002E1,4.215591000006E0));
#6370=VERTEX_POINT('',#6368);
#6371=VERTEX_POINT('',#6369);
#6372=CARTESIAN_POINT('',(4.5E1,4.389119532090E1,3.492465000001E0));
#6373=VERTEX_POINT('',#6372);
#6374=CARTESIAN_POINT('',(4.5E1,1.150059E1,3.492465000002E0));
#6375=VERTEX_POINT('',#6374);
#6376=CARTESIAN_POINT('',(4.5E1,1.150059E1,2.487014000002E0));
#6377=VERTEX_POINT('',#6376);
#6378=CARTESIAN_POINT('',(4.5E1,1.2506041E1,1.799201000001E0));
#6379=VERTEX_POINT('',#6378);
#6380=CARTESIAN_POINT('',(4.5E1,1.2506041E1,1.287604000001E0));
#6381=VERTEX_POINT('',#6380);
#6382=CARTESIAN_POINT('',(4.5E1,1.1200694E1,2.042144231496E-12));
#6383=VERTEX_POINT('',#6382);
#6384=CARTESIAN_POINT('',(4.5E1,5.590000000001E0,5.653E1));
#6385=CARTESIAN_POINT('',(4.5E1,5.590000000001E0,5.6691285E1));
#6386=VERTEX_POINT('',#6384);
#6387=VERTEX_POINT('',#6385);
#6388=CARTESIAN_POINT('',(4.5E1,1.027E1,2.01E0));
#6389=CARTESIAN_POINT('',(4.5E1,8.73E0,2.01E0));
#6390=VERTEX_POINT('',#6388);
#6391=VERTEX_POINT('',#6389);
#6392=CARTESIAN_POINT('',(4.5E1,5.081E1,2.010000000001E0));
#6393=CARTESIAN_POINT('',(4.5E1,4.927E1,2.010000000001E0));
#6394=VERTEX_POINT('',#6392);
#6395=VERTEX_POINT('',#6393);
#6396=CARTESIAN_POINT('',(4.3E1,1.027E1,2.01E0));
#6397=VERTEX_POINT('',#6396);
#6398=CARTESIAN_POINT('',(4.3E1,8.73E0,2.01E0));
#6399=VERTEX_POINT('',#6398);
#6400=CARTESIAN_POINT('',(4.3E1,4.927E1,2.010000000001E0));
#6401=CARTESIAN_POINT('',(4.3E1,5.081E1,2.010000000001E0));
#6402=VERTEX_POINT('',#6400);
#6403=VERTEX_POINT('',#6401);
#6404=CARTESIAN_POINT('',(7.881812710169E0,5.120566E1,2.228E1));
#6405=CARTESIAN_POINT('',(7.881812710169E0,5.120569091056E1,7.282110224793E0));
#6406=VERTEX_POINT('',#6404);
#6407=VERTEX_POINT('',#6405);
#6408=CARTESIAN_POINT('',(3.711818728990E1,5.120569091056E1,7.282110224793E0));
#6409=VERTEX_POINT('',#6408);
#6410=CARTESIAN_POINT('',(3.711818728990E1,5.120566E1,2.228E1));
#6411=VERTEX_POINT('',#6410);
#6412=CARTESIAN_POINT('',(4.4E1,5.000566E1,7.280402250001E0));
#6413=CARTESIAN_POINT('',(4.4E1,5.000566E1,2.228E1));
#6414=VERTEX_POINT('',#6412);
#6415=VERTEX_POINT('',#6413);
#6416=CARTESIAN_POINT('',(3.711818728990E1,5.000566E1,2.228E1));
#6417=VERTEX_POINT('',#6416);
#6418=CARTESIAN_POINT('',(3.711818728990E1,5.000566E1,7.280402250001E0));
#6419=VERTEX_POINT('',#6418);
#6420=VERTEX_POINT('',#189);
#6421=VERTEX_POINT('',#199);
#6422=CARTESIAN_POINT('',(3.742617758801E1,5.235486853842E1,7.225797949048E0));
#6423=VERTEX_POINT('',#6422);
#6424=VERTEX_POINT('',#211);
#6425=VERTEX_POINT('',#223);
#6426=VERTEX_POINT('',#231);
#6427=VERTEX_POINT('',#213);
#6428=VERTEX_POINT('',#243);
#6429=VERTEX_POINT('',#263);
#6430=VERTEX_POINT('',#271);
#6431=VERTEX_POINT('',#253);
#6432=VERTEX_POINT('',#283);
#6433=VERTEX_POINT('',#303);
#6434=VERTEX_POINT('',#311);
#6435=VERTEX_POINT('',#293);
#6436=VERTEX_POINT('',#323);
#6437=VERTEX_POINT('',#341);
#6438=VERTEX_POINT('',#347);
#6439=VERTEX_POINT('',#333);
#6440=CARTESIAN_POINT('',(3.969317515365E0,5.571E1,7.053462898922E0));
#6441=VERTEX_POINT('',#6440);
#6442=VERTEX_POINT('',#361);
#6443=VERTEX_POINT('',#367);
#6444=CARTESIAN_POINT('',(3.742617758801E1,5.505484582545E1,3.600000000001E0));
#6445=CARTESIAN_POINT('',(4.081617758801E1,5.505484582545E1,3.600000000001E0));
#6446=VERTEX_POINT('',#6444);
#6447=VERTEX_POINT('',#6445);
#6448=CARTESIAN_POINT('',(3.681266301447E1,5.099406718451E1,3.600000000001E0));
#6449=CARTESIAN_POINT('',(4.381266301447E1,5.099406718451E1,3.600000000001E0));
#6450=VERTEX_POINT('',#6448);
#6451=VERTEX_POINT('',#6449);
#6452=CARTESIAN_POINT('',(4.381266301447E1,5.699406718451E1,3.600000000001E0));
#6453=VERTEX_POINT('',#6452);
#6454=CARTESIAN_POINT('',(3.681266301447E1,5.699406718451E1,3.600000000001E0));
#6455=VERTEX_POINT('',#6454);
#6456=CARTESIAN_POINT('',(4.081617758801E1,5.235484582545E1,3.600000000001E0));
#6457=VERTEX_POINT('',#6456);
#6458=CARTESIAN_POINT('',(3.742617758801E1,5.235484582545E1,3.600000000001E0));
#6459=VERTEX_POINT('',#6458);
#6460=CARTESIAN_POINT('',(1.2E0,5.099406718451E1,3.600000000001E0));
#6461=CARTESIAN_POINT('',(8.2E0,5.099406718451E1,3.600000000001E0));
#6462=VERTEX_POINT('',#6460);
#6463=VERTEX_POINT('',#6461);
#6464=CARTESIAN_POINT('',(8.2E0,5.699406718451E1,3.600000000001E0));
#6465=VERTEX_POINT('',#6464);
#6466=CARTESIAN_POINT('',(1.2E0,5.699406718451E1,3.600000000001E0));
#6467=VERTEX_POINT('',#6466);
#6468=CARTESIAN_POINT('',(6.259336477992E0,5.571E1,3.600000000001E0));
#6469=CARTESIAN_POINT('',(7.155148992836E0,5.4E1,3.600000000001E0));
#6470=VERTEX_POINT('',#6468);
#6471=VERTEX_POINT('',#6469);
#6472=CARTESIAN_POINT('',(6.259336477992E0,5.229E1,3.600000000001E0));
#6473=VERTEX_POINT('',#6472);
#6474=CARTESIAN_POINT('',(3.969336477992E0,5.229E1,3.600000000001E0));
#6475=VERTEX_POINT('',#6474);
#6476=CARTESIAN_POINT('',(3.05E0,5.4E1,3.600000000001E0));
#6477=VERTEX_POINT('',#6476);
#6478=CARTESIAN_POINT('',(3.969336477992E0,5.571E1,3.600000000001E0));
#6479=VERTEX_POINT('',#6478);
#6480=CARTESIAN_POINT('',(4.381266301447E1,7.508310810811E0,3.6E0));
#6481=CARTESIAN_POINT('',(3.681266301447E1,7.508310810811E0,3.6E0));
#6482=VERTEX_POINT('',#6480);
#6483=VERTEX_POINT('',#6481);
#6484=CARTESIAN_POINT('',(3.681266301447E1,1.008310810811E0,3.6E0));
#6485=VERTEX_POINT('',#6484);
#6486=CARTESIAN_POINT('',(4.381266301447E1,1.008310810811E0,3.6E0));
#6487=VERTEX_POINT('',#6486);
#6488=CARTESIAN_POINT('',(4.081617758801E1,2.335154174551E0,3.6E0));
#6489=CARTESIAN_POINT('',(3.742617758801E1,2.335154174551E0,3.6E0));
#6490=VERTEX_POINT('',#6488);
#6491=VERTEX_POINT('',#6489);
#6492=CARTESIAN_POINT('',(3.742617758801E1,5.035154174551E0,3.6E0));
#6493=VERTEX_POINT('',#6492);
#6494=CARTESIAN_POINT('',(4.081617758801E1,5.035154174551E0,3.6E0));
#6495=VERTEX_POINT('',#6494);
#6496=CARTESIAN_POINT('',(1.2E0,1.008310810811E0,3.6E0));
#6497=CARTESIAN_POINT('',(8.2E0,1.008310810811E0,3.6E0));
#6498=VERTEX_POINT('',#6496);
#6499=VERTEX_POINT('',#6497);
#6500=CARTESIAN_POINT('',(8.2E0,7.508310810811E0,3.6E0));
#6501=VERTEX_POINT('',#6500);
#6502=CARTESIAN_POINT('',(1.2E0,7.508310810811E0,3.6E0));
#6503=VERTEX_POINT('',#6502);
#6504=CARTESIAN_POINT('',(6.283871700458E0,5.71E0,3.6E0));
#6505=CARTESIAN_POINT('',(7.179684215302E0,4.E0,3.6E0));
#6506=VERTEX_POINT('',#6504);
#6507=VERTEX_POINT('',#6505);
#6508=CARTESIAN_POINT('',(6.283893925946E0,2.290015391526E0,3.6E0));
#6509=VERTEX_POINT('',#6508);
#6510=CARTESIAN_POINT('',(3.993905166536E0,2.290004465301E0,3.6E0));
#6511=VERTEX_POINT('',#6510);
#6512=CARTESIAN_POINT('',(3.074535222172E0,4.000025579897E0,3.6E0));
#6513=VERTEX_POINT('',#6512);
#6514=CARTESIAN_POINT('',(3.993833014430E0,5.71E0,3.6E0));
#6515=VERTEX_POINT('',#6514);
#6516=CARTESIAN_POINT('',(3.851536191530E1,4.843334314823E1,3.6E0));
#6517=CARTESIAN_POINT('',(6.498986523775E0,4.843334315939E1,3.6E0));
#6518=VERTEX_POINT('',#6516);
#6519=VERTEX_POINT('',#6517);
#6520=VERTEX_POINT('',#526);
#6521=CARTESIAN_POINT('',(3.55E1,4.999483798173E1,3.600000000001E0));
#6522=VERTEX_POINT('',#6521);
#6523=CARTESIAN_POINT('',(3.55E1,4.99E1,3.600000000001E0));
#6524=VERTEX_POINT('',#6523);
#6525=CARTESIAN_POINT('',(2.65E1,4.99E1,3.600000000001E0));
#6526=VERTEX_POINT('',#6525);
#6527=CARTESIAN_POINT('',(2.65E1,4.999673401431E1,3.600000000001E0));
#6528=VERTEX_POINT('',#6527);
#6529=CARTESIAN_POINT('',(1.85E1,4.999766715311E1,3.600000000001E0));
#6530=VERTEX_POINT('',#6529);
#6531=CARTESIAN_POINT('',(1.85E1,4.99E1,3.600000000001E0));
#6532=VERTEX_POINT('',#6531);
#6533=CARTESIAN_POINT('',(9.5E0,4.99E1,3.600000000001E0));
#6534=VERTEX_POINT('',#6533);
#6535=CARTESIAN_POINT('',(9.5E0,4.999956259128E1,3.600000000001E0));
#6536=VERTEX_POINT('',#6535);
#6537=CARTESIAN_POINT('',(6.499794469310E0,4.999991251833E1,3.600000000001E0));
#6538=VERTEX_POINT('',#6537);
#6539=CARTESIAN_POINT('',(1.968013961076E1,6.689965698227E0,3.6E0));
#6540=CARTESIAN_POINT('',(1.693013967495E1,6.689993139645E0,3.6E0));
#6541=VERTEX_POINT('',#6539);
#6542=VERTEX_POINT('',#6540);
#6543=CARTESIAN_POINT('',(1.968069805380E1,6.6E0,3.6E0));
#6544=VERTEX_POINT('',#6543);
#6545=CARTESIAN_POINT('',(2.549027713679E1,6.6E0,3.6E0));
#6546=VERTEX_POINT('',#6545);
#6547=CARTESIAN_POINT('',(2.549005542736E1,6.69E0,3.6E0));
#6548=VERTEX_POINT('',#6547);
#6549=CARTESIAN_POINT('',(2.824005542736E1,6.69E0,3.6E0));
#6550=VERTEX_POINT('',#6549);
#6551=CARTESIAN_POINT('',(2.824027713679E1,6.6E0,3.6E0));
#6552=VERTEX_POINT('',#6551);
#6553=CARTESIAN_POINT('',(3.55E1,6.6E0,3.6E0));
#6554=VERTEX_POINT('',#6553);
#6555=CARTESIAN_POINT('',(3.55E1,1.002308558559E0,3.6E0));
#6556=VERTEX_POINT('',#6555);
#6557=CARTESIAN_POINT('',(3.551266301447E1,1.003231981982E0,3.6E0));
#6558=VERTEX_POINT('',#6557);
#6559=CARTESIAN_POINT('',(3.551266301447E1,8.008310810811E0,3.6E0));
#6560=VERTEX_POINT('',#6559);
#6561=CARTESIAN_POINT('',(3.851266301447E1,8.008310810811E0,3.6E0));
#6562=VERTEX_POINT('',#6561);
#6563=CARTESIAN_POINT('',(4.078774609509E1,4.439659561613E1,3.600000000001E0));
#6564=VERTEX_POINT('',#6563);
#6565=CARTESIAN_POINT('',(4.223828352599E0,4.439659561613E1,3.600000000001E0));
#6566=VERTEX_POINT('',#6565);
#6567=CARTESIAN_POINT('',(6.500000119431E0,8.008308901858E0,3.6E0));
#6568=VERTEX_POINT('',#6567);
#6569=CARTESIAN_POINT('',(9.500212301718E0,8.008301266045E0,3.6E0));
#6570=VERTEX_POINT('',#6569);
#6571=VERTEX_POINT('',#2558);
#6572=CARTESIAN_POINT('',(1.693069837352E1,6.6E0,3.6E0));
#6573=VERTEX_POINT('',#6572);
#6574=CARTESIAN_POINT('',(3.681266301447E1,5.099406718451E1,
7.314149024377E-13));
#6575=CARTESIAN_POINT('',(4.381266301447E1,5.099406718451E1,
7.314222458996E-13));
#6576=VERTEX_POINT('',#6574);
#6577=VERTEX_POINT('',#6575);
#6578=CARTESIAN_POINT('',(3.851394983852E1,4.799433977462E1,
6.752489065624E-13));
#6579=CARTESIAN_POINT('',(3.851909713469E1,4.999448567705E1,
7.082484707981E-13));
#6580=VERTEX_POINT('',#6578);
#6581=VERTEX_POINT('',#6579);
#6582=CARTESIAN_POINT('',(4.101266752362E1,4.799404885637E1,
6.721995400152E-13));
#6583=VERTEX_POINT('',#6582);
#6584=CARTESIAN_POINT('',(4.085615607142E1,4.5490763E1,6.308172323966E-13));
#6585=VERTEX_POINT('',#6584);
#6586=CARTESIAN_POINT('',(4.155385643907E0,4.5490763E1,6.309022358765E-13));
#6587=VERTEX_POINT('',#6586);
#6588=CARTESIAN_POINT('',(3.998425928991E0,4.800001787795E1,
6.722749474753E-13));
#6589=VERTEX_POINT('',#6588);
#6590=CARTESIAN_POINT('',(6.498688094164E0,4.800000407134E1,
6.753197829987E-13));
#6591=VERTEX_POINT('',#6590);
#6592=CARTESIAN_POINT('',(6.499737618833E0,4.999991251833E1,
7.083420068513E-13));
#6593=VERTEX_POINT('',#6592);
#6594=CARTESIAN_POINT('',(9.5E0,4.999956259128E1,7.143495066131E-13));
#6595=VERTEX_POINT('',#6594);
#6596=CARTESIAN_POINT('',(9.5E0,5.7E1,8.298796736181E-13));
#6597=VERTEX_POINT('',#6596);
#6598=CARTESIAN_POINT('',(1.85E1,5.7E1,8.298736807221E-13));
#6599=VERTEX_POINT('',#6598);
#6600=CARTESIAN_POINT('',(1.85E1,4.999766715311E1,7.143085730283E-13));
#6601=VERTEX_POINT('',#6600);
#6602=CARTESIAN_POINT('',(2.65E1,4.999673401431E1,7.143067872411E-13));
#6603=VERTEX_POINT('',#6602);
#6604=CARTESIAN_POINT('',(2.65E1,5.7E1,8.298783474801E-13));
#6605=VERTEX_POINT('',#6604);
#6606=CARTESIAN_POINT('',(3.55E1,5.7E1,8.298723545841E-13));
#6607=VERTEX_POINT('',#6606);
#6608=CARTESIAN_POINT('',(3.55E1,4.999483798173E1,7.142620721002E-13));
#6609=VERTEX_POINT('',#6608);
#6610=CARTESIAN_POINT('',(2.25E1,5.25E1,7.603138600136E-13));
#6611=CARTESIAN_POINT('',(2.1E1,5.4E1,7.810585077847E-13));
#6612=VERTEX_POINT('',#6610);
#6613=VERTEX_POINT('',#6611);
#6614=CARTESIAN_POINT('',(2.25E1,5.55E1,8.018031555558E-13));
#6615=VERTEX_POINT('',#6614);
#6616=CARTESIAN_POINT('',(2.4E1,5.4E1,7.810585077847E-13));
#6617=VERTEX_POINT('',#6616);
#6618=CARTESIAN_POINT('',(3.681266301447E1,5.699406718451E1,
8.304442232119E-13));
#6619=VERTEX_POINT('',#6618);
#6620=CARTESIAN_POINT('',(4.381266301447E1,5.699406718451E1,
8.304515666738E-13));
#6621=VERTEX_POINT('',#6620);
#6622=CARTESIAN_POINT('',(1.2E0,5.099406718451E1,7.314149024377E-13));
#6623=CARTESIAN_POINT('',(8.2E0,5.099406718451E1,7.314222458996E-13));
#6624=VERTEX_POINT('',#6622);
#6625=VERTEX_POINT('',#6623);
#6626=CARTESIAN_POINT('',(1.2E0,5.699406718451E1,8.304442232119E-13));
#6627=VERTEX_POINT('',#6626);
#6628=CARTESIAN_POINT('',(8.2E0,5.699406718451E1,8.304515666738E-13));
#6629=VERTEX_POINT('',#6628);
#6630=VERTEX_POINT('',#672);
#6631=VERTEX_POINT('',#680);
#6632=CARTESIAN_POINT('',(6.498809347510E0,4.850694400038E1,3.227881948449E0));
#6633=VERTEX_POINT('',#6632);
#6634=CARTESIAN_POINT('',(6.498425715484E0,4.800000407135E1,2.368650540778E0));
#6635=VERTEX_POINT('',#6634);
#6636=CARTESIAN_POINT('',(9.5E0,4.99E1,6.000000000001E0));
#6637=VERTEX_POINT('',#6636);
#6638=CARTESIAN_POINT('',(9.5E0,5.7E1,6.000000000001E0));
#6639=VERTEX_POINT('',#6638);
#6640=CARTESIAN_POINT('',(1.85E1,4.99E1,6.000000000001E0));
#6641=VERTEX_POINT('',#6640);
#6642=CARTESIAN_POINT('',(1.85E1,5.7E1,6.000000000001E0));
#6643=VERTEX_POINT('',#6642);
#6644=CARTESIAN_POINT('',(2.65E1,4.99E1,6.000000000001E0));
#6645=CARTESIAN_POINT('',(3.55E1,4.99E1,6.000000000001E0));
#6646=VERTEX_POINT('',#6644);
#6647=VERTEX_POINT('',#6645);
#6648=CARTESIAN_POINT('',(3.55E1,5.7E1,6.000000000001E0));
#6649=VERTEX_POINT('',#6648);
#6650=CARTESIAN_POINT('',(2.65E1,5.7E1,6.000000000001E0));
#6651=VERTEX_POINT('',#6650);
#6652=CARTESIAN_POINT('',(3.116617758801E1,5.25E1,6.000000000001E0));
#6653=CARTESIAN_POINT('',(2.966617758801E1,5.4E1,6.000000000001E0));
#6654=VERTEX_POINT('',#6652);
#6655=VERTEX_POINT('',#6653);
#6656=CARTESIAN_POINT('',(3.116617758801E1,5.55E1,6.000000000001E0));
#6657=VERTEX_POINT('',#6656);
#6658=CARTESIAN_POINT('',(3.266617758801E1,5.4E1,6.000000000001E0));
#6659=VERTEX_POINT('',#6658);
#6660=CARTESIAN_POINT('',(1.385E1,5.25E1,6.000000000001E0));
#6661=CARTESIAN_POINT('',(1.235E1,5.4E1,6.000000000001E0));
#6662=VERTEX_POINT('',#6660);
#6663=VERTEX_POINT('',#6661);
#6664=CARTESIAN_POINT('',(1.385E1,5.55E1,6.000000000001E0));
#6665=VERTEX_POINT('',#6664);
#6666=CARTESIAN_POINT('',(1.535E1,5.4E1,6.000000000001E0));
#6667=VERTEX_POINT('',#6666);
#6668=CARTESIAN_POINT('',(1.968083766456E1,6.6E0,6.E0));
#6669=CARTESIAN_POINT('',(1.971258927294E1,3.190117425070E0,6.E0));
#6670=VERTEX_POINT('',#6668);
#6671=VERTEX_POINT('',#6669);
#6672=CARTESIAN_POINT('',(1.696258940101E1,3.190144866488E0,6.E0));
#6673=VERTEX_POINT('',#6672);
#6674=CARTESIAN_POINT('',(1.693083804816E1,6.6E0,6.E0));
#6675=VERTEX_POINT('',#6674);
#6676=CARTESIAN_POINT('',(9.500212301718E0,6.6E0,6.E0));
#6677=VERTEX_POINT('',#6676);
#6678=CARTESIAN_POINT('',(9.5E0,9.999999999999E-1,6.E0));
#6679=VERTEX_POINT('',#6678);
#6680=CARTESIAN_POINT('',(3.55E1,9.999999999999E-1,6.E0));
#6681=VERTEX_POINT('',#6680);
#6682=CARTESIAN_POINT('',(3.55E1,6.6E0,6.E0));
#6683=VERTEX_POINT('',#6682);
#6684=CARTESIAN_POINT('',(2.824033256415E1,6.6E0,6.E0));
#6685=VERTEX_POINT('',#6684);
#6686=CARTESIAN_POINT('',(2.825293296199E1,3.190023894583E0,6.E0));
#6687=VERTEX_POINT('',#6686);
#6688=CARTESIAN_POINT('',(2.550293296199E1,3.190023894583E0,6.E0));
#6689=VERTEX_POINT('',#6688);
#6690=CARTESIAN_POINT('',(2.549033256415E1,6.6E0,6.E0));
#6691=VERTEX_POINT('',#6690);
#6692=CARTESIAN_POINT('',(1.386135856548E1,2.500130095280E0,6.E0));
#6693=CARTESIAN_POINT('',(1.237491415287E1,4.000068842713E0,6.E0));
#6694=VERTEX_POINT('',#6692);
#6695=VERTEX_POINT('',#6693);
#6696=CARTESIAN_POINT('',(1.386094729424E1,5.500003816923E0,6.E0));
#6697=VERTEX_POINT('',#6696);
#6698=CARTESIAN_POINT('',(1.537491415287E1,4.000068842713E0,6.E0));
#6699=VERTEX_POINT('',#6698);
#6700=CARTESIAN_POINT('',(1.388846976905E1,2.500130095540E0,6.E0));
#6701=VERTEX_POINT('',#6700);
#6702=CARTESIAN_POINT('',(2.25E1,5.500068842713E0,6.E0));
#6703=CARTESIAN_POINT('',(2.4E1,4.000068842713E0,6.E0));
#6704=VERTEX_POINT('',#6702);
#6705=VERTEX_POINT('',#6703);
#6706=CARTESIAN_POINT('',(2.25E1,2.500068842713E0,6.E0));
#6707=VERTEX_POINT('',#6706);
#6708=CARTESIAN_POINT('',(2.1E1,4.000068842713E0,6.E0));
#6709=VERTEX_POINT('',#6708);
#6710=CARTESIAN_POINT('',(3.116448418335E1,2.500078836338E0,6.E0));
#6711=CARTESIAN_POINT('',(2.966995965359E1,4.000068842713E0,6.E0));
#6712=VERTEX_POINT('',#6710);
#6713=VERTEX_POINT('',#6711);
#6714=CARTESIAN_POINT('',(3.116441695560E1,5.500058602178E0,6.E0));
#6715=VERTEX_POINT('',#6714);
#6716=CARTESIAN_POINT('',(3.266995965359E1,4.000068842713E0,6.E0));
#6717=VERTEX_POINT('',#6716);
#6718=CARTESIAN_POINT('',(3.117543512876E1,2.500078836356E0,6.E0));
#6719=VERTEX_POINT('',#6718);
#6720=CARTESIAN_POINT('',(1.386087939681E1,2.500057427463E0,7.064411573466E0));
#6721=VERTEX_POINT('',#6720);
#6722=VERTEX_POINT('',#2161);
#6723=VERTEX_POINT('',#2151);
#6724=VERTEX_POINT('',#2181);
#6725=CARTESIAN_POINT('',(3.711654097840E1,6.790912088716E0,7.282108139667E0));
#6726=CARTESIAN_POINT('',(7.883459021531E0,6.790912088716E0,7.282108139667E0));
#6727=VERTEX_POINT('',#6725);
#6728=VERTEX_POINT('',#6726);
#6729=VERTEX_POINT('',#2119);
#6730=VERTEX_POINT('',#2125);
#6731=VERTEX_POINT('',#2111);
#6732=CARTESIAN_POINT('',(3.993826528112E0,5.710004816100E0,7.229302443168E0));
#6733=VERTEX_POINT('',#6732);
#6734=VERTEX_POINT('',#2139);
#6735=VERTEX_POINT('',#2145);
#6736=CARTESIAN_POINT('',(1.967999993612E1,6.689965698227E0,7.279639053350E0));
#6737=CARTESIAN_POINT('',(1.693000006419E1,6.689993139645E0,7.279639758130E0));
#6738=VERTEX_POINT('',#6736);
#6739=VERTEX_POINT('',#6737);
#6740=CARTESIAN_POINT('',(1.696258940101E1,3.190144866488E0,7.099866227944E0));
#6741=VERTEX_POINT('',#6740);
#6742=CARTESIAN_POINT('',(1.971258927294E1,3.190117425070E0,7.099865523165E0));
#6743=VERTEX_POINT('',#6742);
#6744=VERTEX_POINT('',#2217);
#6745=VERTEX_POINT('',#2225);
#6746=VERTEX_POINT('',#2207);
#6747=VERTEX_POINT('',#2237);
#6748=CARTESIAN_POINT('',(2.550293296199E1,3.190023894583E0,7.099860366480E0));
#6749=CARTESIAN_POINT('',(2.549E1,6.69E0,7.279640462909E0));
#6750=VERTEX_POINT('',#6748);
#6751=VERTEX_POINT('',#6749);
#6752=CARTESIAN_POINT('',(2.825293296199E1,3.190023894583E0,7.099860366480E0));
#6753=VERTEX_POINT('',#6752);
#6754=CARTESIAN_POINT('',(2.824E1,6.69E0,7.279640462909E0));
#6755=VERTEX_POINT('',#6754);
#6756=VERTEX_POINT('',#2265);
#6757=VERTEX_POINT('',#2273);
#6758=VERTEX_POINT('',#2255);
#6759=VERTEX_POINT('',#2285);
#6760=VERTEX_POINT('',#2295);
#6761=VERTEX_POINT('',#2305);
#6762=CARTESIAN_POINT('',(4.081617758801E1,5.035135717450E0,7.194636203474E0));
#6763=VERTEX_POINT('',#6762);
#6764=VERTEX_POINT('',#2317);
#6765=CARTESIAN_POINT('',(9.501061507201E0,6.600000768107E0,
1.284305994886E-12));
#6766=VERTEX_POINT('',#6765);
#6767=CARTESIAN_POINT('',(9.500212301718E0,1.000923423423E0,
4.048434566039E-13));
#6768=VERTEX_POINT('',#6767);
#6769=CARTESIAN_POINT('',(9.500212301718E0,8.008301266045E0,
1.682248347543E-12));
#6770=VERTEX_POINT('',#6769);
#6771=CARTESIAN_POINT('',(3.551266301447E1,8.008310810811E0,
1.493828323860E-12));
#6772=CARTESIAN_POINT('',(3.851266301447E1,8.008310810811E0,
1.837273701690E-12));
#6773=VERTEX_POINT('',#6771);
#6774=VERTEX_POINT('',#6772);
#6775=CARTESIAN_POINT('',(3.551266301447E1,1.002770270270E0,
4.525839432315E-13));
#6776=VERTEX_POINT('',#6775);
#6777=CARTESIAN_POINT('',(6.500000119432E0,8.008308901858E0,
1.837291421545E-12));
#6778=VERTEX_POINT('',#6777);
#6779=CARTESIAN_POINT('',(6.300309024154E0,1.1200694E1,2.311765205887E-12));
#6780=VERTEX_POINT('',#6779);
#6781=CARTESIAN_POINT('',(3.871225848921E1,1.1200694E1,2.311756529416E-12));
#6782=VERTEX_POINT('',#6781);
#6783=CARTESIAN_POINT('',(4.381266301447E1,7.508310810811E0,
1.402748903696E-12));
#6784=CARTESIAN_POINT('',(3.681266301447E1,7.508310810811E0,
1.402720388593E-12));
#6785=VERTEX_POINT('',#6783);
#6786=VERTEX_POINT('',#6784);
#6787=CARTESIAN_POINT('',(4.381266301447E1,1.008310810811E0,
4.367983614937E-13));
#6788=VERTEX_POINT('',#6787);
#6789=CARTESIAN_POINT('',(3.681266301447E1,1.008310810811E0,
4.367698463911E-13));
#6790=VERTEX_POINT('',#6789);
#6791=CARTESIAN_POINT('',(1.2E0,1.008310810811E0,4.367698463911E-13));
#6792=CARTESIAN_POINT('',(8.2E0,1.008310810811E0,4.367983614937E-13));
#6793=VERTEX_POINT('',#6791);
#6794=VERTEX_POINT('',#6792);
#6795=CARTESIAN_POINT('',(1.2E0,7.508310810811E0,1.402720388593E-12));
#6796=VERTEX_POINT('',#6795);
#6797=CARTESIAN_POINT('',(8.2E0,7.508310810811E0,1.402748903696E-12));
#6798=VERTEX_POINT('',#6797);
#6799=CARTESIAN_POINT('',(3.879387192304E1,1.2506041E1,1.287604000001E0));
#6800=VERTEX_POINT('',#6799);
#6801=CARTESIAN_POINT('',(3.879387192304E1,1.2506041E1,1.799201000001E0));
#6802=VERTEX_POINT('',#6801);
#6803=CARTESIAN_POINT('',(3.873100870839E1,1.150059E1,2.487014000002E0));
#6804=VERTEX_POINT('',#6803);
#6805=CARTESIAN_POINT('',(3.873100870839E1,1.150059E1,3.492465000002E0));
#6806=VERTEX_POINT('',#6805);
#6807=CARTESIAN_POINT('',(4.075614725313E1,4.389119532090E1,3.492465000001E0));
#6808=VERTEX_POINT('',#6807);
#6809=VERTEX_POINT('',#5860);
#6810=VERTEX_POINT('',#5865);
#6811=CARTESIAN_POINT('',(4.085615607142E1,4.5490763E1,1.869653000001E0));
#6812=VERTEX_POINT('',#6811);
#6813=CARTESIAN_POINT('',(6.218656540467E0,1.2506041E1,1.287604000001E0));
#6814=VERTEX_POINT('',#6813);
#6815=CARTESIAN_POINT('',(4.255442313761E0,4.389119532090E1,3.492465000001E0));
#6816=VERTEX_POINT('',#6815);
#6817=CARTESIAN_POINT('',(6.281549833496E0,1.150059E1,3.492465000002E0));
#6818=VERTEX_POINT('',#6817);
#6819=CARTESIAN_POINT('',(6.281549833496E0,1.150059E1,2.487014000002E0));
#6820=VERTEX_POINT('',#6819);
#6821=CARTESIAN_POINT('',(6.218656540467E0,1.2506041E1,1.799201000001E0));
#6822=VERTEX_POINT('',#6821);
#6823=VERTEX_POINT('',#5939);
#6824=VERTEX_POINT('',#5942);
#6825=CARTESIAN_POINT('',(4.155385643907E0,4.5490763E1,1.869653000001E0));
#6826=VERTEX_POINT('',#6825);
#6827=CARTESIAN_POINT('',(3.711654097840E1,6.790964272136E0,2.228E1));
#6828=VERTEX_POINT('',#6827);
#6829=CARTESIAN_POINT('',(7.883459021531E0,6.790964272136E0,2.228E1));
#6830=VERTEX_POINT('',#6829);
#6831=CARTESIAN_POINT('',(4.4E1,7.990972E0,2.228E1));
#6832=CARTESIAN_POINT('',(4.4E1,7.990972E0,7.280401588416E0));
#6833=VERTEX_POINT('',#6831);
#6834=VERTEX_POINT('',#6832);
#6835=CARTESIAN_POINT('',(3.711654097840E1,7.990972E0,7.280401588416E0));
#6836=VERTEX_POINT('',#6835);
#6837=CARTESIAN_POINT('',(3.711654097840E1,7.990972E0,2.228E1));
#6838=VERTEX_POINT('',#6837);
#6839=CARTESIAN_POINT('',(7.883459021531E0,7.990972E0,2.228E1));
#6840=CARTESIAN_POINT('',(7.883459021531E0,7.990972E0,7.280401588416E0));
#6841=VERTEX_POINT('',#6839);
#6842=VERTEX_POINT('',#6840);
#6843=CARTESIAN_POINT('',(1.E0,7.990972E0,7.280401588416E0));
#6844=VERTEX_POINT('',#6843);
#6845=CARTESIAN_POINT('',(1.E0,7.990972E0,2.228E1));
#6846=VERTEX_POINT('',#6845);
#6847=CARTESIAN_POINT('',(9.03E0,3.001979E0,3.374456546564E1));
#6848=CARTESIAN_POINT('',(9.03E0,5.590000000001E0,3.361046966770E1));
#6849=VERTEX_POINT('',#6847);
#6850=VERTEX_POINT('',#6848);
#6851=CARTESIAN_POINT('',(9.83E0,3.001979E0,3.374456546564E1));
#6852=VERTEX_POINT('',#6851);
#6853=CARTESIAN_POINT('',(9.83E0,5.590000000001E0,3.361046966770E1));
#6854=VERTEX_POINT('',#6853);
#6855=CARTESIAN_POINT('',(1.768016666667E1,5.590000000001E0,3.361046966770E1));
#6856=VERTEX_POINT('',#6855);
#6857=CARTESIAN_POINT('',(1.768E1,3.001979E0,3.374456546564E1));
#6858=VERTEX_POINT('',#6857);
#6859=CARTESIAN_POINT('',(1.848E1,3.001979E0,3.374456546564E1));
#6860=VERTEX_POINT('',#6859);
#6861=CARTESIAN_POINT('',(1.848E1,5.590000000001E0,3.361046966770E1));
#6862=VERTEX_POINT('',#6861);
#6863=CARTESIAN_POINT('',(2.632977777778E1,5.590000000001E0,3.361046966770E1));
#6864=VERTEX_POINT('',#6863);
#6865=CARTESIAN_POINT('',(2.633E1,3.001979E0,3.374456546564E1));
#6866=VERTEX_POINT('',#6865);
#6867=CARTESIAN_POINT('',(2.714E1,3.001979E0,3.374456546564E1));
#6868=VERTEX_POINT('',#6867);
#6869=CARTESIAN_POINT('',(2.714E1,5.590000000001E0,3.361046966770E1));
#6870=VERTEX_POINT('',#6869);
#6871=CARTESIAN_POINT('',(3.496994444445E1,5.590000000001E0,3.361046966770E1));
#6872=VERTEX_POINT('',#6871);
#6873=CARTESIAN_POINT('',(3.497E1,3.001979E0,3.374456546564E1));
#6874=VERTEX_POINT('',#6873);
#6875=CARTESIAN_POINT('',(3.578E1,3.001979E0,3.374456546564E1));
#6876=VERTEX_POINT('',#6875);
#6877=CARTESIAN_POINT('',(3.578E1,5.590000000001E0,3.361046966770E1));
#6878=VERTEX_POINT('',#6877);
#6879=CARTESIAN_POINT('',(1.16E0,5.590000000001E0,5.653E1));
#6880=VERTEX_POINT('',#6879);
#6881=CARTESIAN_POINT('',(4.365E1,5.590000000001E0,5.653E1));
#6882=VERTEX_POINT('',#6881);
#6883=CARTESIAN_POINT('',(9.83E0,3.001979E0,5.653E1));
#6884=CARTESIAN_POINT('',(9.03E0,3.001979E0,5.653E1));
#6885=VERTEX_POINT('',#6883);
#6886=VERTEX_POINT('',#6884);
#6887=CARTESIAN_POINT('',(9.03E0,5.590000000001E0,5.653E1));
#6888=VERTEX_POINT('',#6887);
#6889=CARTESIAN_POINT('',(9.83E0,5.590000000001E0,5.653E1));
#6890=VERTEX_POINT('',#6889);
#6891=CARTESIAN_POINT('',(1.848E1,3.001979E0,5.653E1));
#6892=CARTESIAN_POINT('',(1.768E1,3.001979E0,5.653E1));
#6893=VERTEX_POINT('',#6891);
#6894=VERTEX_POINT('',#6892);
#6895=CARTESIAN_POINT('',(1.768016666667E1,5.590000000001E0,5.653E1));
#6896=VERTEX_POINT('',#6895);
#6897=CARTESIAN_POINT('',(1.848E1,5.590000000001E0,5.653E1));
#6898=VERTEX_POINT('',#6897);
#6899=CARTESIAN_POINT('',(2.714E1,3.001979E0,5.653E1));
#6900=CARTESIAN_POINT('',(2.633E1,3.001979E0,5.653E1));
#6901=VERTEX_POINT('',#6899);
#6902=VERTEX_POINT('',#6900);
#6903=CARTESIAN_POINT('',(2.632977777778E1,5.590000000001E0,5.653E1));
#6904=VERTEX_POINT('',#6903);
#6905=CARTESIAN_POINT('',(2.714E1,5.590000000001E0,5.653E1));
#6906=VERTEX_POINT('',#6905);
#6907=CARTESIAN_POINT('',(3.578E1,3.001979E0,5.653E1));
#6908=CARTESIAN_POINT('',(3.497E1,3.001979E0,5.653E1));
#6909=VERTEX_POINT('',#6907);
#6910=VERTEX_POINT('',#6908);
#6911=CARTESIAN_POINT('',(3.496994444444E1,5.590000000001E0,5.653E1));
#6912=VERTEX_POINT('',#6911);
#6913=CARTESIAN_POINT('',(3.578E1,5.590000000001E0,5.653E1));
#6914=VERTEX_POINT('',#6913);
#6915=CARTESIAN_POINT('',(4.365E1,5.590000000001E0,4.8711947E1));
#6916=VERTEX_POINT('',#6915);
#6917=CARTESIAN_POINT('',(3.615E1,5.590000000001E0,4.8711947E1));
#6918=VERTEX_POINT('',#6917);
#6919=CARTESIAN_POINT('',(3.615E1,5.590000000001E0,4.3E1));
#6920=VERTEX_POINT('',#6919);
#6921=CARTESIAN_POINT('',(4.365E1,5.590000000001E0,4.3E1));
#6922=VERTEX_POINT('',#6921);
#6923=CARTESIAN_POINT('',(3.496977777778E1,5.590000000001E0,4.8711947E1));
#6924=VERTEX_POINT('',#6923);
#6925=CARTESIAN_POINT('',(2.7469E1,5.590000000001E0,4.8711947E1));
#6926=VERTEX_POINT('',#6925);
#6927=CARTESIAN_POINT('',(2.7469E1,5.590000000001E0,4.320625E1));
#6928=VERTEX_POINT('',#6927);
#6929=CARTESIAN_POINT('',(3.496977777778E1,5.590000000001E0,4.320625E1));
#6930=VERTEX_POINT('',#6929);
#6931=CARTESIAN_POINT('',(2.632911111111E1,5.590000000001E0,4.8711947E1));
#6932=VERTEX_POINT('',#6931);
#6933=CARTESIAN_POINT('',(1.8826E1,5.590000000001E0,4.8711947E1));
#6934=VERTEX_POINT('',#6933);
#6935=CARTESIAN_POINT('',(1.8826E1,5.590000000001E0,4.320625E1));
#6936=VERTEX_POINT('',#6935);
#6937=CARTESIAN_POINT('',(2.632911111111E1,5.590000000001E0,4.320625E1));
#6938=VERTEX_POINT('',#6937);
#6939=CARTESIAN_POINT('',(1.768066666667E1,5.590000000001E0,4.8711947E1));
#6940=VERTEX_POINT('',#6939);
#6941=CARTESIAN_POINT('',(1.0183E1,5.590000000001E0,4.8711947E1));
#6942=VERTEX_POINT('',#6941);
#6943=CARTESIAN_POINT('',(1.0183E1,5.590000000001E0,4.320625E1));
#6944=VERTEX_POINT('',#6943);
#6945=CARTESIAN_POINT('',(1.768066666667E1,5.590000000001E0,4.320625E1));
#6946=VERTEX_POINT('',#6945);
#6947=CARTESIAN_POINT('',(9.03E0,5.590000000001E0,4.8711947E1));
#6948=VERTEX_POINT('',#6947);
#6949=CARTESIAN_POINT('',(1.54E0,5.590000000001E0,4.8711947E1));
#6950=VERTEX_POINT('',#6949);
#6951=CARTESIAN_POINT('',(1.54E0,5.590000000001E0,4.320625E1));
#6952=VERTEX_POINT('',#6951);
#6953=CARTESIAN_POINT('',(9.03E0,5.590000000001E0,4.320625E1));
#6954=VERTEX_POINT('',#6953);
#6955=CARTESIAN_POINT('',(5.29E0,4.263E1,5.6691285E1));
#6956=CARTESIAN_POINT('',(8.29E0,4.563E1,5.6691285E1));
#6957=VERTEX_POINT('',#6955);
#6958=VERTEX_POINT('',#6956);
#6959=CARTESIAN_POINT('',(5.29E0,4.863E1,5.6691285E1));
#6960=VERTEX_POINT('',#6959);
#6961=CARTESIAN_POINT('',(2.29E0,4.563E1,5.6691285E1));
#6962=VERTEX_POINT('',#6961);
#6963=CARTESIAN_POINT('',(1.393E1,4.263E1,5.6691285E1));
#6964=CARTESIAN_POINT('',(1.693E1,4.563E1,5.6691285E1));
#6965=VERTEX_POINT('',#6963);
#6966=VERTEX_POINT('',#6964);
#6967=CARTESIAN_POINT('',(1.393E1,4.863E1,5.6691285E1));
#6968=VERTEX_POINT('',#6967);
#6969=CARTESIAN_POINT('',(1.093E1,4.563E1,5.6691285E1));
#6970=VERTEX_POINT('',#6969);
#6971=CARTESIAN_POINT('',(2.258E1,4.263E1,5.6691285E1));
#6972=CARTESIAN_POINT('',(2.558E1,4.563E1,5.6691285E1));
#6973=VERTEX_POINT('',#6971);
#6974=VERTEX_POINT('',#6972);
#6975=CARTESIAN_POINT('',(2.258E1,4.863E1,5.6691285E1));
#6976=VERTEX_POINT('',#6975);
#6977=CARTESIAN_POINT('',(1.958E1,4.563E1,5.6691285E1));
#6978=VERTEX_POINT('',#6977);
#6979=CARTESIAN_POINT('',(3.122E1,4.263E1,5.6691285E1));
#6980=CARTESIAN_POINT('',(3.422E1,4.563E1,5.6691285E1));
#6981=VERTEX_POINT('',#6979);
#6982=VERTEX_POINT('',#6980);
#6983=CARTESIAN_POINT('',(3.122E1,4.863E1,5.6691285E1));
#6984=VERTEX_POINT('',#6983);
#6985=CARTESIAN_POINT('',(2.822E1,4.563E1,5.6691285E1));
#6986=VERTEX_POINT('',#6985);
#6987=CARTESIAN_POINT('',(3.99E1,4.943E1,5.6691285E1));
#6988=CARTESIAN_POINT('',(3.69E1,4.643E1,5.6691285E1));
#6989=VERTEX_POINT('',#6987);
#6990=VERTEX_POINT('',#6988);
#6991=CARTESIAN_POINT('',(3.99E1,4.343E1,5.6691285E1));
#6992=VERTEX_POINT('',#6991);
#6993=CARTESIAN_POINT('',(4.29E1,4.643E1,5.6691285E1));
#6994=VERTEX_POINT('',#6993);
#6995=CARTESIAN_POINT('',(5.29E0,9.36E0,5.6691285E1));
#6996=CARTESIAN_POINT('',(8.29E0,1.236E1,5.6691285E1));
#6997=VERTEX_POINT('',#6995);
#6998=VERTEX_POINT('',#6996);
#6999=CARTESIAN_POINT('',(5.29E0,1.536E1,5.6691285E1));
#7000=VERTEX_POINT('',#6999);
#7001=CARTESIAN_POINT('',(2.29E0,1.236E1,5.6691285E1));
#7002=VERTEX_POINT('',#7001);
#7003=CARTESIAN_POINT('',(1.393E1,1.536E1,5.6691285E1));
#7004=CARTESIAN_POINT('',(1.093E1,1.236E1,5.6691285E1));
#7005=VERTEX_POINT('',#7003);
#7006=VERTEX_POINT('',#7004);
#7007=CARTESIAN_POINT('',(1.393E1,9.36E0,5.6691285E1));
#7008=VERTEX_POINT('',#7007);
#7009=CARTESIAN_POINT('',(1.693E1,1.236E1,5.6691285E1));
#7010=VERTEX_POINT('',#7009);
#7011=CARTESIAN_POINT('',(2.258E1,1.536E1,5.6691285E1));
#7012=CARTESIAN_POINT('',(1.958E1,1.236E1,5.6691285E1));
#7013=VERTEX_POINT('',#7011);
#7014=VERTEX_POINT('',#7012);
#7015=CARTESIAN_POINT('',(2.258E1,9.36E0,5.6691285E1));
#7016=VERTEX_POINT('',#7015);
#7017=CARTESIAN_POINT('',(2.558E1,1.236E1,5.6691285E1));
#7018=VERTEX_POINT('',#7017);
#7019=CARTESIAN_POINT('',(3.122E1,9.36E0,5.6691285E1));
#7020=CARTESIAN_POINT('',(3.422E1,1.236E1,5.6691285E1));
#7021=VERTEX_POINT('',#7019);
#7022=VERTEX_POINT('',#7020);
#7023=CARTESIAN_POINT('',(3.122E1,1.536E1,5.6691285E1));
#7024=VERTEX_POINT('',#7023);
#7025=CARTESIAN_POINT('',(2.822E1,1.236E1,5.6691285E1));
#7026=VERTEX_POINT('',#7025);
#7027=CARTESIAN_POINT('',(3.99E1,1.457E1,5.6691285E1));
#7028=CARTESIAN_POINT('',(3.69E1,1.157E1,5.6691285E1));
#7029=VERTEX_POINT('',#7027);
#7030=VERTEX_POINT('',#7028);
#7031=CARTESIAN_POINT('',(3.99E1,8.57E0,5.6691285E1));
#7032=VERTEX_POINT('',#7031);
#7033=CARTESIAN_POINT('',(4.29E1,1.157E1,5.6691285E1));
#7034=VERTEX_POINT('',#7033);
#7035=CARTESIAN_POINT('',(2.475E1,2.596124444444E1,5.6691285E1));
#7036=CARTESIAN_POINT('',(2.475E1,3.20408E1,5.6691285E1));
#7037=VERTEX_POINT('',#7035);
#7038=VERTEX_POINT('',#7036);
#7039=CARTESIAN_POINT('',(3.484E1,2.596124444444E1,5.6691285E1));
#7040=VERTEX_POINT('',#7039);
#7041=CARTESIAN_POINT('',(3.484E1,3.20408E1,5.6691285E1));
#7042=VERTEX_POINT('',#7041);
#7043=CARTESIAN_POINT('',(5.29E0,4.263E1,5.2691285E1));
#7044=VERTEX_POINT('',#7043);
#7045=CARTESIAN_POINT('',(8.29E0,4.563E1,5.2691285E1));
#7046=VERTEX_POINT('',#7045);
#7047=CARTESIAN_POINT('',(5.29E0,4.863E1,5.2691285E1));
#7048=VERTEX_POINT('',#7047);
#7049=CARTESIAN_POINT('',(2.29E0,4.563E1,5.2691285E1));
#7050=VERTEX_POINT('',#7049);
#7051=CARTESIAN_POINT('',(4.89E0,4.7905314E1,5.2691285E1));
#7052=CARTESIAN_POINT('',(5.69E0,4.7905314E1,5.2691285E1));
#7053=VERTEX_POINT('',#7051);
#7054=VERTEX_POINT('',#7052);
#7055=CARTESIAN_POINT('',(4.89E0,4.603E1,5.2691285E1));
#7056=VERTEX_POINT('',#7055);
#7057=CARTESIAN_POINT('',(3.685E0,4.603E1,5.2691285E1));
#7058=VERTEX_POINT('',#7057);
#7059=CARTESIAN_POINT('',(3.685E0,4.523E1,5.2691285E1));
#7060=VERTEX_POINT('',#7059);
#7061=CARTESIAN_POINT('',(4.89E0,4.523E1,5.2691285E1));
#7062=VERTEX_POINT('',#7061);
#7063=CARTESIAN_POINT('',(4.89E0,4.3354686E1,5.2691285E1));
#7064=VERTEX_POINT('',#7063);
#7065=CARTESIAN_POINT('',(5.69E0,4.3354686E1,5.2691285E1));
#7066=VERTEX_POINT('',#7065);
#7067=CARTESIAN_POINT('',(5.69E0,4.523E1,5.2691285E1));
#7068=VERTEX_POINT('',#7067);
#7069=CARTESIAN_POINT('',(6.895E0,4.523E1,5.2691285E1));
#7070=VERTEX_POINT('',#7069);
#7071=CARTESIAN_POINT('',(6.895E0,4.603E1,5.2691285E1));
#7072=VERTEX_POINT('',#7071);
#7073=CARTESIAN_POINT('',(5.69E0,4.603E1,5.2691285E1));
#7074=VERTEX_POINT('',#7073);
#7075=CARTESIAN_POINT('',(1.693E1,4.563E1,5.2691285E1));
#7076=CARTESIAN_POINT('',(1.393E1,4.263E1,5.2691285E1));
#7077=VERTEX_POINT('',#7075);
#7078=VERTEX_POINT('',#7076);
#7079=CARTESIAN_POINT('',(1.393E1,4.863E1,5.2691285E1));
#7080=VERTEX_POINT('',#7079);
#7081=CARTESIAN_POINT('',(1.093E1,4.563E1,5.2691285E1));
#7082=VERTEX_POINT('',#7081);
#7083=CARTESIAN_POINT('',(1.353E1,4.7905314E1,5.2691285E1));
#7084=CARTESIAN_POINT('',(1.433E1,4.7905314E1,5.2691285E1));
#7085=VERTEX_POINT('',#7083);
#7086=VERTEX_POINT('',#7084);
#7087=CARTESIAN_POINT('',(1.353E1,4.603E1,5.2691285E1));
#7088=VERTEX_POINT('',#7087);
#7089=CARTESIAN_POINT('',(1.2325E1,4.603E1,5.2691285E1));
#7090=VERTEX_POINT('',#7089);
#7091=CARTESIAN_POINT('',(1.2325E1,4.523E1,5.2691285E1));
#7092=VERTEX_POINT('',#7091);
#7093=CARTESIAN_POINT('',(1.353E1,4.523E1,5.2691285E1));
#7094=VERTEX_POINT('',#7093);
#7095=CARTESIAN_POINT('',(1.353E1,4.3354686E1,5.2691285E1));
#7096=VERTEX_POINT('',#7095);
#7097=CARTESIAN_POINT('',(1.433E1,4.3354686E1,5.2691285E1));
#7098=VERTEX_POINT('',#7097);
#7099=CARTESIAN_POINT('',(1.433E1,4.523E1,5.2691285E1));
#7100=VERTEX_POINT('',#7099);
#7101=CARTESIAN_POINT('',(1.5535E1,4.523E1,5.2691285E1));
#7102=VERTEX_POINT('',#7101);
#7103=CARTESIAN_POINT('',(1.5535E1,4.603E1,5.2691285E1));
#7104=VERTEX_POINT('',#7103);
#7105=CARTESIAN_POINT('',(1.433E1,4.603E1,5.2691285E1));
#7106=VERTEX_POINT('',#7105);
#7107=CARTESIAN_POINT('',(2.558E1,4.563E1,5.2691285E1));
#7108=CARTESIAN_POINT('',(2.258E1,4.263E1,5.2691285E1));
#7109=VERTEX_POINT('',#7107);
#7110=VERTEX_POINT('',#7108);
#7111=CARTESIAN_POINT('',(2.258E1,4.863E1,5.2691285E1));
#7112=VERTEX_POINT('',#7111);
#7113=CARTESIAN_POINT('',(1.958E1,4.563E1,5.2691285E1));
#7114=VERTEX_POINT('',#7113);
#7115=CARTESIAN_POINT('',(2.218E1,4.7905314E1,5.2691285E1));
#7116=CARTESIAN_POINT('',(2.298E1,4.7905314E1,5.2691285E1));
#7117=VERTEX_POINT('',#7115);
#7118=VERTEX_POINT('',#7116);
#7119=CARTESIAN_POINT('',(2.218E1,4.603E1,5.2691285E1));
#7120=VERTEX_POINT('',#7119);
#7121=CARTESIAN_POINT('',(2.0975E1,4.603E1,5.2691285E1));
#7122=VERTEX_POINT('',#7121);
#7123=CARTESIAN_POINT('',(2.0975E1,4.523E1,5.2691285E1));
#7124=VERTEX_POINT('',#7123);
#7125=CARTESIAN_POINT('',(2.218E1,4.523E1,5.2691285E1));
#7126=VERTEX_POINT('',#7125);
#7127=CARTESIAN_POINT('',(2.218E1,4.3354686E1,5.2691285E1));
#7128=VERTEX_POINT('',#7127);
#7129=CARTESIAN_POINT('',(2.298E1,4.3354686E1,5.2691285E1));
#7130=VERTEX_POINT('',#7129);
#7131=CARTESIAN_POINT('',(2.298E1,4.523E1,5.2691285E1));
#7132=VERTEX_POINT('',#7131);
#7133=CARTESIAN_POINT('',(2.4185E1,4.523E1,5.2691285E1));
#7134=VERTEX_POINT('',#7133);
#7135=CARTESIAN_POINT('',(2.4185E1,4.603E1,5.2691285E1));
#7136=VERTEX_POINT('',#7135);
#7137=CARTESIAN_POINT('',(2.298E1,4.603E1,5.2691285E1));
#7138=VERTEX_POINT('',#7137);
#7139=CARTESIAN_POINT('',(3.422E1,4.563E1,5.2691285E1));
#7140=CARTESIAN_POINT('',(3.122E1,4.263E1,5.2691285E1));
#7141=VERTEX_POINT('',#7139);
#7142=VERTEX_POINT('',#7140);
#7143=CARTESIAN_POINT('',(3.122E1,4.863E1,5.2691285E1));
#7144=VERTEX_POINT('',#7143);
#7145=CARTESIAN_POINT('',(2.822E1,4.563E1,5.2691285E1));
#7146=VERTEX_POINT('',#7145);
#7147=CARTESIAN_POINT('',(3.082E1,4.7905314E1,5.2691285E1));
#7148=CARTESIAN_POINT('',(3.162E1,4.7905314E1,5.2691285E1));
#7149=VERTEX_POINT('',#7147);
#7150=VERTEX_POINT('',#7148);
#7151=CARTESIAN_POINT('',(3.082E1,4.603E1,5.2691285E1));
#7152=VERTEX_POINT('',#7151);
#7153=CARTESIAN_POINT('',(2.9615E1,4.603E1,5.2691285E1));
#7154=VERTEX_POINT('',#7153);
#7155=CARTESIAN_POINT('',(2.9615E1,4.523E1,5.2691285E1));
#7156=VERTEX_POINT('',#7155);
#7157=CARTESIAN_POINT('',(3.082E1,4.523E1,5.2691285E1));
#7158=VERTEX_POINT('',#7157);
#7159=CARTESIAN_POINT('',(3.082E1,4.3354686E1,5.2691285E1));
#7160=VERTEX_POINT('',#7159);
#7161=CARTESIAN_POINT('',(3.162E1,4.3354686E1,5.2691285E1));
#7162=VERTEX_POINT('',#7161);
#7163=CARTESIAN_POINT('',(3.162E1,4.523E1,5.2691285E1));
#7164=VERTEX_POINT('',#7163);
#7165=CARTESIAN_POINT('',(3.2825E1,4.523E1,5.2691285E1));
#7166=VERTEX_POINT('',#7165);
#7167=CARTESIAN_POINT('',(3.2825E1,4.603E1,5.2691285E1));
#7168=VERTEX_POINT('',#7167);
#7169=CARTESIAN_POINT('',(3.162E1,4.603E1,5.2691285E1));
#7170=VERTEX_POINT('',#7169);
#7171=CARTESIAN_POINT('',(3.69E1,4.643E1,5.2691285E1));
#7172=CARTESIAN_POINT('',(3.99E1,4.943E1,5.2691285E1));
#7173=VERTEX_POINT('',#7171);
#7174=VERTEX_POINT('',#7172);
#7175=CARTESIAN_POINT('',(3.99E1,4.343E1,5.2691285E1));
#7176=VERTEX_POINT('',#7175);
#7177=CARTESIAN_POINT('',(4.29E1,4.643E1,5.2691285E1));
#7178=VERTEX_POINT('',#7177);
#7179=CARTESIAN_POINT('',(3.95E1,4.8705314E1,5.2691285E1));
#7180=CARTESIAN_POINT('',(4.03E1,4.8705314E1,5.2691285E1));
#7181=VERTEX_POINT('',#7179);
#7182=VERTEX_POINT('',#7180);
#7183=CARTESIAN_POINT('',(3.95E1,4.683E1,5.2691285E1));
#7184=VERTEX_POINT('',#7183);
#7185=CARTESIAN_POINT('',(3.8295E1,4.683E1,5.2691285E1));
#7186=VERTEX_POINT('',#7185);
#7187=CARTESIAN_POINT('',(3.8295E1,4.603E1,5.2691285E1));
#7188=VERTEX_POINT('',#7187);
#7189=CARTESIAN_POINT('',(3.95E1,4.603E1,5.2691285E1));
#7190=VERTEX_POINT('',#7189);
#7191=CARTESIAN_POINT('',(3.95E1,4.4154686E1,5.2691285E1));
#7192=VERTEX_POINT('',#7191);
#7193=CARTESIAN_POINT('',(4.03E1,4.4154686E1,5.2691285E1));
#7194=VERTEX_POINT('',#7193);
#7195=CARTESIAN_POINT('',(4.03E1,4.603E1,5.2691285E1));
#7196=VERTEX_POINT('',#7195);
#7197=CARTESIAN_POINT('',(4.1505E1,4.603E1,5.2691285E1));
#7198=VERTEX_POINT('',#7197);
#7199=CARTESIAN_POINT('',(4.1505E1,4.683E1,5.2691285E1));
#7200=VERTEX_POINT('',#7199);
#7201=CARTESIAN_POINT('',(4.03E1,4.683E1,5.2691285E1));
#7202=VERTEX_POINT('',#7201);
#7203=CARTESIAN_POINT('',(8.29E0,1.236E1,5.2691285E1));
#7204=CARTESIAN_POINT('',(5.29E0,9.36E0,5.2691285E1));
#7205=VERTEX_POINT('',#7203);
#7206=VERTEX_POINT('',#7204);
#7207=CARTESIAN_POINT('',(5.29E0,1.536E1,5.2691285E1));
#7208=VERTEX_POINT('',#7207);
#7209=CARTESIAN_POINT('',(2.29E0,1.236E1,5.2691285E1));
#7210=VERTEX_POINT('',#7209);
#7211=CARTESIAN_POINT('',(4.89E0,1.4635314E1,5.2691285E1));
#7212=CARTESIAN_POINT('',(5.69E0,1.4635314E1,5.2691285E1));
#7213=VERTEX_POINT('',#7211);
#7214=VERTEX_POINT('',#7212);
#7215=CARTESIAN_POINT('',(4.89E0,1.276E1,5.2691285E1));
#7216=VERTEX_POINT('',#7215);
#7217=CARTESIAN_POINT('',(3.685E0,1.276E1,5.2691285E1));
#7218=VERTEX_POINT('',#7217);
#7219=CARTESIAN_POINT('',(3.685E0,1.196E1,5.2691285E1));
#7220=VERTEX_POINT('',#7219);
#7221=CARTESIAN_POINT('',(4.89E0,1.196E1,5.2691285E1));
#7222=VERTEX_POINT('',#7221);
#7223=CARTESIAN_POINT('',(4.89E0,1.0084686E1,5.2691285E1));
#7224=VERTEX_POINT('',#7223);
#7225=CARTESIAN_POINT('',(5.69E0,1.0084686E1,5.2691285E1));
#7226=VERTEX_POINT('',#7225);
#7227=CARTESIAN_POINT('',(5.69E0,1.196E1,5.2691285E1));
#7228=VERTEX_POINT('',#7227);
#7229=CARTESIAN_POINT('',(6.895E0,1.196E1,5.2691285E1));
#7230=VERTEX_POINT('',#7229);
#7231=CARTESIAN_POINT('',(6.895E0,1.276E1,5.2691285E1));
#7232=VERTEX_POINT('',#7231);
#7233=CARTESIAN_POINT('',(5.69E0,1.276E1,5.2691285E1));
#7234=VERTEX_POINT('',#7233);
#7235=CARTESIAN_POINT('',(1.093E1,1.236E1,5.2691285E1));
#7236=CARTESIAN_POINT('',(1.393E1,1.536E1,5.2691285E1));
#7237=VERTEX_POINT('',#7235);
#7238=VERTEX_POINT('',#7236);
#7239=CARTESIAN_POINT('',(1.393E1,9.36E0,5.2691285E1));
#7240=VERTEX_POINT('',#7239);
#7241=CARTESIAN_POINT('',(1.693E1,1.236E1,5.2691285E1));
#7242=VERTEX_POINT('',#7241);
#7243=CARTESIAN_POINT('',(1.353E1,1.4635314E1,5.2691285E1));
#7244=CARTESIAN_POINT('',(1.433E1,1.4635314E1,5.2691285E1));
#7245=VERTEX_POINT('',#7243);
#7246=VERTEX_POINT('',#7244);
#7247=CARTESIAN_POINT('',(1.353E1,1.276E1,5.2691285E1));
#7248=VERTEX_POINT('',#7247);
#7249=CARTESIAN_POINT('',(1.2325E1,1.276E1,5.2691285E1));
#7250=VERTEX_POINT('',#7249);
#7251=CARTESIAN_POINT('',(1.2325E1,1.196E1,5.2691285E1));
#7252=VERTEX_POINT('',#7251);
#7253=CARTESIAN_POINT('',(1.353E1,1.196E1,5.2691285E1));
#7254=VERTEX_POINT('',#7253);
#7255=CARTESIAN_POINT('',(1.353E1,1.0084686E1,5.2691285E1));
#7256=VERTEX_POINT('',#7255);
#7257=CARTESIAN_POINT('',(1.433E1,1.0084686E1,5.2691285E1));
#7258=VERTEX_POINT('',#7257);
#7259=CARTESIAN_POINT('',(1.433E1,1.196E1,5.2691285E1));
#7260=VERTEX_POINT('',#7259);
#7261=CARTESIAN_POINT('',(1.5535E1,1.196E1,5.2691285E1));
#7262=VERTEX_POINT('',#7261);
#7263=CARTESIAN_POINT('',(1.5535E1,1.276E1,5.2691285E1));
#7264=VERTEX_POINT('',#7263);
#7265=CARTESIAN_POINT('',(1.433E1,1.276E1,5.2691285E1));
#7266=VERTEX_POINT('',#7265);
#7267=CARTESIAN_POINT('',(1.958E1,1.236E1,5.2691285E1));
#7268=CARTESIAN_POINT('',(2.258E1,1.536E1,5.2691285E1));
#7269=VERTEX_POINT('',#7267);
#7270=VERTEX_POINT('',#7268);
#7271=CARTESIAN_POINT('',(2.258E1,9.36E0,5.2691285E1));
#7272=VERTEX_POINT('',#7271);
#7273=CARTESIAN_POINT('',(2.558E1,1.236E1,5.2691285E1));
#7274=VERTEX_POINT('',#7273);
#7275=CARTESIAN_POINT('',(2.218E1,1.4635314E1,5.2691285E1));
#7276=CARTESIAN_POINT('',(2.298E1,1.4635314E1,5.2691285E1));
#7277=VERTEX_POINT('',#7275);
#7278=VERTEX_POINT('',#7276);
#7279=CARTESIAN_POINT('',(2.218E1,1.276E1,5.2691285E1));
#7280=VERTEX_POINT('',#7279);
#7281=CARTESIAN_POINT('',(2.0975E1,1.276E1,5.2691285E1));
#7282=VERTEX_POINT('',#7281);
#7283=CARTESIAN_POINT('',(2.0975E1,1.196E1,5.2691285E1));
#7284=VERTEX_POINT('',#7283);
#7285=CARTESIAN_POINT('',(2.218E1,1.196E1,5.2691285E1));
#7286=VERTEX_POINT('',#7285);
#7287=CARTESIAN_POINT('',(2.218E1,1.0084686E1,5.2691285E1));
#7288=VERTEX_POINT('',#7287);
#7289=CARTESIAN_POINT('',(2.298E1,1.0084686E1,5.2691285E1));
#7290=VERTEX_POINT('',#7289);
#7291=CARTESIAN_POINT('',(2.298E1,1.196E1,5.2691285E1));
#7292=VERTEX_POINT('',#7291);
#7293=CARTESIAN_POINT('',(2.4185E1,1.196E1,5.2691285E1));
#7294=VERTEX_POINT('',#7293);
#7295=CARTESIAN_POINT('',(2.4185E1,1.276E1,5.2691285E1));
#7296=VERTEX_POINT('',#7295);
#7297=CARTESIAN_POINT('',(2.298E1,1.276E1,5.2691285E1));
#7298=VERTEX_POINT('',#7297);
#7299=CARTESIAN_POINT('',(3.422E1,1.236E1,5.2691285E1));
#7300=CARTESIAN_POINT('',(3.122E1,9.36E0,5.2691285E1));
#7301=VERTEX_POINT('',#7299);
#7302=VERTEX_POINT('',#7300);
#7303=CARTESIAN_POINT('',(3.122E1,1.536E1,5.2691285E1));
#7304=VERTEX_POINT('',#7303);
#7305=CARTESIAN_POINT('',(2.822E1,1.236E1,5.2691285E1));
#7306=VERTEX_POINT('',#7305);
#7307=CARTESIAN_POINT('',(3.082E1,1.4635314E1,5.2691285E1));
#7308=CARTESIAN_POINT('',(3.162E1,1.4635314E1,5.2691285E1));
#7309=VERTEX_POINT('',#7307);
#7310=VERTEX_POINT('',#7308);
#7311=CARTESIAN_POINT('',(3.082E1,1.276E1,5.2691285E1));
#7312=VERTEX_POINT('',#7311);
#7313=CARTESIAN_POINT('',(2.9615E1,1.276E1,5.2691285E1));
#7314=VERTEX_POINT('',#7313);
#7315=CARTESIAN_POINT('',(2.9615E1,1.196E1,5.2691285E1));
#7316=VERTEX_POINT('',#7315);
#7317=CARTESIAN_POINT('',(3.082E1,1.196E1,5.2691285E1));
#7318=VERTEX_POINT('',#7317);
#7319=CARTESIAN_POINT('',(3.082E1,1.0084686E1,5.2691285E1));
#7320=VERTEX_POINT('',#7319);
#7321=CARTESIAN_POINT('',(3.162E1,1.0084686E1,5.2691285E1));
#7322=VERTEX_POINT('',#7321);
#7323=CARTESIAN_POINT('',(3.162E1,1.196E1,5.2691285E1));
#7324=VERTEX_POINT('',#7323);
#7325=CARTESIAN_POINT('',(3.2825E1,1.196E1,5.2691285E1));
#7326=VERTEX_POINT('',#7325);
#7327=CARTESIAN_POINT('',(3.2825E1,1.276E1,5.2691285E1));
#7328=VERTEX_POINT('',#7327);
#7329=CARTESIAN_POINT('',(3.162E1,1.276E1,5.2691285E1));
#7330=VERTEX_POINT('',#7329);
#7331=CARTESIAN_POINT('',(3.69E1,1.157E1,5.2691285E1));
#7332=CARTESIAN_POINT('',(3.99E1,1.457E1,5.2691285E1));
#7333=VERTEX_POINT('',#7331);
#7334=VERTEX_POINT('',#7332);
#7335=CARTESIAN_POINT('',(3.99E1,8.57E0,5.2691285E1));
#7336=VERTEX_POINT('',#7335);
#7337=CARTESIAN_POINT('',(4.29E1,1.157E1,5.2691285E1));
#7338=VERTEX_POINT('',#7337);
#7339=CARTESIAN_POINT('',(3.95E1,1.3845314E1,5.2691285E1));
#7340=CARTESIAN_POINT('',(4.03E1,1.3845314E1,5.2691285E1));
#7341=VERTEX_POINT('',#7339);
#7342=VERTEX_POINT('',#7340);
#7343=CARTESIAN_POINT('',(3.95E1,1.197E1,5.2691285E1));
#7344=VERTEX_POINT('',#7343);
#7345=CARTESIAN_POINT('',(3.8295E1,1.197E1,5.2691285E1));
#7346=VERTEX_POINT('',#7345);
#7347=CARTESIAN_POINT('',(3.8295E1,1.117E1,5.2691285E1));
#7348=VERTEX_POINT('',#7347);
#7349=CARTESIAN_POINT('',(3.95E1,1.117E1,5.2691285E1));
#7350=VERTEX_POINT('',#7349);
#7351=CARTESIAN_POINT('',(3.95E1,9.294686000002E0,5.2691285E1));
#7352=VERTEX_POINT('',#7351);
#7353=CARTESIAN_POINT('',(4.03E1,9.294686000002E0,5.2691285E1));
#7354=VERTEX_POINT('',#7353);
#7355=CARTESIAN_POINT('',(4.03E1,1.117E1,5.2691285E1));
#7356=VERTEX_POINT('',#7355);
#7357=CARTESIAN_POINT('',(4.1505E1,1.117E1,5.2691285E1));
#7358=VERTEX_POINT('',#7357);
#7359=CARTESIAN_POINT('',(4.1505E1,1.197E1,5.2691285E1));
#7360=VERTEX_POINT('',#7359);
#7361=CARTESIAN_POINT('',(4.03E1,1.197E1,5.2691285E1));
#7362=VERTEX_POINT('',#7361);
#7363=CARTESIAN_POINT('',(5.69E0,4.7905314E1,5.1191285E1));
#7364=VERTEX_POINT('',#7363);
#7365=CARTESIAN_POINT('',(4.89E0,4.7905314E1,5.1191285E1));
#7366=VERTEX_POINT('',#7365);
#7367=CARTESIAN_POINT('',(5.69E0,4.603E1,5.1191285E1));
#7368=VERTEX_POINT('',#7367);
#7369=CARTESIAN_POINT('',(6.895E0,4.603E1,5.1191285E1));
#7370=VERTEX_POINT('',#7369);
#7371=CARTESIAN_POINT('',(6.895E0,4.523E1,5.1191285E1));
#7372=VERTEX_POINT('',#7371);
#7373=CARTESIAN_POINT('',(5.69E0,4.523E1,5.1191285E1));
#7374=VERTEX_POINT('',#7373);
#7375=CARTESIAN_POINT('',(5.69E0,4.3354686E1,5.1191285E1));
#7376=VERTEX_POINT('',#7375);
#7377=CARTESIAN_POINT('',(4.89E0,4.3354686E1,5.1191285E1));
#7378=VERTEX_POINT('',#7377);
#7379=CARTESIAN_POINT('',(4.89E0,4.523E1,5.1191285E1));
#7380=VERTEX_POINT('',#7379);
#7381=CARTESIAN_POINT('',(3.685E0,4.523E1,5.1191285E1));
#7382=VERTEX_POINT('',#7381);
#7383=CARTESIAN_POINT('',(3.685E0,4.603E1,5.1191285E1));
#7384=VERTEX_POINT('',#7383);
#7385=CARTESIAN_POINT('',(4.89E0,4.603E1,5.1191285E1));
#7386=VERTEX_POINT('',#7385);
#7387=CARTESIAN_POINT('',(1.353E1,4.7905314E1,5.1191285E1));
#7388=CARTESIAN_POINT('',(1.433E1,4.7905314E1,5.1191285E1));
#7389=VERTEX_POINT('',#7387);
#7390=VERTEX_POINT('',#7388);
#7391=CARTESIAN_POINT('',(1.433E1,4.603E1,5.1191285E1));
#7392=VERTEX_POINT('',#7391);
#7393=CARTESIAN_POINT('',(1.5535E1,4.603E1,5.1191285E1));
#7394=VERTEX_POINT('',#7393);
#7395=CARTESIAN_POINT('',(1.5535E1,4.523E1,5.1191285E1));
#7396=VERTEX_POINT('',#7395);
#7397=CARTESIAN_POINT('',(1.433E1,4.523E1,5.1191285E1));
#7398=VERTEX_POINT('',#7397);
#7399=CARTESIAN_POINT('',(1.433E1,4.3354686E1,5.1191285E1));
#7400=VERTEX_POINT('',#7399);
#7401=CARTESIAN_POINT('',(1.353E1,4.3354686E1,5.1191285E1));
#7402=VERTEX_POINT('',#7401);
#7403=CARTESIAN_POINT('',(1.353E1,4.523E1,5.1191285E1));
#7404=VERTEX_POINT('',#7403);
#7405=CARTESIAN_POINT('',(1.2325E1,4.523E1,5.1191285E1));
#7406=VERTEX_POINT('',#7405);
#7407=CARTESIAN_POINT('',(1.2325E1,4.603E1,5.1191285E1));
#7408=VERTEX_POINT('',#7407);
#7409=CARTESIAN_POINT('',(1.353E1,4.603E1,5.1191285E1));
#7410=VERTEX_POINT('',#7409);
#7411=CARTESIAN_POINT('',(2.218E1,4.7905314E1,5.1191285E1));
#7412=CARTESIAN_POINT('',(2.298E1,4.7905314E1,5.1191285E1));
#7413=VERTEX_POINT('',#7411);
#7414=VERTEX_POINT('',#7412);
#7415=CARTESIAN_POINT('',(2.298E1,4.603E1,5.1191285E1));
#7416=VERTEX_POINT('',#7415);
#7417=CARTESIAN_POINT('',(2.4185E1,4.603E1,5.1191285E1));
#7418=VERTEX_POINT('',#7417);
#7419=CARTESIAN_POINT('',(2.4185E1,4.523E1,5.1191285E1));
#7420=VERTEX_POINT('',#7419);
#7421=CARTESIAN_POINT('',(2.298E1,4.523E1,5.1191285E1));
#7422=VERTEX_POINT('',#7421);
#7423=CARTESIAN_POINT('',(2.298E1,4.3354686E1,5.1191285E1));
#7424=VERTEX_POINT('',#7423);
#7425=CARTESIAN_POINT('',(2.218E1,4.3354686E1,5.1191285E1));
#7426=VERTEX_POINT('',#7425);
#7427=CARTESIAN_POINT('',(2.218E1,4.523E1,5.1191285E1));
#7428=VERTEX_POINT('',#7427);
#7429=CARTESIAN_POINT('',(2.0975E1,4.523E1,5.1191285E1));
#7430=VERTEX_POINT('',#7429);
#7431=CARTESIAN_POINT('',(2.0975E1,4.603E1,5.1191285E1));
#7432=VERTEX_POINT('',#7431);
#7433=CARTESIAN_POINT('',(2.218E1,4.603E1,5.1191285E1));
#7434=VERTEX_POINT('',#7433);
#7435=CARTESIAN_POINT('',(3.082E1,4.7905314E1,5.1191285E1));
#7436=CARTESIAN_POINT('',(3.162E1,4.7905314E1,5.1191285E1));
#7437=VERTEX_POINT('',#7435);
#7438=VERTEX_POINT('',#7436);
#7439=CARTESIAN_POINT('',(3.162E1,4.603E1,5.1191285E1));
#7440=VERTEX_POINT('',#7439);
#7441=CARTESIAN_POINT('',(3.2825E1,4.603E1,5.1191285E1));
#7442=VERTEX_POINT('',#7441);
#7443=CARTESIAN_POINT('',(3.2825E1,4.523E1,5.1191285E1));
#7444=VERTEX_POINT('',#7443);
#7445=CARTESIAN_POINT('',(3.162E1,4.523E1,5.1191285E1));
#7446=VERTEX_POINT('',#7445);
#7447=CARTESIAN_POINT('',(3.162E1,4.3354686E1,5.1191285E1));
#7448=VERTEX_POINT('',#7447);
#7449=CARTESIAN_POINT('',(3.082E1,4.3354686E1,5.1191285E1));
#7450=VERTEX_POINT('',#7449);
#7451=CARTESIAN_POINT('',(3.082E1,4.523E1,5.1191285E1));
#7452=VERTEX_POINT('',#7451);
#7453=CARTESIAN_POINT('',(2.9615E1,4.523E1,5.1191285E1));
#7454=VERTEX_POINT('',#7453);
#7455=CARTESIAN_POINT('',(2.9615E1,4.603E1,5.1191285E1));
#7456=VERTEX_POINT('',#7455);
#7457=CARTESIAN_POINT('',(3.082E1,4.603E1,5.1191285E1));
#7458=VERTEX_POINT('',#7457);
#7459=CARTESIAN_POINT('',(3.95E1,4.8705314E1,5.1191285E1));
#7460=CARTESIAN_POINT('',(4.03E1,4.8705314E1,5.1191285E1));
#7461=VERTEX_POINT('',#7459);
#7462=VERTEX_POINT('',#7460);
#7463=CARTESIAN_POINT('',(4.03E1,4.683E1,5.1191285E1));
#7464=VERTEX_POINT('',#7463);
#7465=CARTESIAN_POINT('',(4.1505E1,4.683E1,5.1191285E1));
#7466=VERTEX_POINT('',#7465);
#7467=CARTESIAN_POINT('',(4.1505E1,4.603E1,5.1191285E1));
#7468=VERTEX_POINT('',#7467);
#7469=CARTESIAN_POINT('',(4.03E1,4.603E1,5.1191285E1));
#7470=VERTEX_POINT('',#7469);
#7471=CARTESIAN_POINT('',(4.03E1,4.4154686E1,5.1191285E1));
#7472=VERTEX_POINT('',#7471);
#7473=CARTESIAN_POINT('',(3.95E1,4.4154686E1,5.1191285E1));
#7474=VERTEX_POINT('',#7473);
#7475=CARTESIAN_POINT('',(3.95E1,4.603E1,5.1191285E1));
#7476=VERTEX_POINT('',#7475);
#7477=CARTESIAN_POINT('',(3.8295E1,4.603E1,5.1191285E1));
#7478=VERTEX_POINT('',#7477);
#7479=CARTESIAN_POINT('',(3.8295E1,4.683E1,5.1191285E1));
#7480=VERTEX_POINT('',#7479);
#7481=CARTESIAN_POINT('',(3.95E1,4.683E1,5.1191285E1));
#7482=VERTEX_POINT('',#7481);
#7483=CARTESIAN_POINT('',(3.95E1,1.3845314E1,5.1191285E1));
#7484=CARTESIAN_POINT('',(4.03E1,1.3845314E1,5.1191285E1));
#7485=VERTEX_POINT('',#7483);
#7486=VERTEX_POINT('',#7484);
#7487=CARTESIAN_POINT('',(4.03E1,1.197E1,5.1191285E1));
#7488=VERTEX_POINT('',#7487);
#7489=CARTESIAN_POINT('',(4.1505E1,1.197E1,5.1191285E1));
#7490=VERTEX_POINT('',#7489);
#7491=CARTESIAN_POINT('',(4.1505E1,1.117E1,5.1191285E1));
#7492=VERTEX_POINT('',#7491);
#7493=CARTESIAN_POINT('',(4.03E1,1.117E1,5.1191285E1));
#7494=VERTEX_POINT('',#7493);
#7495=CARTESIAN_POINT('',(4.03E1,9.294686000002E0,5.1191285E1));
#7496=VERTEX_POINT('',#7495);
#7497=CARTESIAN_POINT('',(3.95E1,9.294686000002E0,5.1191285E1));
#7498=VERTEX_POINT('',#7497);
#7499=CARTESIAN_POINT('',(3.95E1,1.117E1,5.1191285E1));
#7500=VERTEX_POINT('',#7499);
#7501=CARTESIAN_POINT('',(3.8295E1,1.117E1,5.1191285E1));
#7502=VERTEX_POINT('',#7501);
#7503=CARTESIAN_POINT('',(3.8295E1,1.197E1,5.1191285E1));
#7504=VERTEX_POINT('',#7503);
#7505=CARTESIAN_POINT('',(3.95E1,1.197E1,5.1191285E1));
#7506=VERTEX_POINT('',#7505);
#7507=CARTESIAN_POINT('',(3.082E1,1.4635314E1,5.1191285E1));
#7508=CARTESIAN_POINT('',(3.162E1,1.4635314E1,5.1191285E1));
#7509=VERTEX_POINT('',#7507);
#7510=VERTEX_POINT('',#7508);
#7511=CARTESIAN_POINT('',(3.162E1,1.276E1,5.1191285E1));
#7512=VERTEX_POINT('',#7511);
#7513=CARTESIAN_POINT('',(3.2825E1,1.276E1,5.1191285E1));
#7514=VERTEX_POINT('',#7513);
#7515=CARTESIAN_POINT('',(3.2825E1,1.196E1,5.1191285E1));
#7516=VERTEX_POINT('',#7515);
#7517=CARTESIAN_POINT('',(3.162E1,1.196E1,5.1191285E1));
#7518=VERTEX_POINT('',#7517);
#7519=CARTESIAN_POINT('',(3.162E1,1.0084686E1,5.1191285E1));
#7520=VERTEX_POINT('',#7519);
#7521=CARTESIAN_POINT('',(3.082E1,1.0084686E1,5.1191285E1));
#7522=VERTEX_POINT('',#7521);
#7523=CARTESIAN_POINT('',(3.082E1,1.196E1,5.1191285E1));
#7524=VERTEX_POINT('',#7523);
#7525=CARTESIAN_POINT('',(2.9615E1,1.196E1,5.1191285E1));
#7526=VERTEX_POINT('',#7525);
#7527=CARTESIAN_POINT('',(2.9615E1,1.276E1,5.1191285E1));
#7528=VERTEX_POINT('',#7527);
#7529=CARTESIAN_POINT('',(3.082E1,1.276E1,5.1191285E1));
#7530=VERTEX_POINT('',#7529);
#7531=CARTESIAN_POINT('',(2.218E1,1.4635314E1,5.1191285E1));
#7532=CARTESIAN_POINT('',(2.298E1,1.4635314E1,5.1191285E1));
#7533=VERTEX_POINT('',#7531);
#7534=VERTEX_POINT('',#7532);
#7535=CARTESIAN_POINT('',(2.298E1,1.276E1,5.1191285E1));
#7536=VERTEX_POINT('',#7535);
#7537=CARTESIAN_POINT('',(2.4185E1,1.276E1,5.1191285E1));
#7538=VERTEX_POINT('',#7537);
#7539=CARTESIAN_POINT('',(2.4185E1,1.196E1,5.1191285E1));
#7540=VERTEX_POINT('',#7539);
#7541=CARTESIAN_POINT('',(2.298E1,1.196E1,5.1191285E1));
#7542=VERTEX_POINT('',#7541);
#7543=CARTESIAN_POINT('',(2.298E1,1.0084686E1,5.1191285E1));
#7544=VERTEX_POINT('',#7543);
#7545=CARTESIAN_POINT('',(2.218E1,1.0084686E1,5.1191285E1));
#7546=VERTEX_POINT('',#7545);
#7547=CARTESIAN_POINT('',(2.218E1,1.196E1,5.1191285E1));
#7548=VERTEX_POINT('',#7547);
#7549=CARTESIAN_POINT('',(2.0975E1,1.196E1,5.1191285E1));
#7550=VERTEX_POINT('',#7549);
#7551=CARTESIAN_POINT('',(2.0975E1,1.276E1,5.1191285E1));
#7552=VERTEX_POINT('',#7551);
#7553=CARTESIAN_POINT('',(2.218E1,1.276E1,5.1191285E1));
#7554=VERTEX_POINT('',#7553);
#7555=CARTESIAN_POINT('',(1.353E1,1.4635314E1,5.1191285E1));
#7556=CARTESIAN_POINT('',(1.433E1,1.4635314E1,5.1191285E1));
#7557=VERTEX_POINT('',#7555);
#7558=VERTEX_POINT('',#7556);
#7559=CARTESIAN_POINT('',(1.433E1,1.276E1,5.1191285E1));
#7560=VERTEX_POINT('',#7559);
#7561=CARTESIAN_POINT('',(1.5535E1,1.276E1,5.1191285E1));
#7562=VERTEX_POINT('',#7561);
#7563=CARTESIAN_POINT('',(1.5535E1,1.196E1,5.1191285E1));
#7564=VERTEX_POINT('',#7563);
#7565=CARTESIAN_POINT('',(1.433E1,1.196E1,5.1191285E1));
#7566=VERTEX_POINT('',#7565);
#7567=CARTESIAN_POINT('',(1.433E1,1.0084686E1,5.1191285E1));
#7568=VERTEX_POINT('',#7567);
#7569=CARTESIAN_POINT('',(1.353E1,1.0084686E1,5.1191285E1));
#7570=VERTEX_POINT('',#7569);
#7571=CARTESIAN_POINT('',(1.353E1,1.196E1,5.1191285E1));
#7572=VERTEX_POINT('',#7571);
#7573=CARTESIAN_POINT('',(1.2325E1,1.196E1,5.1191285E1));
#7574=VERTEX_POINT('',#7573);
#7575=CARTESIAN_POINT('',(1.2325E1,1.276E1,5.1191285E1));
#7576=VERTEX_POINT('',#7575);
#7577=CARTESIAN_POINT('',(1.353E1,1.276E1,5.1191285E1));
#7578=VERTEX_POINT('',#7577);
#7579=CARTESIAN_POINT('',(4.89E0,1.4635314E1,5.1191285E1));
#7580=CARTESIAN_POINT('',(5.69E0,1.4635314E1,5.1191285E1));
#7581=VERTEX_POINT('',#7579);
#7582=VERTEX_POINT('',#7580);
#7583=CARTESIAN_POINT('',(5.69E0,1.276E1,5.1191285E1));
#7584=VERTEX_POINT('',#7583);
#7585=CARTESIAN_POINT('',(6.895E0,1.276E1,5.1191285E1));
#7586=VERTEX_POINT('',#7585);
#7587=CARTESIAN_POINT('',(6.895E0,1.196E1,5.1191285E1));
#7588=VERTEX_POINT('',#7587);
#7589=CARTESIAN_POINT('',(5.69E0,1.196E1,5.1191285E1));
#7590=VERTEX_POINT('',#7589);
#7591=CARTESIAN_POINT('',(5.69E0,1.0084686E1,5.1191285E1));
#7592=VERTEX_POINT('',#7591);
#7593=CARTESIAN_POINT('',(4.89E0,1.0084686E1,5.1191285E1));
#7594=VERTEX_POINT('',#7593);
#7595=CARTESIAN_POINT('',(4.89E0,1.196E1,5.1191285E1));
#7596=VERTEX_POINT('',#7595);
#7597=CARTESIAN_POINT('',(3.685E0,1.196E1,5.1191285E1));
#7598=VERTEX_POINT('',#7597);
#7599=CARTESIAN_POINT('',(3.685E0,1.276E1,5.1191285E1));
#7600=VERTEX_POINT('',#7599);
#7601=CARTESIAN_POINT('',(4.89E0,1.276E1,5.1191285E1));
#7602=VERTEX_POINT('',#7601);
#7603=CARTESIAN_POINT('',(2.475E1,3.204065E1,5.2591285E1));
#7604=VERTEX_POINT('',#7603);
#7605=CARTESIAN_POINT('',(2.475E1,2.596101111111E1,5.2591285E1));
#7606=VERTEX_POINT('',#7605);
#7607=CARTESIAN_POINT('',(3.484E1,3.204065E1,5.2591285E1));
#7608=VERTEX_POINT('',#7607);
#7609=CARTESIAN_POINT('',(3.323E1,3.20406E1,5.2591285E1));
#7610=VERTEX_POINT('',#7609);
#7611=CARTESIAN_POINT('',(3.323E1,3.204055E1,4.7691285E1));
#7612=VERTEX_POINT('',#7611);
#7613=CARTESIAN_POINT('',(2.633E1,3.204055E1,4.7691285E1));
#7614=VERTEX_POINT('',#7613);
#7615=CARTESIAN_POINT('',(2.633E1,3.20406E1,5.2591285E1));
#7616=VERTEX_POINT('',#7615);
#7617=CARTESIAN_POINT('',(3.484E1,2.596101111111E1,5.2591285E1));
#7618=VERTEX_POINT('',#7617);
#7619=CARTESIAN_POINT('',(3.323E1,2.596085555556E1,4.7691285E1));
#7620=CARTESIAN_POINT('',(3.323E1,2.596093333333E1,5.2591285E1));
#7621=VERTEX_POINT('',#7619);
#7622=VERTEX_POINT('',#7620);
#7623=CARTESIAN_POINT('',(2.633E1,2.596093333333E1,5.2591285E1));
#7624=VERTEX_POINT('',#7623);
#7625=CARTESIAN_POINT('',(2.633E1,2.596085555556E1,4.7691285E1));
#7626=VERTEX_POINT('',#7625);
#7627=CARTESIAN_POINT('',(3.219E1,3.15E1,4.7691285E1));
#7628=CARTESIAN_POINT('',(3.018004353387E1,3.150999990592E1,4.7691285E1));
#7629=VERTEX_POINT('',#7627);
#7630=VERTEX_POINT('',#7628);
#7631=CARTESIAN_POINT('',(3.018011816629E1,2.650000021772E1,4.7691285E1));
#7632=VERTEX_POINT('',#7631);
#7633=CARTESIAN_POINT('',(3.218999453708E1,2.647654765775E1,4.7691285E1));
#7634=VERTEX_POINT('',#7633);
#7635=CARTESIAN_POINT('',(3.218997268538E1,2.778654752961E1,4.7691285E1));
#7636=VERTEX_POINT('',#7635);
#7637=CARTESIAN_POINT('',(3.168000287754E1,2.779252109289E1,4.7691285E1));
#7638=VERTEX_POINT('',#7637);
#7639=CARTESIAN_POINT('',(3.168000556060E1,3.019252110406E1,4.7691285E1));
#7640=VERTEX_POINT('',#7639);
#7641=CARTESIAN_POINT('',(3.219E1,3.019E1,4.7691285E1));
#7642=VERTEX_POINT('',#7641);
#7643=CARTESIAN_POINT('',(3.219E1,3.15E1,5.6491285E1));
#7644=CARTESIAN_POINT('',(3.018004353387E1,3.150999990592E1,5.6491285E1));
#7645=VERTEX_POINT('',#7643);
#7646=VERTEX_POINT('',#7644);
#7647=CARTESIAN_POINT('',(3.219E1,3.019E1,5.6491285E1));
#7648=VERTEX_POINT('',#7647);
#7649=CARTESIAN_POINT('',(3.168000556060E1,3.019252110406E1,5.6491285E1));
#7650=VERTEX_POINT('',#7649);
#7651=CARTESIAN_POINT('',(3.168000287754E1,2.779252109289E1,5.6491285E1));
#7652=VERTEX_POINT('',#7651);
#7653=CARTESIAN_POINT('',(3.218997268538E1,2.778654752961E1,5.6491285E1));
#7654=VERTEX_POINT('',#7653);
#7655=CARTESIAN_POINT('',(3.218999453708E1,2.647654765775E1,5.6491285E1));
#7656=VERTEX_POINT('',#7655);
#7657=CARTESIAN_POINT('',(3.018011816629E1,2.650000021772E1,5.6491285E1));
#7658=VERTEX_POINT('',#7657);
#7659=CARTESIAN_POINT('',(4.365E1,9.390000000001E0,4.3E1));
#7660=VERTEX_POINT('',#7659);
#7661=CARTESIAN_POINT('',(4.365E1,9.390000000001E0,4.8711947E1));
#7662=VERTEX_POINT('',#7661);
#7663=CARTESIAN_POINT('',(9.04E0,5.590000000001E0,4.320625E1));
#7664=VERTEX_POINT('',#7663);
#7665=CARTESIAN_POINT('',(9.04E0,5.590000000001E0,4.8711947E1));
#7666=VERTEX_POINT('',#7665);
#7667=CARTESIAN_POINT('',(1.54E0,9.390000000001E0,4.320625E1));
#7668=VERTEX_POINT('',#7667);
#7669=CARTESIAN_POINT('',(9.04E0,9.390000000001E0,4.320625E1));
#7670=VERTEX_POINT('',#7669);
#7671=CARTESIAN_POINT('',(1.54E0,9.390000000001E0,4.8711947E1));
#7672=VERTEX_POINT('',#7671);
#7673=CARTESIAN_POINT('',(9.04E0,9.390000000001E0,4.8711947E1));
#7674=VERTEX_POINT('',#7673);
#7675=CARTESIAN_POINT('',(1.5916475E0,9.390000000001E0,4.482889E1));
#7676=CARTESIAN_POINT('',(8.9951215E0,9.390000000001E0,4.482889E1));
#7677=VERTEX_POINT('',#7675);
#7678=VERTEX_POINT('',#7676);
#7679=CARTESIAN_POINT('',(8.9951215E0,9.390000000001E0,4.7757221E1));
#7680=VERTEX_POINT('',#7679);
#7681=CARTESIAN_POINT('',(1.5916475E0,9.390000000001E0,4.7757221E1));
#7682=VERTEX_POINT('',#7681);
#7683=CARTESIAN_POINT('',(1.768116666667E1,9.390000000001E0,4.8711947E1));
#7684=CARTESIAN_POINT('',(1.0183E1,9.390000000001E0,4.8711947E1));
#7685=VERTEX_POINT('',#7683);
#7686=VERTEX_POINT('',#7684);
#7687=CARTESIAN_POINT('',(1.768116666667E1,9.390000000001E0,4.320625E1));
#7688=VERTEX_POINT('',#7687);
#7689=CARTESIAN_POINT('',(1.0183E1,9.390000000001E0,4.320625E1));
#7690=VERTEX_POINT('',#7689);
#7691=CARTESIAN_POINT('',(1.02346475E1,9.390000000001E0,4.7757221E1));
#7692=CARTESIAN_POINT('',(1.02346475E1,9.390000000001E0,4.482889E1));
#7693=VERTEX_POINT('',#7691);
#7694=VERTEX_POINT('',#7692);
#7695=CARTESIAN_POINT('',(1.76381215E1,9.390000000001E0,4.482889E1));
#7696=VERTEX_POINT('',#7695);
#7697=CARTESIAN_POINT('',(1.76381215E1,9.390000000001E0,4.7757221E1));
#7698=VERTEX_POINT('',#7697);
#7699=CARTESIAN_POINT('',(2.632844444444E1,9.390000000001E0,4.8711947E1));
#7700=CARTESIAN_POINT('',(1.8826E1,9.390000000001E0,4.8711947E1));
#7701=VERTEX_POINT('',#7699);
#7702=VERTEX_POINT('',#7700);
#7703=CARTESIAN_POINT('',(2.632844444444E1,9.390000000001E0,4.320625E1));
#7704=VERTEX_POINT('',#7703);
#7705=CARTESIAN_POINT('',(1.8826E1,9.390000000001E0,4.320625E1));
#7706=VERTEX_POINT('',#7705);
#7707=CARTESIAN_POINT('',(1.88776475E1,9.390000000001E0,4.482889E1));
#7708=CARTESIAN_POINT('',(2.62811215E1,9.390000000001E0,4.482889E1));
#7709=VERTEX_POINT('',#7707);
#7710=VERTEX_POINT('',#7708);
#7711=CARTESIAN_POINT('',(2.62811215E1,9.390000000001E0,4.7757221E1));
#7712=VERTEX_POINT('',#7711);
#7713=CARTESIAN_POINT('',(1.88776475E1,9.390000000001E0,4.7757221E1));
#7714=VERTEX_POINT('',#7713);
#7715=CARTESIAN_POINT('',(2.7469E1,9.390000000001E0,4.8711947E1));
#7716=CARTESIAN_POINT('',(2.7469E1,9.390000000001E0,4.320625E1));
#7717=VERTEX_POINT('',#7715);
#7718=VERTEX_POINT('',#7716);
#7719=CARTESIAN_POINT('',(3.496961111111E1,9.390000000001E0,4.8711947E1));
#7720=VERTEX_POINT('',#7719);
#7721=CARTESIAN_POINT('',(3.496961111111E1,9.390000000001E0,4.320625E1));
#7722=VERTEX_POINT('',#7721);
#7723=CARTESIAN_POINT('',(2.75206475E1,9.390000000001E0,4.482889E1));
#7724=CARTESIAN_POINT('',(3.49241215E1,9.390000000001E0,4.482889E1));
#7725=VERTEX_POINT('',#7723);
#7726=VERTEX_POINT('',#7724);
#7727=CARTESIAN_POINT('',(3.49241215E1,9.390000000001E0,4.7757221E1));
#7728=VERTEX_POINT('',#7727);
#7729=CARTESIAN_POINT('',(2.75206475E1,9.390000000001E0,4.7757221E1));
#7730=VERTEX_POINT('',#7729);
#7731=CARTESIAN_POINT('',(3.615E1,9.390000000001E0,4.8711947E1));
#7732=VERTEX_POINT('',#7731);
#7733=CARTESIAN_POINT('',(3.615E1,9.390000000001E0,4.3E1));
#7734=VERTEX_POINT('',#7733);
#7735=CARTESIAN_POINT('',(3.61636475E1,9.390000000001E0,4.482889E1));
#7736=CARTESIAN_POINT('',(4.35671215E1,9.390000000001E0,4.482889E1));
#7737=VERTEX_POINT('',#7735);
#7738=VERTEX_POINT('',#7736);
#7739=CARTESIAN_POINT('',(4.35671215E1,9.390000000001E0,4.7757221E1));
#7740=VERTEX_POINT('',#7739);
#7741=CARTESIAN_POINT('',(3.61636475E1,9.390000000001E0,4.7757221E1));
#7742=VERTEX_POINT('',#7741);
#7743=CARTESIAN_POINT('',(1.02346475E1,1.249E1,4.482889E1));
#7744=VERTEX_POINT('',#7743);
#7745=CARTESIAN_POINT('',(1.02346475E1,1.249E1,4.7757221E1));
#7746=VERTEX_POINT('',#7745);
#7747=CARTESIAN_POINT('',(1.76381215E1,1.249E1,4.482889E1));
#7748=VERTEX_POINT('',#7747);
#7749=CARTESIAN_POINT('',(1.76381215E1,1.249E1,4.7757221E1));
#7750=VERTEX_POINT('',#7749);
#7751=CARTESIAN_POINT('',(1.88776475E1,1.249E1,4.482889E1));
#7752=CARTESIAN_POINT('',(2.62811215E1,1.249E1,4.482889E1));
#7753=VERTEX_POINT('',#7751);
#7754=VERTEX_POINT('',#7752);
#7755=CARTESIAN_POINT('',(1.88776475E1,1.249E1,4.7757221E1));
#7756=VERTEX_POINT('',#7755);
#7757=CARTESIAN_POINT('',(2.62811215E1,1.249E1,4.7757221E1));
#7758=VERTEX_POINT('',#7757);
#7759=CARTESIAN_POINT('',(2.75206475E1,1.249E1,4.482889E1));
#7760=CARTESIAN_POINT('',(3.49241215E1,1.249E1,4.482889E1));
#7761=VERTEX_POINT('',#7759);
#7762=VERTEX_POINT('',#7760);
#7763=CARTESIAN_POINT('',(2.75206475E1,1.249E1,4.7757221E1));
#7764=VERTEX_POINT('',#7763);
#7765=CARTESIAN_POINT('',(3.49241215E1,1.249E1,4.7757221E1));
#7766=VERTEX_POINT('',#7765);
#7767=CARTESIAN_POINT('',(3.61636475E1,1.249E1,4.482889E1));
#7768=CARTESIAN_POINT('',(4.35671215E1,1.249E1,4.482889E1));
#7769=VERTEX_POINT('',#7767);
#7770=VERTEX_POINT('',#7768);
#7771=CARTESIAN_POINT('',(3.61636475E1,1.249E1,4.7757221E1));
#7772=VERTEX_POINT('',#7771);
#7773=CARTESIAN_POINT('',(4.35671215E1,1.249E1,4.7757221E1));
#7774=VERTEX_POINT('',#7773);
#7775=CARTESIAN_POINT('',(1.5916475E0,1.249E1,4.482889E1));
#7776=CARTESIAN_POINT('',(8.9951215E0,1.249E1,4.482889E1));
#7777=VERTEX_POINT('',#7775);
#7778=VERTEX_POINT('',#7776);
#7779=CARTESIAN_POINT('',(1.5916475E0,1.249E1,4.7757221E1));
#7780=VERTEX_POINT('',#7779);
#7781=CARTESIAN_POINT('',(8.9951215E0,1.249E1,4.7757221E1));
#7782=VERTEX_POINT('',#7781);
#7783=CARTESIAN_POINT('',(7.881812710169E0,5.000566E1,7.280402250001E0));
#7784=VERTEX_POINT('',#7783);
#7785=CARTESIAN_POINT('',(1.000002366360E0,5.000566E1,7.280402250001E0));
#7786=VERTEX_POINT('',#7785);
#7787=CARTESIAN_POINT('',(7.881812710169E0,5.000566E1,2.228E1));
#7788=VERTEX_POINT('',#7787);
#7789=CARTESIAN_POINT('',(1.000000473306E0,5.000566E1,2.228E1));
#7790=VERTEX_POINT('',#7789);
#7791=CARTESIAN_POINT('',(1.4E0,5.7796632E1,6.746020779702E0));
#7792=CARTESIAN_POINT('',(1.4E0,5.100566E1,7.094836259320E0));
#7793=VERTEX_POINT('',#7791);
#7794=VERTEX_POINT('',#7792);
#7795=CARTESIAN_POINT('',(1.4E0,6.99434E0,7.094836259320E0));
#7796=CARTESIAN_POINT('',(1.4E0,2.03368E-1,6.746020779702E0));
#7797=VERTEX_POINT('',#7795);
#7798=VERTEX_POINT('',#7796);
#7799=CARTESIAN_POINT('',(0.E0,5.7796632E1,8.489295238291E-13));
#7800=CARTESIAN_POINT('',(0.E0,5.7796632E1,6.746020779702E0));
#7801=VERTEX_POINT('',#7799);
#7802=VERTEX_POINT('',#7800);
#7803=CARTESIAN_POINT('',(0.E0,5.100566E1,7.094836259320E0));
#7804=VERTEX_POINT('',#7803);
#7805=CARTESIAN_POINT('',(0.E0,5.100566E1,3.373814585559E1));
#7806=VERTEX_POINT('',#7805);
#7807=CARTESIAN_POINT('',(0.E0,5.4798021E1,3.393463337733E1));
#7808=VERTEX_POINT('',#7807);
#7809=CARTESIAN_POINT('',(0.E0,5.4798021E1,5.653E1));
#7810=VERTEX_POINT('',#7809);
#7811=CARTESIAN_POINT('',(0.E0,3.201979E0,5.653E1));
#7812=CARTESIAN_POINT('',(0.E0,3.201979E0,3.393463337733E1));
#7813=VERTEX_POINT('',#7811);
#7814=VERTEX_POINT('',#7812);
#7815=CARTESIAN_POINT('',(0.E0,6.99434E0,3.373814585559E1));
#7816=VERTEX_POINT('',#7815);
#7817=CARTESIAN_POINT('',(0.E0,6.99434E0,7.094836259320E0));
#7818=VERTEX_POINT('',#7817);
#7819=CARTESIAN_POINT('',(0.E0,2.03368E-1,6.746020779702E0));
#7820=VERTEX_POINT('',#7819);
#7821=CARTESIAN_POINT('',(0.E0,2.03368E-1,4.410019537250E-14));
#7822=VERTEX_POINT('',#7821);
#7823=CARTESIAN_POINT('',(1.39E0,5.4798021E1,5.653E1));
#7824=VERTEX_POINT('',#7823);
#7825=CARTESIAN_POINT('',(1.4E0,5.120566E1,3.354823987284E1));
#7826=CARTESIAN_POINT('',(1.4E0,5.241E1,3.361063841083E1));
#7827=VERTEX_POINT('',#7825);
#7828=VERTEX_POINT('',#7826);
#7829=CARTESIAN_POINT('',(1.4E0,5.120566E1,2.228E1));
#7830=VERTEX_POINT('',#7829);
#7831=CARTESIAN_POINT('',(1.4E0,5.7996632E1,6.936011520383E0));
#7832=CARTESIAN_POINT('',(1.4E0,5.120578364223E1,7.282409266113E0));
#7833=VERTEX_POINT('',#7831);
#7834=VERTEX_POINT('',#7832);
#7835=CARTESIAN_POINT('',(1.4E0,5.7796632E1,8.488437451518E-13));
#7836=CARTESIAN_POINT('',(1.4E0,5.7996632E1,8.524097227220E-13));
#7837=VERTEX_POINT('',#7835);
#7838=VERTEX_POINT('',#7836);
#7839=CARTESIAN_POINT('',(1.4E0,6.791940170391E0,7.282437307554E0));
#7840=CARTESIAN_POINT('',(1.4E0,0.E0,6.936001303988E0));
#7841=VERTEX_POINT('',#7839);
#7842=VERTEX_POINT('',#7840);
#7843=CARTESIAN_POINT('',(1.4E0,2.03368E-1,4.408752923322E-14));
#7844=CARTESIAN_POINT('',(1.4E0,0.E0,0.E0));
#7845=VERTEX_POINT('',#7843);
#7846=VERTEX_POINT('',#7844);
#7847=CARTESIAN_POINT('',(1.4E0,6.790972E0,3.354824246836E1));
#7848=CARTESIAN_POINT('',(1.4E0,6.790972E0,2.228E1));
#7849=VERTEX_POINT('',#7847);
#7850=VERTEX_POINT('',#7848);
#7851=CARTESIAN_POINT('',(1.E0,6.99434E0,2.228E1));
#7852=CARTESIAN_POINT('',(1.E0,6.99434E0,7.28E0));
#7853=VERTEX_POINT('',#7851);
#7854=VERTEX_POINT('',#7852);
#7855=CARTESIAN_POINT('',(1.4E0,5.590000000001E0,3.361046966769E1));
#7856=VERTEX_POINT('',#7855);
#7857=CARTESIAN_POINT('',(1.16E0,3.201979E0,5.653E1));
#7858=VERTEX_POINT('',#7857);
#7859=CARTESIAN_POINT('',(1.000002839838E0,5.100566E1,7.280000000001E0));
#7860=CARTESIAN_POINT('',(1.E0,5.100566E1,2.228E1));
#7861=VERTEX_POINT('',#7859);
#7862=VERTEX_POINT('',#7860);
#7863=CARTESIAN_POINT('',(1.4E0,5.100566E1,7.280000000001E0));
#7864=VERTEX_POINT('',#7863);
#7865=CARTESIAN_POINT('',(1.4E0,5.100566E1,2.228E1));
#7866=CARTESIAN_POINT('',(1.4E0,5.100566E1,3.373814585559E1));
#7867=VERTEX_POINT('',#7865);
#7868=VERTEX_POINT('',#7866);
#7869=CARTESIAN_POINT('',(1.4E0,6.99434E0,3.373814585559E1));
#7870=CARTESIAN_POINT('',(1.4E0,6.99434E0,2.228E1));
#7871=VERTEX_POINT('',#7869);
#7872=VERTEX_POINT('',#7870);
#7873=CARTESIAN_POINT('',(1.4E0,6.99434E0,7.28E0));
#7874=VERTEX_POINT('',#7873);
#7875=CARTESIAN_POINT('',(1.39E0,5.4798021E1,3.393463337733E1));
#7876=VERTEX_POINT('',#7875);
#7877=CARTESIAN_POINT('',(1.16E0,3.201979E0,3.393463337733E1));
#7878=VERTEX_POINT('',#7877);
#7879=CARTESIAN_POINT('',(4.36E1,5.7796632E1,6.746020779702E0));
#7880=CARTESIAN_POINT('',(4.36E1,5.100566E1,7.094836259320E0));
#7881=VERTEX_POINT('',#7879);
#7882=VERTEX_POINT('',#7880);
#7883=CARTESIAN_POINT('',(4.36E1,6.99434E0,7.094836259320E0));
#7884=CARTESIAN_POINT('',(4.36E1,2.03368E-1,6.746020779702E0));
#7885=VERTEX_POINT('',#7883);
#7886=VERTEX_POINT('',#7884);
#7887=CARTESIAN_POINT('',(4.36E1,5.7796632E1,8.488437451518E-13));
#7888=VERTEX_POINT('',#7887);
#7889=CARTESIAN_POINT('',(4.36E1,5.100566E1,7.280000000001E0));
#7890=VERTEX_POINT('',#7889);
#7891=CARTESIAN_POINT('',(4.36E1,5.100566E1,2.228E1));
#7892=CARTESIAN_POINT('',(4.36E1,5.100566E1,3.373814585559E1));
#7893=VERTEX_POINT('',#7891);
#7894=VERTEX_POINT('',#7892);
#7895=CARTESIAN_POINT('',(4.36E1,6.99434E0,3.373814585559E1));
#7896=CARTESIAN_POINT('',(4.36E1,6.99434E0,2.228E1));
#7897=VERTEX_POINT('',#7895);
#7898=VERTEX_POINT('',#7896);
#7899=CARTESIAN_POINT('',(4.36E1,6.99434E0,7.28E0));
#7900=VERTEX_POINT('',#7899);
#7901=CARTESIAN_POINT('',(4.36E1,2.03368E-1,4.440892098501E-14));
#7902=VERTEX_POINT('',#7901);
#7903=CARTESIAN_POINT('',(4.5E1,5.7796632E1,6.746020779702E0));
#7904=VERTEX_POINT('',#7903);
#7905=CARTESIAN_POINT('',(4.5E1,5.100566E1,7.094836259320E0));
#7906=VERTEX_POINT('',#7905);
#7907=CARTESIAN_POINT('',(4.5E1,5.100566E1,3.373814585559E1));
#7908=VERTEX_POINT('',#7907);
#7909=CARTESIAN_POINT('',(4.5E1,5.4798021E1,3.393463337733E1));
#7910=CARTESIAN_POINT('',(4.382E1,5.4798021E1,3.393463337733E1));
#7911=VERTEX_POINT('',#7909);
#7912=VERTEX_POINT('',#7910);
#7913=CARTESIAN_POINT('',(4.5E1,3.201979E0,3.393463337733E1));
#7914=CARTESIAN_POINT('',(4.365E1,3.201979E0,3.393463337733E1));
#7915=VERTEX_POINT('',#7913);
#7916=VERTEX_POINT('',#7914);
#7917=CARTESIAN_POINT('',(4.5E1,6.99434E0,3.373814585559E1));
#7918=VERTEX_POINT('',#7917);
#7919=CARTESIAN_POINT('',(4.5E1,6.99434E0,7.094836259320E0));
#7920=VERTEX_POINT('',#7919);
#7921=CARTESIAN_POINT('',(4.5E1,2.03368E-1,6.746020779702E0));
#7922=VERTEX_POINT('',#7921);
#7923=CARTESIAN_POINT('',(4.5E1,5.4798021E1,5.653E1));
#7924=CARTESIAN_POINT('',(4.382E1,5.4798021E1,5.653E1));
#7925=VERTEX_POINT('',#7923);
#7926=VERTEX_POINT('',#7924);
#7927=CARTESIAN_POINT('',(4.36E1,5.120566E1,3.354823987284E1));
#7928=CARTESIAN_POINT('',(4.36E1,5.241E1,3.361063841083E1));
#7929=VERTEX_POINT('',#7927);
#7930=VERTEX_POINT('',#7928);
#7931=CARTESIAN_POINT('',(4.5E1,5.7796632E1,8.489295238291E-13));
#7932=VERTEX_POINT('',#7931);
#7933=CARTESIAN_POINT('',(4.5E1,3.201979E0,5.653E1));
#7934=VERTEX_POINT('',#7933);
#7935=CARTESIAN_POINT('',(4.5E1,2.03368E-1,4.410019537250E-14));
#7936=VERTEX_POINT('',#7935);
#7937=CARTESIAN_POINT('',(4.36E1,5.120566E1,2.228E1));
#7938=VERTEX_POINT('',#7937);
#7939=CARTESIAN_POINT('',(4.4E1,5.100566E1,2.228E1));
#7940=CARTESIAN_POINT('',(4.4E1,5.100566E1,7.280000000001E0));
#7941=VERTEX_POINT('',#7939);
#7942=VERTEX_POINT('',#7940);
#7943=CARTESIAN_POINT('',(4.36E1,5.7996632E1,6.936011520383E0));
#7944=CARTESIAN_POINT('',(4.36E1,5.120578364223E1,7.282409266113E0));
#7945=VERTEX_POINT('',#7943);
#7946=VERTEX_POINT('',#7944);
#7947=CARTESIAN_POINT('',(4.36E1,5.7996632E1,8.524097227220E-13));
#7948=VERTEX_POINT('',#7947);
#7949=CARTESIAN_POINT('',(4.36E1,6.791940170391E0,7.282437307554E0));
#7950=CARTESIAN_POINT('',(4.36E1,0.E0,6.936001303988E0));
#7951=VERTEX_POINT('',#7949);
#7952=VERTEX_POINT('',#7950);
#7953=CARTESIAN_POINT('',(4.36E1,0.E0,0.E0));
#7954=VERTEX_POINT('',#7953);
#7955=CARTESIAN_POINT('',(4.36E1,6.790972E0,3.354824246836E1));
#7956=CARTESIAN_POINT('',(4.36E1,6.790972E0,2.228E1));
#7957=VERTEX_POINT('',#7955);
#7958=VERTEX_POINT('',#7956);
#7959=CARTESIAN_POINT('',(4.4E1,6.99434E0,7.28E0));
#7960=CARTESIAN_POINT('',(4.4E1,6.99434E0,2.228E1));
#7961=VERTEX_POINT('',#7959);
#7962=VERTEX_POINT('',#7960);
#7963=CARTESIAN_POINT('',(4.36E1,5.590000000001E0,3.361046966769E1));
#7964=VERTEX_POINT('',#7963);
#7965=CARTESIAN_POINT('',(4.365E1,3.201979E0,5.653E1));
#7966=VERTEX_POINT('',#7965);
#7967=CARTESIAN_POINT('',(1.4E0,5.241E1,3.381090667300E1));
#7968=VERTEX_POINT('',#7967);
#7969=CARTESIAN_POINT('',(1.39E0,5.241E1,3.381090667300E1));
#7970=VERTEX_POINT('',#7969);
#7971=CARTESIAN_POINT('',(1.16E0,5.590000000001E0,3.381090667300E1));
#7972=VERTEX_POINT('',#7971);
#7973=CARTESIAN_POINT('',(1.4E0,5.590000000001E0,3.381090667300E1));
#7974=VERTEX_POINT('',#7973);
#7975=CARTESIAN_POINT('',(4.36E1,5.241E1,3.381090667300E1));
#7976=VERTEX_POINT('',#7975);
#7977=CARTESIAN_POINT('',(4.382E1,5.241E1,3.381090667300E1));
#7978=VERTEX_POINT('',#7977);
#7979=CARTESIAN_POINT('',(4.36E1,5.590000000001E0,3.381090667300E1));
#7980=VERTEX_POINT('',#7979);
#7981=CARTESIAN_POINT('',(4.365E1,5.590000000001E0,3.381090667300E1));
#7982=VERTEX_POINT('',#7981);
#7983=CARTESIAN_POINT('',(0.E0,1.15E1,2.99E0));
#7984=DIRECTION('',(1.E0,0.E0,0.E0));
#7985=DIRECTION('',(0.E0,1.382976518076E-14,-1.E0));
#7986=AXIS2_PLACEMENT_3D('',#7983,#7984,#7985);
#7987=PLANE('',#7986);
#7989=ORIENTED_EDGE('',*,*,#7988,.T.);
#7991=ORIENTED_EDGE('',*,*,#7990,.T.);
#7993=ORIENTED_EDGE('',*,*,#7992,.T.);
#7995=ORIENTED_EDGE('',*,*,#7994,.T.);
#7997=ORIENTED_EDGE('',*,*,#7996,.F.);
#7999=ORIENTED_EDGE('',*,*,#7998,.F.);
#8001=ORIENTED_EDGE('',*,*,#8000,.T.);
#8003=ORIENTED_EDGE('',*,*,#8002,.F.);
#8005=ORIENTED_EDGE('',*,*,#8004,.F.);
#8007=ORIENTED_EDGE('',*,*,#8006,.F.);
#8009=ORIENTED_EDGE('',*,*,#8008,.T.);
#8011=ORIENTED_EDGE('',*,*,#8010,.T.);
#8013=ORIENTED_EDGE('',*,*,#8012,.T.);
#8015=ORIENTED_EDGE('',*,*,#8014,.T.);
#8017=ORIENTED_EDGE('',*,*,#8016,.F.);
#8019=ORIENTED_EDGE('',*,*,#8018,.F.);
#8021=ORIENTED_EDGE('',*,*,#8020,.T.);
#8023=ORIENTED_EDGE('',*,*,#8022,.F.);
#8025=ORIENTED_EDGE('',*,*,#8024,.T.);
#8027=ORIENTED_EDGE('',*,*,#8026,.F.);
#8029=ORIENTED_EDGE('',*,*,#8028,.F.);
#8031=ORIENTED_EDGE('',*,*,#8030,.T.);
#8033=ORIENTED_EDGE('',*,*,#8032,.T.);
#8035=ORIENTED_EDGE('',*,*,#8034,.T.);
#8037=ORIENTED_EDGE('',*,*,#8036,.T.);
#8039=ORIENTED_EDGE('',*,*,#8038,.T.);
#8041=ORIENTED_EDGE('',*,*,#8040,.F.);
#8043=ORIENTED_EDGE('',*,*,#8042,.F.);
#8044=EDGE_LOOP('',(#7989,#7991,#7993,#7995,#7997,#7999,#8001,#8003,#8005,#8007,
#8009,#8011,#8013,#8015,#8017,#8019,#8021,#8023,#8025,#8027,#8029,#8031,#8033,
#8035,#8037,#8039,#8041,#8043));
#8045=FACE_OUTER_BOUND('',#8044,.F.);
#8047=ORIENTED_EDGE('',*,*,#8046,.T.);
#8049=ORIENTED_EDGE('',*,*,#8048,.T.);
#8050=EDGE_LOOP('',(#8047,#8049));
#8051=FACE_BOUND('',#8050,.F.);
#8053=ORIENTED_EDGE('',*,*,#8052,.T.);
#8055=ORIENTED_EDGE('',*,*,#8054,.T.);
#8056=EDGE_LOOP('',(#8053,#8055));
#8057=FACE_BOUND('',#8056,.F.);
#8059=CARTESIAN_POINT('',(0.E0,5.004E1,2.010000000001E0));
#8060=DIRECTION('',(-1.E0,0.E0,0.E0));
#8061=DIRECTION('',(0.E0,-1.E0,-1.382976518076E-14));
#8062=AXIS2_PLACEMENT_3D('',#8059,#8060,#8061);
#8063=CYLINDRICAL_SURFACE('',#8062,7.7E-1);
#8064=ORIENTED_EDGE('',*,*,#8052,.F.);
#8066=ORIENTED_EDGE('',*,*,#8065,.F.);
#8068=ORIENTED_EDGE('',*,*,#8067,.F.);
#8070=ORIENTED_EDGE('',*,*,#8069,.T.);
#8071=EDGE_LOOP('',(#8064,#8066,#8068,#8070));
#8072=FACE_OUTER_BOUND('',#8071,.F.);
#8074=CARTESIAN_POINT('',(0.E0,5.004E1,2.010000000001E0));
#8075=DIRECTION('',(-1.E0,0.E0,0.E0));
#8076=DIRECTION('',(0.E0,-1.E0,-1.382976518076E-14));
#8077=AXIS2_PLACEMENT_3D('',#8074,#8075,#8076);
#8078=CYLINDRICAL_SURFACE('',#8077,7.7E-1);
#8079=ORIENTED_EDGE('',*,*,#8054,.F.);
#8080=ORIENTED_EDGE('',*,*,#8069,.F.);
#8082=ORIENTED_EDGE('',*,*,#8081,.F.);
#8083=ORIENTED_EDGE('',*,*,#8065,.T.);
#8084=EDGE_LOOP('',(#8079,#8080,#8082,#8083));
#8085=FACE_OUTER_BOUND('',#8084,.F.);
#8087=CARTESIAN_POINT('',(2.E0,1.15E1,2.99E0));
#8088=DIRECTION('',(-1.E0,0.E0,0.E0));
#8089=DIRECTION('',(0.E0,-1.E0,-1.382976518076E-14));
#8090=AXIS2_PLACEMENT_3D('',#8087,#8088,#8089);
#8091=PLANE('',#8090);
#8092=ORIENTED_EDGE('',*,*,#8067,.T.);
#8093=ORIENTED_EDGE('',*,*,#8081,.T.);
#8094=EDGE_LOOP('',(#8092,#8093));
#8095=FACE_OUTER_BOUND('',#8094,.F.);
#8097=CARTESIAN_POINT('',(0.E0,9.5E0,2.01E0));
#8098=DIRECTION('',(-1.E0,0.E0,0.E0));
#8099=DIRECTION('',(0.E0,-1.E0,-1.382976518076E-14));
#8100=AXIS2_PLACEMENT_3D('',#8097,#8098,#8099);
#8101=CYLINDRICAL_SURFACE('',#8100,7.7E-1);
#8102=ORIENTED_EDGE('',*,*,#8046,.F.);
#8104=ORIENTED_EDGE('',*,*,#8103,.F.);
#8106=ORIENTED_EDGE('',*,*,#8105,.F.);
#8108=ORIENTED_EDGE('',*,*,#8107,.T.);
#8109=EDGE_LOOP('',(#8102,#8104,#8106,#8108));
#8110=FACE_OUTER_BOUND('',#8109,.F.);
#8112=CARTESIAN_POINT('',(0.E0,9.5E0,2.01E0));
#8113=DIRECTION('',(-1.E0,0.E0,0.E0));
#8114=DIRECTION('',(0.E0,-1.E0,-1.382976518076E-14));
#8115=AXIS2_PLACEMENT_3D('',#8112,#8113,#8114);
#8116=CYLINDRICAL_SURFACE('',#8115,7.7E-1);
#8117=ORIENTED_EDGE('',*,*,#8048,.F.);
#8118=ORIENTED_EDGE('',*,*,#8107,.F.);
#8120=ORIENTED_EDGE('',*,*,#8119,.F.);
#8121=ORIENTED_EDGE('',*,*,#8103,.T.);
#8122=EDGE_LOOP('',(#8117,#8118,#8120,#8121));
#8123=FACE_OUTER_BOUND('',#8122,.F.);
#8125=CARTESIAN_POINT('',(2.E0,1.15E1,2.99E0));
#8126=DIRECTION('',(-1.E0,0.E0,0.E0));
#8127=DIRECTION('',(0.E0,-1.E0,-1.382976518076E-14));
#8128=AXIS2_PLACEMENT_3D('',#8125,#8126,#8127);
#8129=PLANE('',#8128);
#8130=ORIENTED_EDGE('',*,*,#8105,.T.);
#8131=ORIENTED_EDGE('',*,*,#8119,.T.);
#8132=EDGE_LOOP('',(#8130,#8131));
#8133=FACE_OUTER_BOUND('',#8132,.F.);
#8135=CARTESIAN_POINT('',(0.E0,5.7796632E1,-2.305673993677E-1));
#8136=DIRECTION('',(0.E0,-1.E0,0.E0));
#8137=DIRECTION('',(0.E0,0.E0,1.E0));
#8138=AXIS2_PLACEMENT_3D('',#8135,#8136,#8137);
#8139=PLANE('',#8138);
#8140=ORIENTED_EDGE('',*,*,#7988,.F.);
#8142=ORIENTED_EDGE('',*,*,#8141,.T.);
#8144=ORIENTED_EDGE('',*,*,#8143,.T.);
#8146=ORIENTED_EDGE('',*,*,#8145,.F.);
#8147=EDGE_LOOP('',(#8140,#8142,#8144,#8146));
#8148=FACE_OUTER_BOUND('',#8147,.F.);
#8150=CARTESIAN_POINT('',(0.E0,4.5490763E1,6.292744103575E-13));
#8151=DIRECTION('',(0.E0,1.784244760316E-14,-1.E0));
#8152=DIRECTION('',(0.E0,1.E0,1.784244760316E-14));
#8153=AXIS2_PLACEMENT_3D('',#8150,#8151,#8152);
#8154=PLANE('',#8153);
#8156=ORIENTED_EDGE('',*,*,#8155,.T.);
#8158=ORIENTED_EDGE('',*,*,#8157,.T.);
#8160=ORIENTED_EDGE('',*,*,#8159,.F.);
#8161=ORIENTED_EDGE('',*,*,#8141,.F.);
#8162=ORIENTED_EDGE('',*,*,#8042,.T.);
#8164=ORIENTED_EDGE('',*,*,#8163,.F.);
#8166=ORIENTED_EDGE('',*,*,#8165,.T.);
#8168=ORIENTED_EDGE('',*,*,#8167,.F.);
#8170=ORIENTED_EDGE('',*,*,#8169,.F.);
#8172=ORIENTED_EDGE('',*,*,#8171,.F.);
#8174=ORIENTED_EDGE('',*,*,#8173,.F.);
#8176=ORIENTED_EDGE('',*,*,#8175,.F.);
#8178=ORIENTED_EDGE('',*,*,#8177,.F.);
#8180=ORIENTED_EDGE('',*,*,#8179,.F.);
#8182=ORIENTED_EDGE('',*,*,#8181,.F.);
#8184=ORIENTED_EDGE('',*,*,#8183,.F.);
#8186=ORIENTED_EDGE('',*,*,#8185,.F.);
#8188=ORIENTED_EDGE('',*,*,#8187,.F.);
#8190=ORIENTED_EDGE('',*,*,#8189,.F.);
#8192=ORIENTED_EDGE('',*,*,#8191,.F.);
#8194=ORIENTED_EDGE('',*,*,#8193,.T.);
#8196=ORIENTED_EDGE('',*,*,#8195,.F.);
#8198=ORIENTED_EDGE('',*,*,#8197,.F.);
#8200=ORIENTED_EDGE('',*,*,#8199,.T.);
#8201=EDGE_LOOP('',(#8156,#8158,#8160,#8161,#8162,#8164,#8166,#8168,#8170,#8172,
#8174,#8176,#8178,#8180,#8182,#8184,#8186,#8188,#8190,#8192,#8194,#8196,#8198,
#8200));
#8202=FACE_OUTER_BOUND('',#8201,.F.);
#8204=ORIENTED_EDGE('',*,*,#8203,.F.);
#8206=ORIENTED_EDGE('',*,*,#8205,.F.);
#8208=ORIENTED_EDGE('',*,*,#8207,.F.);
#8210=ORIENTED_EDGE('',*,*,#8209,.F.);
#8211=EDGE_LOOP('',(#8204,#8206,#8208,#8210));
#8212=FACE_BOUND('',#8211,.F.);
#8214=ORIENTED_EDGE('',*,*,#8213,.F.);
#8216=ORIENTED_EDGE('',*,*,#8215,.F.);
#8218=ORIENTED_EDGE('',*,*,#8217,.F.);
#8220=ORIENTED_EDGE('',*,*,#8219,.F.);
#8221=EDGE_LOOP('',(#8214,#8216,#8218,#8220));
#8222=FACE_BOUND('',#8221,.F.);
#8224=ORIENTED_EDGE('',*,*,#8223,.T.);
#8226=ORIENTED_EDGE('',*,*,#8225,.T.);
#8228=ORIENTED_EDGE('',*,*,#8227,.T.);
#8230=ORIENTED_EDGE('',*,*,#8229,.T.);
#8231=EDGE_LOOP('',(#8224,#8226,#8228,#8230));
#8232=FACE_BOUND('',#8231,.F.);
#8234=CARTESIAN_POINT('',(2.25E1,5.4E1,7.469580509678E-13));
#8235=DIRECTION('',(0.E0,1.382976518076E-14,-1.E0));
#8236=DIRECTION('',(-1.E0,0.E0,0.E0));
#8237=AXIS2_PLACEMENT_3D('',#8234,#8235,#8236);
#8238=CYLINDRICAL_SURFACE('',#8237,1.5E0);
#8240=ORIENTED_EDGE('',*,*,#8239,.F.);
#8242=ORIENTED_EDGE('',*,*,#8241,.F.);
#8244=ORIENTED_EDGE('',*,*,#8243,.F.);
#8245=ORIENTED_EDGE('',*,*,#8225,.F.);
#8246=ORIENTED_EDGE('',*,*,#8223,.F.);
#8248=ORIENTED_EDGE('',*,*,#8247,.T.);
#8249=EDGE_LOOP('',(#8240,#8242,#8244,#8245,#8246,#8248));
#8250=FACE_OUTER_BOUND('',#8249,.F.);
#8252=CARTESIAN_POINT('',(0.E0,5.7996632E1,6.936011520383E0));
#8253=DIRECTION('',(0.E0,5.129696375403E-2,9.986834440951E-1));
#8254=DIRECTION('',(0.E0,-9.986834440951E-1,5.129696375403E-2));
#8255=AXIS2_PLACEMENT_3D('',#8252,#8253,#8254);
#8256=PLANE('',#8255);
#8258=ORIENTED_EDGE('',*,*,#8257,.T.);
#8260=ORIENTED_EDGE('',*,*,#8259,.F.);
#8262=ORIENTED_EDGE('',*,*,#8261,.T.);
#8264=ORIENTED_EDGE('',*,*,#8263,.F.);
#8266=ORIENTED_EDGE('',*,*,#8265,.F.);
#8268=ORIENTED_EDGE('',*,*,#8267,.F.);
#8269=EDGE_LOOP('',(#8258,#8260,#8262,#8264,#8266,#8268));
#8270=FACE_OUTER_BOUND('',#8269,.F.);
#8272=ORIENTED_EDGE('',*,*,#8271,.T.);
#8274=ORIENTED_EDGE('',*,*,#8273,.T.);
#8276=ORIENTED_EDGE('',*,*,#8275,.T.);
#8278=ORIENTED_EDGE('',*,*,#8277,.T.);
#8279=EDGE_LOOP('',(#8272,#8274,#8276,#8278));
#8280=FACE_BOUND('',#8279,.F.);
#8281=ORIENTED_EDGE('',*,*,#8241,.T.);
#8282=ORIENTED_EDGE('',*,*,#8239,.T.);
#8284=ORIENTED_EDGE('',*,*,#8283,.T.);
#8286=ORIENTED_EDGE('',*,*,#8285,.T.);
#8287=EDGE_LOOP('',(#8281,#8282,#8284,#8286));
#8288=FACE_BOUND('',#8287,.F.);
#8290=ORIENTED_EDGE('',*,*,#8289,.T.);
#8292=ORIENTED_EDGE('',*,*,#8291,.T.);
#8294=ORIENTED_EDGE('',*,*,#8293,.T.);
#8296=ORIENTED_EDGE('',*,*,#8295,.T.);
#8297=EDGE_LOOP('',(#8290,#8292,#8294,#8296));
#8298=FACE_BOUND('',#8297,.F.);
#8300=ORIENTED_EDGE('',*,*,#8299,.T.);
#8302=ORIENTED_EDGE('',*,*,#8301,.T.);
#8304=ORIENTED_EDGE('',*,*,#8303,.T.);
#8306=ORIENTED_EDGE('',*,*,#8305,.T.);
#8308=ORIENTED_EDGE('',*,*,#8307,.T.);
#8310=ORIENTED_EDGE('',*,*,#8309,.T.);
#8311=EDGE_LOOP('',(#8300,#8302,#8304,#8306,#8308,#8310));
#8312=FACE_BOUND('',#8311,.F.);
#8314=ORIENTED_EDGE('',*,*,#8313,.T.);
#8316=ORIENTED_EDGE('',*,*,#8315,.F.);
#8318=ORIENTED_EDGE('',*,*,#8317,.T.);
#8320=ORIENTED_EDGE('',*,*,#8319,.F.);
#8321=EDGE_LOOP('',(#8314,#8316,#8318,#8320));
#8322=FACE_BOUND('',#8321,.F.);
#8324=CARTESIAN_POINT('',(3.912117758801E1,5.391969165090E1,
7.456257833383E-13));
#8325=DIRECTION('',(0.E0,1.382976518076E-14,-1.E0));
#8326=DIRECTION('',(-1.E0,0.E0,0.E0));
#8327=AXIS2_PLACEMENT_3D('',#8324,#8325,#8326);
#8328=CYLINDRICAL_SURFACE('',#8327,2.04E0);
#8330=ORIENTED_EDGE('',*,*,#8329,.F.);
#8332=ORIENTED_EDGE('',*,*,#8331,.T.);
#8333=ORIENTED_EDGE('',*,*,#8313,.F.);
#8335=ORIENTED_EDGE('',*,*,#8334,.T.);
#8336=EDGE_LOOP('',(#8330,#8332,#8333,#8335));
#8337=FACE_OUTER_BOUND('',#8336,.F.);
#8339=CARTESIAN_POINT('',(2.25E1,1.15E1,3.6E0));
#8340=DIRECTION('',(0.E0,1.382976518076E-14,-1.E0));
#8341=DIRECTION('',(-1.E0,0.E0,0.E0));
#8342=AXIS2_PLACEMENT_3D('',#8339,#8340,#8341);
#8343=PLANE('',#8342);
#8345=ORIENTED_EDGE('',*,*,#8344,.T.);
#8347=ORIENTED_EDGE('',*,*,#8346,.T.);
#8349=ORIENTED_EDGE('',*,*,#8348,.T.);
#8351=ORIENTED_EDGE('',*,*,#8350,.T.);
#8352=EDGE_LOOP('',(#8345,#8347,#8349,#8351));
#8353=FACE_OUTER_BOUND('',#8352,.F.);
#8354=ORIENTED_EDGE('',*,*,#8329,.T.);
#8356=ORIENTED_EDGE('',*,*,#8355,.F.);
#8358=ORIENTED_EDGE('',*,*,#8357,.T.);
#8360=ORIENTED_EDGE('',*,*,#8359,.F.);
#8361=EDGE_LOOP('',(#8354,#8356,#8358,#8360));
#8362=FACE_BOUND('',#8361,.F.);
#8364=CARTESIAN_POINT('',(4.381266301447E1,5.099406718451E1,
7.052136652419E-13));
#8365=DIRECTION('',(0.E0,-1.E0,-1.382976518076E-14));
#8366=DIRECTION('',(-1.E0,0.E0,0.E0));
#8367=AXIS2_PLACEMENT_3D('',#8364,#8365,#8366);
#8368=PLANE('',#8367);
#8369=ORIENTED_EDGE('',*,*,#8203,.T.);
#8371=ORIENTED_EDGE('',*,*,#8370,.F.);
#8372=ORIENTED_EDGE('',*,*,#8344,.F.);
#8374=ORIENTED_EDGE('',*,*,#8373,.T.);
#8375=EDGE_LOOP('',(#8369,#8371,#8372,#8374));
#8376=FACE_OUTER_BOUND('',#8375,.F.);
#8378=CARTESIAN_POINT('',(4.381266301447E1,5.699406718451E1,
7.882583474839E-13));
#8379=DIRECTION('',(1.E0,0.E0,0.E0));
#8380=DIRECTION('',(0.E0,-1.E0,-1.382976518076E-14));
#8381=AXIS2_PLACEMENT_3D('',#8378,#8379,#8380);
#8382=PLANE('',#8381);
#8383=ORIENTED_EDGE('',*,*,#8209,.T.);
#8385=ORIENTED_EDGE('',*,*,#8384,.F.);
#8386=ORIENTED_EDGE('',*,*,#8346,.F.);
#8387=ORIENTED_EDGE('',*,*,#8370,.T.);
#8388=EDGE_LOOP('',(#8383,#8385,#8386,#8387));
#8389=FACE_OUTER_BOUND('',#8388,.F.);
#8391=CARTESIAN_POINT('',(3.681266301447E1,5.699406718451E1,
7.882583474839E-13));
#8392=DIRECTION('',(0.E0,1.E0,1.382976518076E-14));
#8393=DIRECTION('',(1.E0,0.E0,0.E0));
#8394=AXIS2_PLACEMENT_3D('',#8391,#8392,#8393);
#8395=PLANE('',#8394);
#8396=ORIENTED_EDGE('',*,*,#8207,.T.);
#8398=ORIENTED_EDGE('',*,*,#8397,.F.);
#8399=ORIENTED_EDGE('',*,*,#8348,.F.);
#8400=ORIENTED_EDGE('',*,*,#8384,.T.);
#8401=EDGE_LOOP('',(#8396,#8398,#8399,#8400));
#8402=FACE_OUTER_BOUND('',#8401,.F.);
#8404=CARTESIAN_POINT('',(3.681266301447E1,5.099406718451E1,
7.052136652419E-13));
#8405=DIRECTION('',(-1.E0,0.E0,0.E0));
#8406=DIRECTION('',(0.E0,1.E0,1.382976518076E-14));
#8407=AXIS2_PLACEMENT_3D('',#8404,#8405,#8406);
#8408=PLANE('',#8407);
#8409=ORIENTED_EDGE('',*,*,#8205,.T.);
#8410=ORIENTED_EDGE('',*,*,#8373,.F.);
#8411=ORIENTED_EDGE('',*,*,#8350,.F.);
#8412=ORIENTED_EDGE('',*,*,#8397,.T.);
#8413=EDGE_LOOP('',(#8409,#8410,#8411,#8412));
#8414=FACE_OUTER_BOUND('',#8413,.F.);
#8416=CARTESIAN_POINT('',(4.081617758801E1,5.505484582545E1,
7.611689056830E-13));
#8417=DIRECTION('',(1.E0,0.E0,0.E0));
#8418=DIRECTION('',(0.E0,-1.E0,-1.382976518076E-14));
#8419=AXIS2_PLACEMENT_3D('',#8416,#8417,#8418);
#8420=PLANE('',#8419);
#8421=ORIENTED_EDGE('',*,*,#8355,.T.);
#8422=ORIENTED_EDGE('',*,*,#8334,.F.);
#8423=ORIENTED_EDGE('',*,*,#8319,.T.);
#8425=ORIENTED_EDGE('',*,*,#8424,.F.);
#8426=EDGE_LOOP('',(#8421,#8422,#8423,#8425));
#8427=FACE_OUTER_BOUND('',#8426,.F.);
#8429=CARTESIAN_POINT('',(3.912117758801E1,5.349E1,7.398526236102E-13));
#8430=DIRECTION('',(0.E0,1.382976518076E-14,-1.E0));
#8431=DIRECTION('',(-1.E0,0.E0,0.E0));
#8432=AXIS2_PLACEMENT_3D('',#8429,#8430,#8431);
#8433=CYLINDRICAL_SURFACE('',#8432,2.04E0);
#8434=ORIENTED_EDGE('',*,*,#8357,.F.);
#8435=ORIENTED_EDGE('',*,*,#8424,.T.);
#8436=ORIENTED_EDGE('',*,*,#8317,.F.);
#8438=ORIENTED_EDGE('',*,*,#8437,.T.);
#8439=EDGE_LOOP('',(#8434,#8435,#8436,#8438));
#8440=FACE_OUTER_BOUND('',#8439,.F.);
#8442=CARTESIAN_POINT('',(3.742617758801E1,5.235484582545E1,
7.238654120556E-13));
#8443=DIRECTION('',(-1.E0,0.E0,0.E0));
#8444=DIRECTION('',(0.E0,1.E0,1.382976518076E-14));
#8445=AXIS2_PLACEMENT_3D('',#8442,#8443,#8444);
#8446=PLANE('',#8445);
#8447=ORIENTED_EDGE('',*,*,#8359,.T.);
#8448=ORIENTED_EDGE('',*,*,#8437,.F.);
#8449=ORIENTED_EDGE('',*,*,#8315,.T.);
#8450=ORIENTED_EDGE('',*,*,#8331,.F.);
#8451=EDGE_LOOP('',(#8447,#8448,#8449,#8450));
#8452=FACE_OUTER_BOUND('',#8451,.F.);
#8454=CARTESIAN_POINT('',(3.116617758801E1,5.4E1,7.469580509678E-13));
#8455=DIRECTION('',(0.E0,1.382976518076E-14,-1.E0));
#8456=DIRECTION('',(-1.E0,0.E0,0.E0));
#8457=AXIS2_PLACEMENT_3D('',#8454,#8455,#8456);
#8458=CYLINDRICAL_SURFACE('',#8457,1.5E0);
#8460=ORIENTED_EDGE('',*,*,#8459,.F.);
#8462=ORIENTED_EDGE('',*,*,#8461,.F.);
#8464=ORIENTED_EDGE('',*,*,#8463,.T.);
#8465=ORIENTED_EDGE('',*,*,#8273,.F.);
#8466=ORIENTED_EDGE('',*,*,#8271,.F.);
#8468=ORIENTED_EDGE('',*,*,#8467,.F.);
#8469=EDGE_LOOP('',(#8460,#8462,#8464,#8465,#8466,#8468));
#8470=FACE_OUTER_BOUND('',#8469,.F.);
#8472=CARTESIAN_POINT('',(2.25E1,1.15E1,6.E0));
#8473=DIRECTION('',(0.E0,1.382976518076E-14,-1.E0));
#8474=DIRECTION('',(-1.E0,0.E0,0.E0));
#8475=AXIS2_PLACEMENT_3D('',#8472,#8473,#8474);
#8476=PLANE('',#8475);
#8478=ORIENTED_EDGE('',*,*,#8477,.T.);
#8480=ORIENTED_EDGE('',*,*,#8479,.T.);
#8482=ORIENTED_EDGE('',*,*,#8481,.T.);
#8484=ORIENTED_EDGE('',*,*,#8483,.T.);
#8485=EDGE_LOOP('',(#8478,#8480,#8482,#8484));
#8486=FACE_OUTER_BOUND('',#8485,.F.);
#8487=ORIENTED_EDGE('',*,*,#8461,.T.);
#8488=ORIENTED_EDGE('',*,*,#8459,.T.);
#8490=ORIENTED_EDGE('',*,*,#8489,.T.);
#8492=ORIENTED_EDGE('',*,*,#8491,.T.);
#8493=EDGE_LOOP('',(#8487,#8488,#8490,#8492));
#8494=FACE_BOUND('',#8493,.F.);
#8496=CARTESIAN_POINT('',(3.55E1,4.99E1,6.901146321070E-13));
#8497=DIRECTION('',(0.E0,-1.E0,-1.382976518076E-14));
#8498=DIRECTION('',(-1.E0,0.E0,0.E0));
#8499=AXIS2_PLACEMENT_3D('',#8496,#8497,#8498);
#8500=PLANE('',#8499);
#8502=ORIENTED_EDGE('',*,*,#8501,.T.);
#8504=ORIENTED_EDGE('',*,*,#8503,.F.);
#8505=ORIENTED_EDGE('',*,*,#8477,.F.);
#8507=ORIENTED_EDGE('',*,*,#8506,.T.);
#8508=EDGE_LOOP('',(#8502,#8504,#8505,#8507));
#8509=FACE_OUTER_BOUND('',#8508,.F.);
#8511=CARTESIAN_POINT('',(2.25E1,1.15E1,3.6E0));
#8512=DIRECTION('',(0.E0,1.382976518076E-14,-1.E0));
#8513=DIRECTION('',(-1.E0,0.E0,0.E0));
#8514=AXIS2_PLACEMENT_3D('',#8511,#8512,#8513);
#8515=PLANE('',#8514);
#8517=ORIENTED_EDGE('',*,*,#8516,.F.);
#8519=ORIENTED_EDGE('',*,*,#8518,.T.);
#8521=ORIENTED_EDGE('',*,*,#8520,.T.);
#8523=ORIENTED_EDGE('',*,*,#8522,.F.);
#8524=ORIENTED_EDGE('',*,*,#8501,.F.);
#8526=ORIENTED_EDGE('',*,*,#8525,.F.);
#8528=ORIENTED_EDGE('',*,*,#8527,.T.);
#8530=ORIENTED_EDGE('',*,*,#8529,.F.);
#8532=ORIENTED_EDGE('',*,*,#8531,.F.);
#8534=ORIENTED_EDGE('',*,*,#8533,.F.);
#8536=ORIENTED_EDGE('',*,*,#8535,.T.);
#8538=ORIENTED_EDGE('',*,*,#8537,.T.);
#8539=EDGE_LOOP('',(#8517,#8519,#8521,#8523,#8524,#8526,#8528,#8530,#8532,#8534,
#8536,#8538));
#8540=FACE_OUTER_BOUND('',#8539,.F.);
#8542=CARTESIAN_POINT('',(0.E0,4.749152150630E1,3.220380307537E0));
#8543=DIRECTION('',(1.E0,0.E0,0.E0));
#8544=DIRECTION('',(0.E0,1.382976518076E-14,-1.E0));
#8545=AXIS2_PLACEMENT_3D('',#8542,#8543,#8544);
#8546=CYLINDRICAL_SURFACE('',#8545,1.015450203657E0);
#8547=ORIENTED_EDGE('',*,*,#8516,.T.);
#8549=ORIENTED_EDGE('',*,*,#8548,.F.);
#8551=ORIENTED_EDGE('',*,*,#8550,.T.);
#8552=ORIENTED_EDGE('',*,*,#8034,.F.);
#8553=ORIENTED_EDGE('',*,*,#8032,.F.);
#8555=ORIENTED_EDGE('',*,*,#8554,.T.);
#8557=ORIENTED_EDGE('',*,*,#8556,.F.);
#8559=ORIENTED_EDGE('',*,*,#8558,.F.);
#8561=ORIENTED_EDGE('',*,*,#8560,.T.);
#8563=ORIENTED_EDGE('',*,*,#8562,.F.);
#8564=EDGE_LOOP('',(#8547,#8549,#8551,#8552,#8553,#8555,#8557,#8559,#8561,
#8563));
#8565=FACE_OUTER_BOUND('',#8564,.F.);
#8567=CARTESIAN_POINT('',(6.498425712997E0,4.800000061969E1,
6.639133687258E-13));
#8568=DIRECTION('',(-9.999996902025E-1,7.871435017055E-4,0.E0));
#8569=DIRECTION('',(7.871435017055E-4,9.999996902025E-1,1.382976089634E-14));
#8570=AXIS2_PLACEMENT_3D('',#8567,#8568,#8569);
#8571=PLANE('',#8570);
#8572=ORIENTED_EDGE('',*,*,#8548,.T.);
#8573=ORIENTED_EDGE('',*,*,#8537,.F.);
#8575=ORIENTED_EDGE('',*,*,#8574,.T.);
#8576=ORIENTED_EDGE('',*,*,#8169,.T.);
#8578=ORIENTED_EDGE('',*,*,#8577,.F.);
#8580=ORIENTED_EDGE('',*,*,#8579,.F.);
#8581=EDGE_LOOP('',(#8572,#8573,#8575,#8576,#8578,#8580));
#8582=FACE_OUTER_BOUND('',#8581,.F.);
#8584=CARTESIAN_POINT('',(6.5E0,5.000000000009E1,6.914468997365E-13));
#8585=DIRECTION('',(1.749635212723E-4,9.999999846939E-1,1.382976496908E-14));
#8586=DIRECTION('',(9.999999846939E-1,-1.749635212723E-4,0.E0));
#8587=AXIS2_PLACEMENT_3D('',#8584,#8585,#8586);
#8588=PLANE('',#8587);
#8589=ORIENTED_EDGE('',*,*,#8171,.T.);
#8590=ORIENTED_EDGE('',*,*,#8574,.F.);
#8591=ORIENTED_EDGE('',*,*,#8535,.F.);
#8593=ORIENTED_EDGE('',*,*,#8592,.T.);
#8594=EDGE_LOOP('',(#8589,#8590,#8591,#8593));
#8595=FACE_OUTER_BOUND('',#8594,.F.);
#8597=CARTESIAN_POINT('',(9.5E0,4.99E1,6.901146321070E-13));
#8598=DIRECTION('',(-1.E0,0.E0,0.E0));
#8599=DIRECTION('',(0.E0,1.E0,1.382976518076E-14));
#8600=AXIS2_PLACEMENT_3D('',#8597,#8598,#8599);
#8601=PLANE('',#8600);
#8602=ORIENTED_EDGE('',*,*,#8533,.T.);
#8604=ORIENTED_EDGE('',*,*,#8603,.F.);
#8606=ORIENTED_EDGE('',*,*,#8605,.F.);
#8608=ORIENTED_EDGE('',*,*,#8607,.T.);
#8609=ORIENTED_EDGE('',*,*,#8173,.T.);
#8610=ORIENTED_EDGE('',*,*,#8592,.F.);
#8611=EDGE_LOOP('',(#8602,#8604,#8606,#8608,#8609,#8610));
#8612=FACE_OUTER_BOUND('',#8611,.F.);
#8614=CARTESIAN_POINT('',(1.85E1,4.99E1,6.901146321070E-13));
#8615=DIRECTION('',(0.E0,-1.E0,-1.382976518076E-14));
#8616=DIRECTION('',(-1.E0,0.E0,0.E0));
#8617=AXIS2_PLACEMENT_3D('',#8614,#8615,#8616);
#8618=PLANE('',#8617);
#8619=ORIENTED_EDGE('',*,*,#8531,.T.);
#8621=ORIENTED_EDGE('',*,*,#8620,.F.);
#8623=ORIENTED_EDGE('',*,*,#8622,.F.);
#8624=ORIENTED_EDGE('',*,*,#8603,.T.);
#8625=EDGE_LOOP('',(#8619,#8621,#8623,#8624));
#8626=FACE_OUTER_BOUND('',#8625,.F.);
#8628=CARTESIAN_POINT('',(1.85E1,5.7E1,7.882583474839E-13));
#8629=DIRECTION('',(1.E0,0.E0,0.E0));
#8630=DIRECTION('',(0.E0,-1.E0,-1.382976518076E-14));
#8631=AXIS2_PLACEMENT_3D('',#8628,#8629,#8630);
#8632=PLANE('',#8631);
#8633=ORIENTED_EDGE('',*,*,#8529,.T.);
#8635=ORIENTED_EDGE('',*,*,#8634,.T.);
#8636=ORIENTED_EDGE('',*,*,#8177,.T.);
#8638=ORIENTED_EDGE('',*,*,#8637,.F.);
#8640=ORIENTED_EDGE('',*,*,#8639,.F.);
#8641=ORIENTED_EDGE('',*,*,#8620,.T.);
#8642=EDGE_LOOP('',(#8633,#8635,#8636,#8638,#8640,#8641));
#8643=FACE_OUTER_BOUND('',#8642,.F.);
#8645=CARTESIAN_POINT('',(6.5E0,5.000000000009E1,6.914468997365E-13));
#8646=DIRECTION('',(1.749635212723E-4,9.999999846939E-1,1.382976496908E-14));
#8647=DIRECTION('',(9.999999846939E-1,-1.749635212723E-4,0.E0));
#8648=AXIS2_PLACEMENT_3D('',#8645,#8646,#8647);
#8649=PLANE('',#8648);
#8650=ORIENTED_EDGE('',*,*,#8179,.T.);
#8651=ORIENTED_EDGE('',*,*,#8634,.F.);
#8652=ORIENTED_EDGE('',*,*,#8527,.F.);
#8654=ORIENTED_EDGE('',*,*,#8653,.T.);
#8655=EDGE_LOOP('',(#8650,#8651,#8652,#8654));
#8656=FACE_OUTER_BOUND('',#8655,.F.);
#8658=CARTESIAN_POINT('',(2.65E1,4.99E1,6.901146321070E-13));
#8659=DIRECTION('',(-1.E0,0.E0,0.E0));
#8660=DIRECTION('',(0.E0,1.E0,1.382976518076E-14));
#8661=AXIS2_PLACEMENT_3D('',#8658,#8659,#8660);
#8662=PLANE('',#8661);
#8663=ORIENTED_EDGE('',*,*,#8525,.T.);
#8664=ORIENTED_EDGE('',*,*,#8506,.F.);
#8665=ORIENTED_EDGE('',*,*,#8483,.F.);
#8667=ORIENTED_EDGE('',*,*,#8666,.T.);
#8668=ORIENTED_EDGE('',*,*,#8181,.T.);
#8669=ORIENTED_EDGE('',*,*,#8653,.F.);
#8670=EDGE_LOOP('',(#8663,#8664,#8665,#8667,#8668,#8669));
#8671=FACE_OUTER_BOUND('',#8670,.F.);
#8673=CARTESIAN_POINT('',(2.65E1,5.7E1,7.882583474839E-13));
#8674=DIRECTION('',(0.E0,1.E0,1.382976518076E-14));
#8675=DIRECTION('',(1.E0,0.E0,0.E0));
#8676=AXIS2_PLACEMENT_3D('',#8673,#8674,#8675);
#8677=PLANE('',#8676);
#8678=ORIENTED_EDGE('',*,*,#8183,.T.);
#8679=ORIENTED_EDGE('',*,*,#8666,.F.);
#8680=ORIENTED_EDGE('',*,*,#8481,.F.);
#8682=ORIENTED_EDGE('',*,*,#8681,.T.);
#8683=EDGE_LOOP('',(#8678,#8679,#8680,#8682));
#8684=FACE_OUTER_BOUND('',#8683,.F.);
#8686=CARTESIAN_POINT('',(3.55E1,5.7E1,7.882583474839E-13));
#8687=DIRECTION('',(1.E0,0.E0,0.E0));
#8688=DIRECTION('',(0.E0,-1.E0,-1.382976518076E-14));
#8689=AXIS2_PLACEMENT_3D('',#8686,#8687,#8688);
#8690=PLANE('',#8689);
#8691=ORIENTED_EDGE('',*,*,#8522,.T.);
#8693=ORIENTED_EDGE('',*,*,#8692,.T.);
#8694=ORIENTED_EDGE('',*,*,#8185,.T.);
#8695=ORIENTED_EDGE('',*,*,#8681,.F.);
#8696=ORIENTED_EDGE('',*,*,#8479,.F.);
#8697=ORIENTED_EDGE('',*,*,#8503,.T.);
#8698=EDGE_LOOP('',(#8691,#8693,#8694,#8695,#8696,#8697));
#8699=FACE_OUTER_BOUND('',#8698,.F.);
#8701=CARTESIAN_POINT('',(6.5E0,5.000000000009E1,6.914468997365E-13));
#8702=DIRECTION('',(1.749635212723E-4,9.999999846939E-1,1.382976496908E-14));
#8703=DIRECTION('',(9.999999846939E-1,-1.749635212723E-4,0.E0));
#8704=AXIS2_PLACEMENT_3D('',#8701,#8702,#8703);
#8705=PLANE('',#8704);
#8706=ORIENTED_EDGE('',*,*,#8187,.T.);
#8707=ORIENTED_EDGE('',*,*,#8692,.F.);
#8708=ORIENTED_EDGE('',*,*,#8520,.F.);
#8710=ORIENTED_EDGE('',*,*,#8709,.T.);
#8711=EDGE_LOOP('',(#8706,#8707,#8708,#8710));
#8712=FACE_OUTER_BOUND('',#8711,.F.);
#8714=CARTESIAN_POINT('',(3.852038395873E1,4.999439760088E1,
6.914468997365E-13));
#8715=DIRECTION('',(9.999925483497E-1,-3.860472127194E-3,0.E0));
#8716=DIRECTION('',(-3.860472127194E-3,-9.999925483497E-1,-1.382966212619E-14));
#8717=AXIS2_PLACEMENT_3D('',#8714,#8715,#8716);
#8718=PLANE('',#8717);
#8719=ORIENTED_EDGE('',*,*,#8562,.T.);
#8721=ORIENTED_EDGE('',*,*,#8720,.T.);
#8723=ORIENTED_EDGE('',*,*,#8722,.T.);
#8724=ORIENTED_EDGE('',*,*,#8189,.T.);
#8725=ORIENTED_EDGE('',*,*,#8709,.F.);
#8726=ORIENTED_EDGE('',*,*,#8518,.F.);
#8727=EDGE_LOOP('',(#8719,#8721,#8723,#8724,#8725,#8726));
#8728=FACE_OUTER_BOUND('',#8727,.F.);
#8730=CARTESIAN_POINT('',(0.E0,4.745380052982E1,3.270065272045E0));
#8731=DIRECTION('',(1.E0,0.E0,0.E0));
#8732=DIRECTION('',(0.E0,1.382976518076E-14,-1.E0));
#8733=AXIS2_PLACEMENT_3D('',#8730,#8731,#8732);
#8734=CYLINDRICAL_SURFACE('',#8733,1.053987949281E0);
#8735=ORIENTED_EDGE('',*,*,#8720,.F.);
#8736=ORIENTED_EDGE('',*,*,#8560,.F.);
#8738=ORIENTED_EDGE('',*,*,#8737,.F.);
#8740=ORIENTED_EDGE('',*,*,#8739,.T.);
#8742=ORIENTED_EDGE('',*,*,#8741,.F.);
#8744=ORIENTED_EDGE('',*,*,#8743,.T.);
#8745=EDGE_LOOP('',(#8735,#8736,#8738,#8740,#8742,#8744));
#8746=FACE_OUTER_BOUND('',#8745,.F.);
#8748=CARTESIAN_POINT('',(4.5E1,1.15E1,2.99E0));
#8749=DIRECTION('',(1.E0,0.E0,0.E0));
#8750=DIRECTION('',(0.E0,1.382976518076E-14,-1.E0));
#8751=AXIS2_PLACEMENT_3D('',#8748,#8749,#8750);
#8752=PLANE('',#8751);
#8754=ORIENTED_EDGE('',*,*,#8753,.F.);
#8755=ORIENTED_EDGE('',*,*,#8197,.T.);
#8757=ORIENTED_EDGE('',*,*,#8756,.T.);
#8759=ORIENTED_EDGE('',*,*,#8758,.T.);
#8760=ORIENTED_EDGE('',*,*,#8737,.T.);
#8761=ORIENTED_EDGE('',*,*,#8558,.T.);
#8762=ORIENTED_EDGE('',*,*,#8556,.T.);
#8764=ORIENTED_EDGE('',*,*,#8763,.T.);
#8766=ORIENTED_EDGE('',*,*,#8765,.T.);
#8768=ORIENTED_EDGE('',*,*,#8767,.T.);
#8770=ORIENTED_EDGE('',*,*,#8769,.T.);
#8772=ORIENTED_EDGE('',*,*,#8771,.T.);
#8774=ORIENTED_EDGE('',*,*,#8773,.T.);
#8776=ORIENTED_EDGE('',*,*,#8775,.T.);
#8778=ORIENTED_EDGE('',*,*,#8777,.T.);
#8780=ORIENTED_EDGE('',*,*,#8779,.F.);
#8782=ORIENTED_EDGE('',*,*,#8781,.F.);
#8784=ORIENTED_EDGE('',*,*,#8783,.F.);
#8786=ORIENTED_EDGE('',*,*,#8785,.F.);
#8788=ORIENTED_EDGE('',*,*,#8787,.T.);
#8790=ORIENTED_EDGE('',*,*,#8789,.T.);
#8792=ORIENTED_EDGE('',*,*,#8791,.T.);
#8794=ORIENTED_EDGE('',*,*,#8793,.F.);
#8796=ORIENTED_EDGE('',*,*,#8795,.T.);
#8798=ORIENTED_EDGE('',*,*,#8797,.T.);
#8800=ORIENTED_EDGE('',*,*,#8799,.F.);
#8802=ORIENTED_EDGE('',*,*,#8801,.F.);
#8804=ORIENTED_EDGE('',*,*,#8803,.F.);
#8805=EDGE_LOOP('',(#8754,#8755,#8757,#8759,#8760,#8761,#8762,#8764,#8766,#8768,
#8770,#8772,#8774,#8776,#8778,#8780,#8782,#8784,#8786,#8788,#8790,#8792,#8794,
#8796,#8798,#8800,#8802,#8804));
#8806=FACE_OUTER_BOUND('',#8805,.F.);
#8808=ORIENTED_EDGE('',*,*,#8807,.T.);
#8810=ORIENTED_EDGE('',*,*,#8809,.T.);
#8811=EDGE_LOOP('',(#8808,#8810));
#8812=FACE_BOUND('',#8811,.F.);
#8814=ORIENTED_EDGE('',*,*,#8813,.T.);
#8816=ORIENTED_EDGE('',*,*,#8815,.T.);
#8817=EDGE_LOOP('',(#8814,#8816));
#8818=FACE_BOUND('',#8817,.F.);
#8820=CARTESIAN_POINT('',(4.5E1,9.5E0,2.01E0));
#8821=DIRECTION('',(1.E0,0.E0,0.E0));
#8822=DIRECTION('',(0.E0,1.E0,1.382976518076E-14));
#8823=AXIS2_PLACEMENT_3D('',#8820,#8821,#8822);
#8824=CYLINDRICAL_SURFACE('',#8823,7.7E-1);
#8825=ORIENTED_EDGE('',*,*,#8813,.F.);
#8827=ORIENTED_EDGE('',*,*,#8826,.F.);
#8829=ORIENTED_EDGE('',*,*,#8828,.F.);
#8831=ORIENTED_EDGE('',*,*,#8830,.T.);
#8832=EDGE_LOOP('',(#8825,#8827,#8829,#8831));
#8833=FACE_OUTER_BOUND('',#8832,.F.);
#8835=CARTESIAN_POINT('',(4.5E1,9.5E0,2.01E0));
#8836=DIRECTION('',(1.E0,0.E0,0.E0));
#8837=DIRECTION('',(0.E0,1.E0,1.382976518076E-14));
#8838=AXIS2_PLACEMENT_3D('',#8835,#8836,#8837);
#8839=CYLINDRICAL_SURFACE('',#8838,7.7E-1);
#8840=ORIENTED_EDGE('',*,*,#8815,.F.);
#8841=ORIENTED_EDGE('',*,*,#8830,.F.);
#8843=ORIENTED_EDGE('',*,*,#8842,.F.);
#8844=ORIENTED_EDGE('',*,*,#8826,.T.);
#8845=EDGE_LOOP('',(#8840,#8841,#8843,#8844));
#8846=FACE_OUTER_BOUND('',#8845,.F.);
#8848=CARTESIAN_POINT('',(4.3E1,1.15E1,2.99E0));
#8849=DIRECTION('',(1.E0,0.E0,0.E0));
#8850=DIRECTION('',(0.E0,1.E0,1.382976518076E-14));
#8851=AXIS2_PLACEMENT_3D('',#8848,#8849,#8850);
#8852=PLANE('',#8851);
#8853=ORIENTED_EDGE('',*,*,#8828,.T.);
#8854=ORIENTED_EDGE('',*,*,#8842,.T.);
#8855=EDGE_LOOP('',(#8853,#8854));
#8856=FACE_OUTER_BOUND('',#8855,.F.);
#8858=CARTESIAN_POINT('',(4.5E1,5.004E1,2.010000000001E0));
#8859=DIRECTION('',(1.E0,0.E0,0.E0));
#8860=DIRECTION('',(0.E0,1.E0,1.382976518076E-14));
#8861=AXIS2_PLACEMENT_3D('',#8858,#8859,#8860);
#8862=CYLINDRICAL_SURFACE('',#8861,7.7E-1);
#8863=ORIENTED_EDGE('',*,*,#8807,.F.);
#8865=ORIENTED_EDGE('',*,*,#8864,.F.);
#8867=ORIENTED_EDGE('',*,*,#8866,.F.);
#8869=ORIENTED_EDGE('',*,*,#8868,.T.);
#8870=EDGE_LOOP('',(#8863,#8865,#8867,#8869));
#8871=FACE_OUTER_BOUND('',#8870,.F.);
#8873=CARTESIAN_POINT('',(4.5E1,5.004E1,2.010000000001E0));
#8874=DIRECTION('',(1.E0,0.E0,0.E0));
#8875=DIRECTION('',(0.E0,1.E0,1.382976518076E-14));
#8876=AXIS2_PLACEMENT_3D('',#8873,#8874,#8875);
#8877=CYLINDRICAL_SURFACE('',#8876,7.7E-1);
#8878=ORIENTED_EDGE('',*,*,#8809,.F.);
#8879=ORIENTED_EDGE('',*,*,#8868,.F.);
#8881=ORIENTED_EDGE('',*,*,#8880,.F.);
#8882=ORIENTED_EDGE('',*,*,#8864,.T.);
#8883=EDGE_LOOP('',(#8878,#8879,#8881,#8882));
#8884=FACE_OUTER_BOUND('',#8883,.F.);
#8886=CARTESIAN_POINT('',(4.3E1,1.15E1,2.99E0));
#8887=DIRECTION('',(1.E0,0.E0,0.E0));
#8888=DIRECTION('',(0.E0,1.E0,1.382976518076E-14));
#8889=AXIS2_PLACEMENT_3D('',#8886,#8887,#8888);
#8890=PLANE('',#8889);
#8891=ORIENTED_EDGE('',*,*,#8866,.T.);
#8892=ORIENTED_EDGE('',*,*,#8880,.T.);
#8893=EDGE_LOOP('',(#8891,#8892));
#8894=FACE_OUTER_BOUND('',#8893,.F.);
#8896=CARTESIAN_POINT('',(4.5E1,5.7796632E1,-2.305673993677E-1));
#8897=DIRECTION('',(0.E0,1.E0,0.E0));
#8898=DIRECTION('',(0.E0,0.E0,1.E0));
#8899=AXIS2_PLACEMENT_3D('',#8896,#8897,#8898);
#8900=PLANE('',#8899);
#8902=ORIENTED_EDGE('',*,*,#8901,.F.);
#8903=ORIENTED_EDGE('',*,*,#8199,.F.);
#8904=ORIENTED_EDGE('',*,*,#8753,.T.);
#8906=ORIENTED_EDGE('',*,*,#8905,.T.);
#8907=EDGE_LOOP('',(#8902,#8903,#8904,#8906));
#8908=FACE_OUTER_BOUND('',#8907,.F.);
#8910=CARTESIAN_POINT('',(4.36E1,0.E0,0.E0));
#8911=DIRECTION('',(-1.E0,0.E0,0.E0));
#8912=DIRECTION('',(0.E0,-1.E0,0.E0));
#8913=AXIS2_PLACEMENT_3D('',#8910,#8911,#8912);
#8914=PLANE('',#8913);
#8915=ORIENTED_EDGE('',*,*,#8901,.T.);
#8917=ORIENTED_EDGE('',*,*,#8916,.T.);
#8919=ORIENTED_EDGE('',*,*,#8918,.T.);
#8921=ORIENTED_EDGE('',*,*,#8920,.T.);
#8922=ORIENTED_EDGE('',*,*,#8257,.F.);
#8924=ORIENTED_EDGE('',*,*,#8923,.F.);
#8925=ORIENTED_EDGE('',*,*,#8155,.F.);
#8926=EDGE_LOOP('',(#8915,#8917,#8919,#8921,#8922,#8924,#8925));
#8927=FACE_OUTER_BOUND('',#8926,.F.);
#8929=CARTESIAN_POINT('',(4.36E1,0.E0,0.E0));
#8930=DIRECTION('',(-1.E0,0.E0,0.E0));
#8931=DIRECTION('',(0.E0,-1.E0,0.E0));
#8932=AXIS2_PLACEMENT_3D('',#8929,#8930,#8931);
#8933=PLANE('',#8932);
#8935=ORIENTED_EDGE('',*,*,#8934,.T.);
#8937=ORIENTED_EDGE('',*,*,#8936,.T.);
#8939=ORIENTED_EDGE('',*,*,#8938,.F.);
#8941=ORIENTED_EDGE('',*,*,#8940,.F.);
#8943=ORIENTED_EDGE('',*,*,#8942,.F.);
#8945=ORIENTED_EDGE('',*,*,#8944,.F.);
#8946=EDGE_LOOP('',(#8935,#8937,#8939,#8941,#8943,#8945));
#8947=FACE_OUTER_BOUND('',#8946,.F.);
#8949=CARTESIAN_POINT('',(4.36E1,0.E0,0.E0));
#8950=DIRECTION('',(-1.E0,0.E0,0.E0));
#8951=DIRECTION('',(0.E0,-1.E0,0.E0));
#8952=AXIS2_PLACEMENT_3D('',#8949,#8950,#8951);
#8953=PLANE('',#8952);
#8955=ORIENTED_EDGE('',*,*,#8954,.T.);
#8957=ORIENTED_EDGE('',*,*,#8956,.T.);
#8959=ORIENTED_EDGE('',*,*,#8958,.F.);
#8961=ORIENTED_EDGE('',*,*,#8960,.F.);
#8963=ORIENTED_EDGE('',*,*,#8962,.T.);
#8965=ORIENTED_EDGE('',*,*,#8964,.T.);
#8966=EDGE_LOOP('',(#8955,#8957,#8959,#8961,#8963,#8965));
#8967=FACE_OUTER_BOUND('',#8966,.F.);
#8969=CARTESIAN_POINT('',(4.36E1,0.E0,0.E0));
#8970=DIRECTION('',(-1.E0,0.E0,0.E0));
#8971=DIRECTION('',(0.E0,-1.E0,0.E0));
#8972=AXIS2_PLACEMENT_3D('',#8969,#8970,#8971);
#8973=PLANE('',#8972);
#8975=ORIENTED_EDGE('',*,*,#8974,.T.);
#8977=ORIENTED_EDGE('',*,*,#8976,.T.);
#8979=ORIENTED_EDGE('',*,*,#8978,.T.);
#8981=ORIENTED_EDGE('',*,*,#8980,.T.);
#8983=ORIENTED_EDGE('',*,*,#8982,.F.);
#8985=ORIENTED_EDGE('',*,*,#8984,.F.);
#8987=ORIENTED_EDGE('',*,*,#8986,.F.);
#8988=EDGE_LOOP('',(#8975,#8977,#8979,#8981,#8983,#8985,#8987));
#8989=FACE_OUTER_BOUND('',#8988,.F.);
#8991=CARTESIAN_POINT('',(4.5E1,5.7796632E1,6.746020779702E0));
#8992=DIRECTION('',(0.E0,5.129696375403E-2,9.986834440951E-1));
#8993=DIRECTION('',(0.E0,-9.986834440951E-1,5.129696375403E-2));
#8994=AXIS2_PLACEMENT_3D('',#8991,#8992,#8993);
#8995=PLANE('',#8994);
#8996=ORIENTED_EDGE('',*,*,#8905,.F.);
#8997=ORIENTED_EDGE('',*,*,#8803,.T.);
#8999=ORIENTED_EDGE('',*,*,#8998,.T.);
#9000=ORIENTED_EDGE('',*,*,#8916,.F.);
#9001=EDGE_LOOP('',(#8996,#8997,#8999,#9000));
#9002=FACE_OUTER_BOUND('',#9001,.F.);
#9004=CARTESIAN_POINT('',(4.5E1,5.100566E1,7.094836259320E0));
#9005=DIRECTION('',(0.E0,1.E0,0.E0));
#9006=DIRECTION('',(0.E0,0.E0,1.E0));
#9007=AXIS2_PLACEMENT_3D('',#9004,#9005,#9006);
#9008=PLANE('',#9007);
#9009=ORIENTED_EDGE('',*,*,#8918,.F.);
#9010=ORIENTED_EDGE('',*,*,#8998,.F.);
#9011=ORIENTED_EDGE('',*,*,#8801,.T.);
#9013=ORIENTED_EDGE('',*,*,#9012,.T.);
#9014=ORIENTED_EDGE('',*,*,#8934,.F.);
#9016=ORIENTED_EDGE('',*,*,#9015,.F.);
#9018=ORIENTED_EDGE('',*,*,#9017,.T.);
#9020=ORIENTED_EDGE('',*,*,#9019,.T.);
#9021=EDGE_LOOP('',(#9009,#9010,#9011,#9013,#9014,#9016,#9018,#9020));
#9022=FACE_OUTER_BOUND('',#9021,.F.);
#9024=CARTESIAN_POINT('',(4.5E1,5.100566E1,3.373814585559E1));
#9025=DIRECTION('',(0.E0,5.174199500267E-2,-9.986604858275E-1));
#9026=DIRECTION('',(0.E0,9.986604858275E-1,5.174199500267E-2));
#9027=AXIS2_PLACEMENT_3D('',#9024,#9025,#9026);
#9028=PLANE('',#9027);
#9029=ORIENTED_EDGE('',*,*,#9012,.F.);
#9030=ORIENTED_EDGE('',*,*,#8799,.T.);
#9032=ORIENTED_EDGE('',*,*,#9031,.T.);
#9034=ORIENTED_EDGE('',*,*,#9033,.F.);
#9036=ORIENTED_EDGE('',*,*,#9035,.T.);
#9037=ORIENTED_EDGE('',*,*,#8936,.F.);
#9038=EDGE_LOOP('',(#9029,#9030,#9032,#9034,#9036,#9037));
#9039=FACE_OUTER_BOUND('',#9038,.F.);
#9041=CARTESIAN_POINT('',(4.5E1,5.4798021E1,3.393463337733E1));
#9042=DIRECTION('',(0.E0,1.E0,0.E0));
#9043=DIRECTION('',(0.E0,0.E0,1.E0));
#9044=AXIS2_PLACEMENT_3D('',#9041,#9042,#9043);
#9045=PLANE('',#9044);
#9046=ORIENTED_EDGE('',*,*,#9031,.F.);
#9047=ORIENTED_EDGE('',*,*,#8797,.F.);
#9049=ORIENTED_EDGE('',*,*,#9048,.T.);
#9051=ORIENTED_EDGE('',*,*,#9050,.T.);
#9052=EDGE_LOOP('',(#9046,#9047,#9049,#9051));
#9053=FACE_OUTER_BOUND('',#9052,.F.);
#9055=CARTESIAN_POINT('',(0.E0,5.5E1,5.653E1));
#9056=DIRECTION('',(0.E0,1.382976518076E-14,-1.E0));
#9057=DIRECTION('',(0.E0,-1.E0,-1.382976518076E-14));
#9058=AXIS2_PLACEMENT_3D('',#9055,#9056,#9057);
#9059=PLANE('',#9058);
#9060=ORIENTED_EDGE('',*,*,#9048,.F.);
#9061=ORIENTED_EDGE('',*,*,#8795,.F.);
#9063=ORIENTED_EDGE('',*,*,#9062,.T.);
#9065=ORIENTED_EDGE('',*,*,#9064,.F.);
#9066=EDGE_LOOP('',(#9060,#9061,#9063,#9065));
#9067=FACE_OUTER_BOUND('',#9066,.F.);
#9069=CARTESIAN_POINT('',(2.733E1,5.241E1,5.6691285E1));
#9070=DIRECTION('',(0.E0,-1.E0,2.702955214810E-14));
#9071=DIRECTION('',(1.E0,0.E0,0.E0));
#9072=AXIS2_PLACEMENT_3D('',#9069,#9070,#9071);
#9073=PLANE('',#9072);
#9074=ORIENTED_EDGE('',*,*,#8938,.T.);
#9075=ORIENTED_EDGE('',*,*,#9035,.F.);
#9077=ORIENTED_EDGE('',*,*,#9076,.T.);
#9078=ORIENTED_EDGE('',*,*,#9062,.F.);
#9079=ORIENTED_EDGE('',*,*,#8793,.T.);
#9081=ORIENTED_EDGE('',*,*,#9080,.F.);
#9082=ORIENTED_EDGE('',*,*,#8000,.F.);
#9084=ORIENTED_EDGE('',*,*,#9083,.F.);
#9086=ORIENTED_EDGE('',*,*,#9085,.F.);
#9088=ORIENTED_EDGE('',*,*,#9087,.T.);
#9090=ORIENTED_EDGE('',*,*,#9089,.F.);
#9092=ORIENTED_EDGE('',*,*,#9091,.F.);
#9094=ORIENTED_EDGE('',*,*,#9093,.T.);
#9096=ORIENTED_EDGE('',*,*,#9095,.F.);
#9098=ORIENTED_EDGE('',*,*,#9097,.F.);
#9100=ORIENTED_EDGE('',*,*,#9099,.F.);
#9102=ORIENTED_EDGE('',*,*,#9101,.T.);
#9104=ORIENTED_EDGE('',*,*,#9103,.F.);
#9106=ORIENTED_EDGE('',*,*,#9105,.F.);
#9108=ORIENTED_EDGE('',*,*,#9107,.F.);
#9110=ORIENTED_EDGE('',*,*,#9109,.T.);
#9112=ORIENTED_EDGE('',*,*,#9111,.F.);
#9114=ORIENTED_EDGE('',*,*,#9113,.F.);
#9116=ORIENTED_EDGE('',*,*,#9115,.F.);
#9118=ORIENTED_EDGE('',*,*,#9117,.T.);
#9120=ORIENTED_EDGE('',*,*,#9119,.F.);
#9122=ORIENTED_EDGE('',*,*,#9121,.F.);
#9124=ORIENTED_EDGE('',*,*,#9123,.F.);
#9125=EDGE_LOOP('',(#9074,#9075,#9077,#9078,#9079,#9081,#9082,#9084,#9086,#9088,
#9090,#9092,#9094,#9096,#9098,#9100,#9102,#9104,#9106,#9108,#9110,#9112,#9114,
#9116,#9118,#9120,#9122,#9124));
#9126=FACE_OUTER_BOUND('',#9125,.F.);
#9128=ORIENTED_EDGE('',*,*,#9127,.F.);
#9130=ORIENTED_EDGE('',*,*,#9129,.F.);
#9132=ORIENTED_EDGE('',*,*,#9131,.F.);
#9134=ORIENTED_EDGE('',*,*,#9133,.F.);
#9135=EDGE_LOOP('',(#9128,#9130,#9132,#9134));
#9136=FACE_BOUND('',#9135,.F.);
#9138=ORIENTED_EDGE('',*,*,#9137,.F.);
#9140=ORIENTED_EDGE('',*,*,#9139,.F.);
#9142=ORIENTED_EDGE('',*,*,#9141,.F.);
#9144=ORIENTED_EDGE('',*,*,#9143,.F.);
#9145=EDGE_LOOP('',(#9138,#9140,#9142,#9144));
#9146=FACE_BOUND('',#9145,.F.);
#9148=ORIENTED_EDGE('',*,*,#9147,.F.);
#9150=ORIENTED_EDGE('',*,*,#9149,.F.);
#9152=ORIENTED_EDGE('',*,*,#9151,.F.);
#9154=ORIENTED_EDGE('',*,*,#9153,.F.);
#9155=EDGE_LOOP('',(#9148,#9150,#9152,#9154));
#9156=FACE_BOUND('',#9155,.F.);
#9158=ORIENTED_EDGE('',*,*,#9157,.F.);
#9160=ORIENTED_EDGE('',*,*,#9159,.F.);
#9162=ORIENTED_EDGE('',*,*,#9161,.F.);
#9164=ORIENTED_EDGE('',*,*,#9163,.F.);
#9165=EDGE_LOOP('',(#9158,#9160,#9162,#9164));
#9166=FACE_BOUND('',#9165,.F.);
#9168=ORIENTED_EDGE('',*,*,#9167,.F.);
#9170=ORIENTED_EDGE('',*,*,#9169,.F.);
#9172=ORIENTED_EDGE('',*,*,#9171,.F.);
#9174=ORIENTED_EDGE('',*,*,#9173,.F.);
#9175=EDGE_LOOP('',(#9168,#9170,#9172,#9174));
#9176=FACE_BOUND('',#9175,.F.);
#9178=CARTESIAN_POINT('',(3.615E1,5.241E1,4.8711947E1));
#9179=DIRECTION('',(0.E0,2.702955214810E-14,1.E0));
#9180=DIRECTION('',(1.E0,0.E0,0.E0));
#9181=AXIS2_PLACEMENT_3D('',#9178,#9179,#9180);
#9182=PLANE('',#9181);
#9183=ORIENTED_EDGE('',*,*,#9167,.T.);
#9185=ORIENTED_EDGE('',*,*,#9184,.F.);
#9187=ORIENTED_EDGE('',*,*,#9186,.F.);
#9189=ORIENTED_EDGE('',*,*,#9188,.T.);
#9190=EDGE_LOOP('',(#9183,#9185,#9187,#9189));
#9191=FACE_OUTER_BOUND('',#9190,.F.);
#9193=CARTESIAN_POINT('',(3.615E1,5.241E1,4.3E1));
#9194=DIRECTION('',(-1.E0,0.E0,1.617146581520E-14));
#9195=DIRECTION('',(1.617146581520E-14,2.702955214810E-14,1.E0));
#9196=AXIS2_PLACEMENT_3D('',#9193,#9194,#9195);
#9197=PLANE('',#9196);
#9198=ORIENTED_EDGE('',*,*,#9173,.T.);
#9200=ORIENTED_EDGE('',*,*,#9199,.F.);
#9202=ORIENTED_EDGE('',*,*,#9201,.F.);
#9203=ORIENTED_EDGE('',*,*,#9184,.T.);
#9204=EDGE_LOOP('',(#9198,#9200,#9202,#9203));
#9205=FACE_OUTER_BOUND('',#9204,.F.);
#9207=CARTESIAN_POINT('',(4.365E1,5.241E1,4.3E1));
#9208=DIRECTION('',(2.228735714501E-13,-2.702955214810E-14,-1.E0));
#9209=DIRECTION('',(-1.E0,0.E0,-2.228735714501E-13));
#9210=AXIS2_PLACEMENT_3D('',#9207,#9208,#9209);
#9211=PLANE('',#9210);
#9212=ORIENTED_EDGE('',*,*,#9171,.T.);
#9214=ORIENTED_EDGE('',*,*,#9213,.F.);
#9216=ORIENTED_EDGE('',*,*,#9215,.F.);
#9217=ORIENTED_EDGE('',*,*,#9199,.T.);
#9218=EDGE_LOOP('',(#9212,#9214,#9216,#9217));
#9219=FACE_OUTER_BOUND('',#9218,.F.);
#9221=CARTESIAN_POINT('',(4.365E1,5.241E1,4.8711947E1));
#9222=DIRECTION('',(1.E0,0.E0,-1.119563017976E-14));
#9223=DIRECTION('',(-1.119563017976E-14,-2.702955214810E-14,-1.E0));
#9224=AXIS2_PLACEMENT_3D('',#9221,#9222,#9223);
#9225=PLANE('',#9224);
#9226=ORIENTED_EDGE('',*,*,#9169,.T.);
#9227=ORIENTED_EDGE('',*,*,#9188,.F.);
#9229=ORIENTED_EDGE('',*,*,#9228,.F.);
#9230=ORIENTED_EDGE('',*,*,#9213,.T.);
#9231=EDGE_LOOP('',(#9226,#9227,#9229,#9230));
#9232=FACE_OUTER_BOUND('',#9231,.F.);
#9234=CARTESIAN_POINT('',(0.E0,4.861E1,5.6691285E1));
#9235=DIRECTION('',(0.E0,1.E0,-2.702955214810E-14));
#9236=DIRECTION('',(1.E0,0.E0,0.E0));
#9237=AXIS2_PLACEMENT_3D('',#9234,#9235,#9236);
#9238=PLANE('',#9237);
#9239=ORIENTED_EDGE('',*,*,#9186,.T.);
#9240=ORIENTED_EDGE('',*,*,#9201,.T.);
#9241=ORIENTED_EDGE('',*,*,#9215,.T.);
#9242=ORIENTED_EDGE('',*,*,#9228,.T.);
#9243=EDGE_LOOP('',(#9239,#9240,#9241,#9242));
#9244=FACE_OUTER_BOUND('',#9243,.F.);
#9246=ORIENTED_EDGE('',*,*,#9245,.F.);
#9248=ORIENTED_EDGE('',*,*,#9247,.F.);
#9250=ORIENTED_EDGE('',*,*,#9249,.F.);
#9252=ORIENTED_EDGE('',*,*,#9251,.F.);
#9253=EDGE_LOOP('',(#9246,#9248,#9250,#9252));
#9254=FACE_BOUND('',#9253,.F.);
#9256=CARTESIAN_POINT('',(4.35671215E1,5.241E1,4.482889E1));
#9257=DIRECTION('',(0.E0,-2.702955214810E-14,-1.E0));
#9258=DIRECTION('',(-1.E0,0.E0,0.E0));
#9259=AXIS2_PLACEMENT_3D('',#9256,#9257,#9258);
#9260=PLANE('',#9259);
#9261=ORIENTED_EDGE('',*,*,#9245,.T.);
#9263=ORIENTED_EDGE('',*,*,#9262,.F.);
#9265=ORIENTED_EDGE('',*,*,#9264,.F.);
#9267=ORIENTED_EDGE('',*,*,#9266,.T.);
#9268=EDGE_LOOP('',(#9261,#9263,#9265,#9267));
#9269=FACE_OUTER_BOUND('',#9268,.F.);
#9271=CARTESIAN_POINT('',(4.35671215E1,5.241E1,4.7757221E1));
#9272=DIRECTION('',(1.E0,0.E0,0.E0));
#9273=DIRECTION('',(0.E0,-2.702955214810E-14,-1.E0));
#9274=AXIS2_PLACEMENT_3D('',#9271,#9272,#9273);
#9275=PLANE('',#9274);
#9276=ORIENTED_EDGE('',*,*,#9251,.T.);
#9278=ORIENTED_EDGE('',*,*,#9277,.F.);
#9280=ORIENTED_EDGE('',*,*,#9279,.F.);
#9281=ORIENTED_EDGE('',*,*,#9262,.T.);
#9282=EDGE_LOOP('',(#9276,#9278,#9280,#9281));
#9283=FACE_OUTER_BOUND('',#9282,.F.);
#9285=CARTESIAN_POINT('',(3.61636475E1,5.241E1,4.7757221E1));
#9286=DIRECTION('',(0.E0,2.702955214810E-14,1.E0));
#9287=DIRECTION('',(1.E0,0.E0,0.E0));
#9288=AXIS2_PLACEMENT_3D('',#9285,#9286,#9287);
#9289=PLANE('',#9288);
#9290=ORIENTED_EDGE('',*,*,#9249,.T.);
#9292=ORIENTED_EDGE('',*,*,#9291,.F.);
#9294=ORIENTED_EDGE('',*,*,#9293,.F.);
#9295=ORIENTED_EDGE('',*,*,#9277,.T.);
#9296=EDGE_LOOP('',(#9290,#9292,#9294,#9295));
#9297=FACE_OUTER_BOUND('',#9296,.F.);
#9299=CARTESIAN_POINT('',(3.61636475E1,5.241E1,4.482889E1));
#9300=DIRECTION('',(-1.E0,0.E0,0.E0));
#9301=DIRECTION('',(0.E0,2.702955214810E-14,1.E0));
#9302=AXIS2_PLACEMENT_3D('',#9299,#9300,#9301);
#9303=PLANE('',#9302);
#9304=ORIENTED_EDGE('',*,*,#9247,.T.);
#9305=ORIENTED_EDGE('',*,*,#9266,.F.);
#9307=ORIENTED_EDGE('',*,*,#9306,.F.);
#9308=ORIENTED_EDGE('',*,*,#9291,.T.);
#9309=EDGE_LOOP('',(#9304,#9305,#9307,#9308));
#9310=FACE_OUTER_BOUND('',#9309,.F.);
#9312=CARTESIAN_POINT('',(0.E0,4.551E1,5.6691285E1));
#9313=DIRECTION('',(0.E0,1.E0,-2.702955214810E-14));
#9314=DIRECTION('',(1.E0,0.E0,0.E0));
#9315=AXIS2_PLACEMENT_3D('',#9312,#9313,#9314);
#9316=PLANE('',#9315);
#9317=ORIENTED_EDGE('',*,*,#9264,.T.);
#9318=ORIENTED_EDGE('',*,*,#9279,.T.);
#9319=ORIENTED_EDGE('',*,*,#9293,.T.);
#9320=ORIENTED_EDGE('',*,*,#9306,.T.);
#9321=EDGE_LOOP('',(#9317,#9318,#9319,#9320));
#9322=FACE_OUTER_BOUND('',#9321,.F.);
#9324=CARTESIAN_POINT('',(1.8826E1,5.241E1,4.8711947E1));
#9325=DIRECTION('',(0.E0,2.702955214810E-14,1.E0));
#9326=DIRECTION('',(1.E0,0.E0,0.E0));
#9327=AXIS2_PLACEMENT_3D('',#9324,#9325,#9326);
#9328=PLANE('',#9327);
#9329=ORIENTED_EDGE('',*,*,#9127,.T.);
#9331=ORIENTED_EDGE('',*,*,#9330,.F.);
#9333=ORIENTED_EDGE('',*,*,#9332,.F.);
#9335=ORIENTED_EDGE('',*,*,#9334,.T.);
#9336=EDGE_LOOP('',(#9329,#9331,#9333,#9335));
#9337=FACE_OUTER_BOUND('',#9336,.F.);
#9339=CARTESIAN_POINT('',(1.8826E1,5.241E1,4.320625E1));
#9340=DIRECTION('',(-1.E0,0.E0,0.E0));
#9341=DIRECTION('',(0.E0,2.702955214810E-14,1.E0));
#9342=AXIS2_PLACEMENT_3D('',#9339,#9340,#9341);
#9343=PLANE('',#9342);
#9344=ORIENTED_EDGE('',*,*,#9133,.T.);
#9346=ORIENTED_EDGE('',*,*,#9345,.F.);
#9348=ORIENTED_EDGE('',*,*,#9347,.F.);
#9349=ORIENTED_EDGE('',*,*,#9330,.T.);
#9350=EDGE_LOOP('',(#9344,#9346,#9348,#9349));
#9351=FACE_OUTER_BOUND('',#9350,.F.);
#9353=CARTESIAN_POINT('',(2.6326E1,5.241E1,4.320625E1));
#9354=DIRECTION('',(0.E0,-2.702955214810E-14,-1.E0));
#9355=DIRECTION('',(-1.E0,0.E0,0.E0));
#9356=AXIS2_PLACEMENT_3D('',#9353,#9354,#9355);
#9357=PLANE('',#9356);
#9358=ORIENTED_EDGE('',*,*,#9131,.T.);
#9360=ORIENTED_EDGE('',*,*,#9359,.F.);
#9362=ORIENTED_EDGE('',*,*,#9361,.F.);
#9363=ORIENTED_EDGE('',*,*,#9345,.T.);
#9364=EDGE_LOOP('',(#9358,#9360,#9362,#9363));
#9365=FACE_OUTER_BOUND('',#9364,.F.);
#9367=CARTESIAN_POINT('',(2.6326E1,5.241E1,4.8711947E1));
#9368=DIRECTION('',(1.E0,0.E0,0.E0));
#9369=DIRECTION('',(0.E0,-2.702955214810E-14,-1.E0));
#9370=AXIS2_PLACEMENT_3D('',#9367,#9368,#9369);
#9371=PLANE('',#9370);
#9372=ORIENTED_EDGE('',*,*,#9129,.T.);
#9373=ORIENTED_EDGE('',*,*,#9334,.F.);
#9375=ORIENTED_EDGE('',*,*,#9374,.F.);
#9376=ORIENTED_EDGE('',*,*,#9359,.T.);
#9377=EDGE_LOOP('',(#9372,#9373,#9375,#9376));
#9378=FACE_OUTER_BOUND('',#9377,.F.);
#9380=CARTESIAN_POINT('',(0.E0,4.861E1,5.6691285E1));
#9381=DIRECTION('',(0.E0,1.E0,-2.702955214810E-14));
#9382=DIRECTION('',(1.E0,0.E0,0.E0));
#9383=AXIS2_PLACEMENT_3D('',#9380,#9381,#9382);
#9384=PLANE('',#9383);
#9385=ORIENTED_EDGE('',*,*,#9332,.T.);
#9386=ORIENTED_EDGE('',*,*,#9347,.T.);
#9387=ORIENTED_EDGE('',*,*,#9361,.T.);
#9388=ORIENTED_EDGE('',*,*,#9374,.T.);
#9389=EDGE_LOOP('',(#9385,#9386,#9387,#9388));
#9390=FACE_OUTER_BOUND('',#9389,.F.);
#9392=ORIENTED_EDGE('',*,*,#9391,.F.);
#9394=ORIENTED_EDGE('',*,*,#9393,.F.);
#9396=ORIENTED_EDGE('',*,*,#9395,.F.);
#9398=ORIENTED_EDGE('',*,*,#9397,.F.);
#9399=EDGE_LOOP('',(#9392,#9394,#9396,#9398));
#9400=FACE_BOUND('',#9399,.F.);
#9402=CARTESIAN_POINT('',(2.62811215E1,5.241E1,4.482889E1));
#9403=DIRECTION('',(0.E0,-2.702955214810E-14,-1.E0));
#9404=DIRECTION('',(-1.E0,0.E0,0.E0));
#9405=AXIS2_PLACEMENT_3D('',#9402,#9403,#9404);
#9406=PLANE('',#9405);
#9407=ORIENTED_EDGE('',*,*,#9391,.T.);
#9409=ORIENTED_EDGE('',*,*,#9408,.F.);
#9411=ORIENTED_EDGE('',*,*,#9410,.F.);
#9413=ORIENTED_EDGE('',*,*,#9412,.T.);
#9414=EDGE_LOOP('',(#9407,#9409,#9411,#9413));
#9415=FACE_OUTER_BOUND('',#9414,.F.);
#9417=CARTESIAN_POINT('',(2.62811215E1,5.241E1,4.7757221E1));
#9418=DIRECTION('',(1.E0,0.E0,0.E0));
#9419=DIRECTION('',(0.E0,-2.702955214810E-14,-1.E0));
#9420=AXIS2_PLACEMENT_3D('',#9417,#9418,#9419);
#9421=PLANE('',#9420);
#9422=ORIENTED_EDGE('',*,*,#9397,.T.);
#9424=ORIENTED_EDGE('',*,*,#9423,.F.);
#9426=ORIENTED_EDGE('',*,*,#9425,.F.);
#9427=ORIENTED_EDGE('',*,*,#9408,.T.);
#9428=EDGE_LOOP('',(#9422,#9424,#9426,#9427));
#9429=FACE_OUTER_BOUND('',#9428,.F.);
#9431=CARTESIAN_POINT('',(1.88776475E1,5.241E1,4.7757221E1));
#9432=DIRECTION('',(2.255394466214E-13,2.702955214810E-14,1.E0));
#9433=DIRECTION('',(1.E0,0.E0,-2.255394466214E-13));
#9434=AXIS2_PLACEMENT_3D('',#9431,#9432,#9433);
#9435=PLANE('',#9434);
#9436=ORIENTED_EDGE('',*,*,#9395,.T.);
#9438=ORIENTED_EDGE('',*,*,#9437,.F.);
#9440=ORIENTED_EDGE('',*,*,#9439,.F.);
#9441=ORIENTED_EDGE('',*,*,#9423,.T.);
#9442=EDGE_LOOP('',(#9436,#9438,#9440,#9441));
#9443=FACE_OUTER_BOUND('',#9442,.F.);
#9445=CARTESIAN_POINT('',(1.88776475E1,5.241E1,4.482889E1));
#9446=DIRECTION('',(-1.E0,0.E0,0.E0));
#9447=DIRECTION('',(0.E0,2.702955214810E-14,1.E0));
#9448=AXIS2_PLACEMENT_3D('',#9445,#9446,#9447);
#9449=PLANE('',#9448);
#9450=ORIENTED_EDGE('',*,*,#9393,.T.);
#9451=ORIENTED_EDGE('',*,*,#9412,.F.);
#9453=ORIENTED_EDGE('',*,*,#9452,.F.);
#9454=ORIENTED_EDGE('',*,*,#9437,.T.);
#9455=EDGE_LOOP('',(#9450,#9451,#9453,#9454));
#9456=FACE_OUTER_BOUND('',#9455,.F.);
#9458=CARTESIAN_POINT('',(0.E0,4.551E1,5.6691285E1));
#9459=DIRECTION('',(0.E0,1.E0,-2.702955214810E-14));
#9460=DIRECTION('',(1.E0,0.E0,0.E0));
#9461=AXIS2_PLACEMENT_3D('',#9458,#9459,#9460);
#9462=PLANE('',#9461);
#9463=ORIENTED_EDGE('',*,*,#9410,.T.);
#9464=ORIENTED_EDGE('',*,*,#9425,.T.);
#9465=ORIENTED_EDGE('',*,*,#9439,.T.);
#9466=ORIENTED_EDGE('',*,*,#9452,.T.);
#9467=EDGE_LOOP('',(#9463,#9464,#9465,#9466));
#9468=FACE_OUTER_BOUND('',#9467,.F.);
#9470=CARTESIAN_POINT('',(1.0183E1,5.241E1,4.8711947E1));
#9471=DIRECTION('',(0.E0,2.702955214810E-14,1.E0));
#9472=DIRECTION('',(1.E0,0.E0,0.E0));
#9473=AXIS2_PLACEMENT_3D('',#9470,#9471,#9472);
#9474=PLANE('',#9473);
#9475=ORIENTED_EDGE('',*,*,#9137,.T.);
#9477=ORIENTED_EDGE('',*,*,#9476,.F.);
#9479=ORIENTED_EDGE('',*,*,#9478,.F.);
#9481=ORIENTED_EDGE('',*,*,#9480,.T.);
#9482=EDGE_LOOP('',(#9475,#9477,#9479,#9481));
#9483=FACE_OUTER_BOUND('',#9482,.F.);
#9485=CARTESIAN_POINT('',(1.0183E1,5.241E1,4.320625E1));
#9486=DIRECTION('',(-1.E0,0.E0,0.E0));
#9487=DIRECTION('',(0.E0,2.702955214810E-14,1.E0));
#9488=AXIS2_PLACEMENT_3D('',#9485,#9486,#9487);
#9489=PLANE('',#9488);
#9490=ORIENTED_EDGE('',*,*,#9143,.T.);
#9492=ORIENTED_EDGE('',*,*,#9491,.F.);
#9494=ORIENTED_EDGE('',*,*,#9493,.F.);
#9495=ORIENTED_EDGE('',*,*,#9476,.T.);
#9496=EDGE_LOOP('',(#9490,#9492,#9494,#9495));
#9497=FACE_OUTER_BOUND('',#9496,.F.);
#9499=CARTESIAN_POINT('',(1.7683E1,5.241E1,4.320625E1));
#9500=DIRECTION('',(0.E0,-2.702955214810E-14,-1.E0));
#9501=DIRECTION('',(-1.E0,0.E0,0.E0));
#9502=AXIS2_PLACEMENT_3D('',#9499,#9500,#9501);
#9503=PLANE('',#9502);
#9504=ORIENTED_EDGE('',*,*,#9141,.T.);
#9506=ORIENTED_EDGE('',*,*,#9505,.F.);
#9508=ORIENTED_EDGE('',*,*,#9507,.F.);
#9509=ORIENTED_EDGE('',*,*,#9491,.T.);
#9510=EDGE_LOOP('',(#9504,#9506,#9508,#9509));
#9511=FACE_OUTER_BOUND('',#9510,.F.);
#9513=CARTESIAN_POINT('',(1.7683E1,5.241E1,4.8711947E1));
#9514=DIRECTION('',(1.E0,0.E0,0.E0));
#9515=DIRECTION('',(0.E0,-2.702955214810E-14,-1.E0));
#9516=AXIS2_PLACEMENT_3D('',#9513,#9514,#9515);
#9517=PLANE('',#9516);
#9518=ORIENTED_EDGE('',*,*,#9139,.T.);
#9519=ORIENTED_EDGE('',*,*,#9480,.F.);
#9521=ORIENTED_EDGE('',*,*,#9520,.F.);
#9522=ORIENTED_EDGE('',*,*,#9505,.T.);
#9523=EDGE_LOOP('',(#9518,#9519,#9521,#9522));
#9524=FACE_OUTER_BOUND('',#9523,.F.);
#9526=CARTESIAN_POINT('',(0.E0,4.861E1,5.6691285E1));
#9527=DIRECTION('',(0.E0,1.E0,-2.702955214810E-14));
#9528=DIRECTION('',(1.E0,0.E0,0.E0));
#9529=AXIS2_PLACEMENT_3D('',#9526,#9527,#9528);
#9530=PLANE('',#9529);
#9531=ORIENTED_EDGE('',*,*,#9478,.T.);
#9532=ORIENTED_EDGE('',*,*,#9493,.T.);
#9533=ORIENTED_EDGE('',*,*,#9507,.T.);
#9534=ORIENTED_EDGE('',*,*,#9520,.T.);
#9535=EDGE_LOOP('',(#9531,#9532,#9533,#9534));
#9536=FACE_OUTER_BOUND('',#9535,.F.);
#9538=ORIENTED_EDGE('',*,*,#9537,.F.);
#9540=ORIENTED_EDGE('',*,*,#9539,.F.);
#9542=ORIENTED_EDGE('',*,*,#9541,.F.);
#9544=ORIENTED_EDGE('',*,*,#9543,.F.);
#9545=EDGE_LOOP('',(#9538,#9540,#9542,#9544));
#9546=FACE_BOUND('',#9545,.F.);
#9548=CARTESIAN_POINT('',(1.02346475E1,5.241E1,4.482889E1));
#9549=DIRECTION('',(-1.E0,0.E0,0.E0));
#9550=DIRECTION('',(0.E0,2.702955214810E-14,1.E0));
#9551=AXIS2_PLACEMENT_3D('',#9548,#9549,#9550);
#9552=PLANE('',#9551);
#9553=ORIENTED_EDGE('',*,*,#9537,.T.);
#9555=ORIENTED_EDGE('',*,*,#9554,.F.);
#9557=ORIENTED_EDGE('',*,*,#9556,.F.);
#9559=ORIENTED_EDGE('',*,*,#9558,.T.);
#9560=EDGE_LOOP('',(#9553,#9555,#9557,#9559));
#9561=FACE_OUTER_BOUND('',#9560,.F.);
#9563=CARTESIAN_POINT('',(1.76381215E1,5.241E1,4.482889E1));
#9564=DIRECTION('',(0.E0,-2.702955214810E-14,-1.E0));
#9565=DIRECTION('',(-1.E0,0.E0,0.E0));
#9566=AXIS2_PLACEMENT_3D('',#9563,#9564,#9565);
#9567=PLANE('',#9566);
#9568=ORIENTED_EDGE('',*,*,#9543,.T.);
#9570=ORIENTED_EDGE('',*,*,#9569,.F.);
#9572=ORIENTED_EDGE('',*,*,#9571,.F.);
#9573=ORIENTED_EDGE('',*,*,#9554,.T.);
#9574=EDGE_LOOP('',(#9568,#9570,#9572,#9573));
#9575=FACE_OUTER_BOUND('',#9574,.F.);
#9577=CARTESIAN_POINT('',(1.76381215E1,5.241E1,4.7757221E1));
#9578=DIRECTION('',(1.E0,0.E0,0.E0));
#9579=DIRECTION('',(0.E0,-2.702955214810E-14,-1.E0));
#9580=AXIS2_PLACEMENT_3D('',#9577,#9578,#9579);
#9581=PLANE('',#9580);
#9582=ORIENTED_EDGE('',*,*,#9541,.T.);
#9584=ORIENTED_EDGE('',*,*,#9583,.F.);
#9586=ORIENTED_EDGE('',*,*,#9585,.F.);
#9587=ORIENTED_EDGE('',*,*,#9569,.T.);
#9588=EDGE_LOOP('',(#9582,#9584,#9586,#9587));
#9589=FACE_OUTER_BOUND('',#9588,.F.);
#9591=CARTESIAN_POINT('',(1.02346475E1,5.241E1,4.7757221E1));
#9592=DIRECTION('',(0.E0,2.702955214810E-14,1.E0));
#9593=DIRECTION('',(1.E0,0.E0,0.E0));
#9594=AXIS2_PLACEMENT_3D('',#9591,#9592,#9593);
#9595=PLANE('',#9594);
#9596=ORIENTED_EDGE('',*,*,#9539,.T.);
#9597=ORIENTED_EDGE('',*,*,#9558,.F.);
#9599=ORIENTED_EDGE('',*,*,#9598,.F.);
#9600=ORIENTED_EDGE('',*,*,#9583,.T.);
#9601=EDGE_LOOP('',(#9596,#9597,#9599,#9600));
#9602=FACE_OUTER_BOUND('',#9601,.F.);
#9604=CARTESIAN_POINT('',(0.E0,4.551E1,5.6691285E1));
#9605=DIRECTION('',(0.E0,1.E0,-2.702955214810E-14));
#9606=DIRECTION('',(1.E0,0.E0,0.E0));
#9607=AXIS2_PLACEMENT_3D('',#9604,#9605,#9606);
#9608=PLANE('',#9607);
#9609=ORIENTED_EDGE('',*,*,#9556,.T.);
#9610=ORIENTED_EDGE('',*,*,#9571,.T.);
#9611=ORIENTED_EDGE('',*,*,#9585,.T.);
#9612=ORIENTED_EDGE('',*,*,#9598,.T.);
#9613=EDGE_LOOP('',(#9609,#9610,#9611,#9612));
#9614=FACE_OUTER_BOUND('',#9613,.F.);
#9616=CARTESIAN_POINT('',(1.54E0,5.241E1,4.320625E1));
#9617=DIRECTION('',(-1.E0,0.E0,0.E0));
#9618=DIRECTION('',(0.E0,2.702955214810E-14,1.E0));
#9619=AXIS2_PLACEMENT_3D('',#9616,#9617,#9618);
#9620=PLANE('',#9619);
#9621=ORIENTED_EDGE('',*,*,#9147,.T.);
#9623=ORIENTED_EDGE('',*,*,#9622,.F.);
#9625=ORIENTED_EDGE('',*,*,#9624,.F.);
#9627=ORIENTED_EDGE('',*,*,#9626,.T.);
#9628=EDGE_LOOP('',(#9621,#9623,#9625,#9627));
#9629=FACE_OUTER_BOUND('',#9628,.F.);
#9631=CARTESIAN_POINT('',(9.04E0,5.241E1,4.320625E1));
#9632=DIRECTION('',(0.E0,-2.702955214810E-14,-1.E0));
#9633=DIRECTION('',(-1.E0,0.E0,0.E0));
#9634=AXIS2_PLACEMENT_3D('',#9631,#9632,#9633);
#9635=PLANE('',#9634);
#9636=ORIENTED_EDGE('',*,*,#9153,.T.);
#9638=ORIENTED_EDGE('',*,*,#9637,.F.);
#9640=ORIENTED_EDGE('',*,*,#9639,.F.);
#9641=ORIENTED_EDGE('',*,*,#9622,.T.);
#9642=EDGE_LOOP('',(#9636,#9638,#9640,#9641));
#9643=FACE_OUTER_BOUND('',#9642,.F.);
#9645=CARTESIAN_POINT('',(9.04E0,5.241E1,4.8711947E1));
#9646=DIRECTION('',(1.E0,0.E0,0.E0));
#9647=DIRECTION('',(0.E0,-2.702955214810E-14,-1.E0));
#9648=AXIS2_PLACEMENT_3D('',#9645,#9646,#9647);
#9649=PLANE('',#9648);
#9650=ORIENTED_EDGE('',*,*,#9151,.T.);
#9652=ORIENTED_EDGE('',*,*,#9651,.F.);
#9654=ORIENTED_EDGE('',*,*,#9653,.F.);
#9655=ORIENTED_EDGE('',*,*,#9637,.T.);
#9656=EDGE_LOOP('',(#9650,#9652,#9654,#9655));
#9657=FACE_OUTER_BOUND('',#9656,.F.);
#9659=CARTESIAN_POINT('',(1.54E0,5.241E1,4.8711947E1));
#9660=DIRECTION('',(0.E0,2.702955214810E-14,1.E0));
#9661=DIRECTION('',(1.E0,0.E0,0.E0));
#9662=AXIS2_PLACEMENT_3D('',#9659,#9660,#9661);
#9663=PLANE('',#9662);
#9664=ORIENTED_EDGE('',*,*,#9149,.T.);
#9665=ORIENTED_EDGE('',*,*,#9626,.F.);
#9667=ORIENTED_EDGE('',*,*,#9666,.F.);
#9668=ORIENTED_EDGE('',*,*,#9651,.T.);
#9669=EDGE_LOOP('',(#9664,#9665,#9667,#9668));
#9670=FACE_OUTER_BOUND('',#9669,.F.);
#9672=CARTESIAN_POINT('',(0.E0,4.861E1,5.6691285E1));
#9673=DIRECTION('',(0.E0,1.E0,-2.702955214810E-14));
#9674=DIRECTION('',(1.E0,0.E0,0.E0));
#9675=AXIS2_PLACEMENT_3D('',#9672,#9673,#9674);
#9676=PLANE('',#9675);
#9677=ORIENTED_EDGE('',*,*,#9624,.T.);
#9678=ORIENTED_EDGE('',*,*,#9639,.T.);
#9679=ORIENTED_EDGE('',*,*,#9653,.T.);
#9680=ORIENTED_EDGE('',*,*,#9666,.T.);
#9681=EDGE_LOOP('',(#9677,#9678,#9679,#9680));
#9682=FACE_OUTER_BOUND('',#9681,.F.);
#9684=ORIENTED_EDGE('',*,*,#9683,.F.);
#9686=ORIENTED_EDGE('',*,*,#9685,.F.);
#9688=ORIENTED_EDGE('',*,*,#9687,.F.);
#9690=ORIENTED_EDGE('',*,*,#9689,.F.);
#9691=EDGE_LOOP('',(#9684,#9686,#9688,#9690));
#9692=FACE_BOUND('',#9691,.F.);
#9694=CARTESIAN_POINT('',(8.9951215E0,5.241E1,4.482889E1));
#9695=DIRECTION('',(-2.255394466214E-13,-2.702955214810E-14,-1.E0));
#9696=DIRECTION('',(-1.E0,0.E0,2.255394466214E-13));
#9697=AXIS2_PLACEMENT_3D('',#9694,#9695,#9696);
#9698=PLANE('',#9697);
#9699=ORIENTED_EDGE('',*,*,#9683,.T.);
#9701=ORIENTED_EDGE('',*,*,#9700,.F.);
#9703=ORIENTED_EDGE('',*,*,#9702,.F.);
#9705=ORIENTED_EDGE('',*,*,#9704,.T.);
#9706=EDGE_LOOP('',(#9699,#9701,#9703,#9705));
#9707=FACE_OUTER_BOUND('',#9706,.F.);
#9709=CARTESIAN_POINT('',(8.9951215E0,5.241E1,4.7757221E1));
#9710=DIRECTION('',(1.E0,0.E0,0.E0));
#9711=DIRECTION('',(0.E0,-2.702955214810E-14,-1.E0));
#9712=AXIS2_PLACEMENT_3D('',#9709,#9710,#9711);
#9713=PLANE('',#9712);
#9714=ORIENTED_EDGE('',*,*,#9689,.T.);
#9716=ORIENTED_EDGE('',*,*,#9715,.F.);
#9718=ORIENTED_EDGE('',*,*,#9717,.F.);
#9719=ORIENTED_EDGE('',*,*,#9700,.T.);
#9720=EDGE_LOOP('',(#9714,#9716,#9718,#9719));
#9721=FACE_OUTER_BOUND('',#9720,.F.);
#9723=CARTESIAN_POINT('',(1.5916475E0,5.241E1,4.7757221E1));
#9724=DIRECTION('',(0.E0,2.702955214810E-14,1.E0));
#9725=DIRECTION('',(1.E0,0.E0,0.E0));
#9726=AXIS2_PLACEMENT_3D('',#9723,#9724,#9725);
#9727=PLANE('',#9726);
#9728=ORIENTED_EDGE('',*,*,#9687,.T.);
#9730=ORIENTED_EDGE('',*,*,#9729,.F.);
#9732=ORIENTED_EDGE('',*,*,#9731,.F.);
#9733=ORIENTED_EDGE('',*,*,#9715,.T.);
#9734=EDGE_LOOP('',(#9728,#9730,#9732,#9733));
#9735=FACE_OUTER_BOUND('',#9734,.F.);
#9737=CARTESIAN_POINT('',(1.5916475E0,5.241E1,4.482889E1));
#9738=DIRECTION('',(-1.E0,0.E0,0.E0));
#9739=DIRECTION('',(0.E0,2.702955214810E-14,1.E0));
#9740=AXIS2_PLACEMENT_3D('',#9737,#9738,#9739);
#9741=PLANE('',#9740);
#9742=ORIENTED_EDGE('',*,*,#9685,.T.);
#9743=ORIENTED_EDGE('',*,*,#9704,.F.);
#9745=ORIENTED_EDGE('',*,*,#9744,.F.);
#9746=ORIENTED_EDGE('',*,*,#9729,.T.);
#9747=EDGE_LOOP('',(#9742,#9743,#9745,#9746));
#9748=FACE_OUTER_BOUND('',#9747,.F.);
#9750=CARTESIAN_POINT('',(0.E0,4.551E1,5.6691285E1));
#9751=DIRECTION('',(0.E0,1.E0,-2.702955214810E-14));
#9752=DIRECTION('',(1.E0,0.E0,0.E0));
#9753=AXIS2_PLACEMENT_3D('',#9750,#9751,#9752);
#9754=PLANE('',#9753);
#9755=ORIENTED_EDGE('',*,*,#9702,.T.);
#9756=ORIENTED_EDGE('',*,*,#9717,.T.);
#9757=ORIENTED_EDGE('',*,*,#9731,.T.);
#9758=ORIENTED_EDGE('',*,*,#9744,.T.);
#9759=EDGE_LOOP('',(#9755,#9756,#9757,#9758));
#9760=FACE_OUTER_BOUND('',#9759,.F.);
#9762=CARTESIAN_POINT('',(2.7469E1,5.241E1,4.320625E1));
#9763=DIRECTION('',(-1.E0,0.E0,0.E0));
#9764=DIRECTION('',(0.E0,2.702955214810E-14,1.E0));
#9765=AXIS2_PLACEMENT_3D('',#9762,#9763,#9764);
#9766=PLANE('',#9765);
#9767=ORIENTED_EDGE('',*,*,#9157,.T.);
#9769=ORIENTED_EDGE('',*,*,#9768,.F.);
#9771=ORIENTED_EDGE('',*,*,#9770,.F.);
#9773=ORIENTED_EDGE('',*,*,#9772,.T.);
#9774=EDGE_LOOP('',(#9767,#9769,#9771,#9773));
#9775=FACE_OUTER_BOUND('',#9774,.F.);
#9777=CARTESIAN_POINT('',(3.4969E1,5.241E1,4.320625E1));
#9778=DIRECTION('',(0.E0,-2.702955214810E-14,-1.E0));
#9779=DIRECTION('',(-1.E0,0.E0,0.E0));
#9780=AXIS2_PLACEMENT_3D('',#9777,#9778,#9779);
#9781=PLANE('',#9780);
#9782=ORIENTED_EDGE('',*,*,#9163,.T.);
#9784=ORIENTED_EDGE('',*,*,#9783,.F.);
#9786=ORIENTED_EDGE('',*,*,#9785,.F.);
#9787=ORIENTED_EDGE('',*,*,#9768,.T.);
#9788=EDGE_LOOP('',(#9782,#9784,#9786,#9787));
#9789=FACE_OUTER_BOUND('',#9788,.F.);
#9791=CARTESIAN_POINT('',(3.4969E1,5.241E1,4.8711947E1));
#9792=DIRECTION('',(1.E0,0.E0,0.E0));
#9793=DIRECTION('',(0.E0,-2.702955214810E-14,-1.E0));
#9794=AXIS2_PLACEMENT_3D('',#9791,#9792,#9793);
#9795=PLANE('',#9794);
#9796=ORIENTED_EDGE('',*,*,#9161,.T.);
#9798=ORIENTED_EDGE('',*,*,#9797,.F.);
#9800=ORIENTED_EDGE('',*,*,#9799,.F.);
#9801=ORIENTED_EDGE('',*,*,#9783,.T.);
#9802=EDGE_LOOP('',(#9796,#9798,#9800,#9801));
#9803=FACE_OUTER_BOUND('',#9802,.F.);
#9805=CARTESIAN_POINT('',(2.7469E1,5.241E1,4.8711947E1));
#9806=DIRECTION('',(0.E0,2.702955214810E-14,1.E0));
#9807=DIRECTION('',(1.E0,0.E0,0.E0));
#9808=AXIS2_PLACEMENT_3D('',#9805,#9806,#9807);
#9809=PLANE('',#9808);
#9810=ORIENTED_EDGE('',*,*,#9159,.T.);
#9811=ORIENTED_EDGE('',*,*,#9772,.F.);
#9813=ORIENTED_EDGE('',*,*,#9812,.F.);
#9814=ORIENTED_EDGE('',*,*,#9797,.T.);
#9815=EDGE_LOOP('',(#9810,#9811,#9813,#9814));
#9816=FACE_OUTER_BOUND('',#9815,.F.);
#9818=CARTESIAN_POINT('',(0.E0,4.861E1,5.6691285E1));
#9819=DIRECTION('',(0.E0,1.E0,-2.702955214810E-14));
#9820=DIRECTION('',(1.E0,0.E0,0.E0));
#9821=AXIS2_PLACEMENT_3D('',#9818,#9819,#9820);
#9822=PLANE('',#9821);
#9823=ORIENTED_EDGE('',*,*,#9770,.T.);
#9824=ORIENTED_EDGE('',*,*,#9785,.T.);
#9825=ORIENTED_EDGE('',*,*,#9799,.T.);
#9826=ORIENTED_EDGE('',*,*,#9812,.T.);
#9827=EDGE_LOOP('',(#9823,#9824,#9825,#9826));
#9828=FACE_OUTER_BOUND('',#9827,.F.);
#9830=ORIENTED_EDGE('',*,*,#9829,.F.);
#9832=ORIENTED_EDGE('',*,*,#9831,.F.);
#9834=ORIENTED_EDGE('',*,*,#9833,.F.);
#9836=ORIENTED_EDGE('',*,*,#9835,.F.);
#9837=EDGE_LOOP('',(#9830,#9832,#9834,#9836));
#9838=FACE_BOUND('',#9837,.F.);
#9840=CARTESIAN_POINT('',(3.49241215E1,5.241E1,4.482889E1));
#9841=DIRECTION('',(-2.255394466214E-13,-2.702955214810E-14,-1.E0));
#9842=DIRECTION('',(-1.E0,0.E0,2.255394466214E-13));
#9843=AXIS2_PLACEMENT_3D('',#9840,#9841,#9842);
#9844=PLANE('',#9843);
#9845=ORIENTED_EDGE('',*,*,#9829,.T.);
#9847=ORIENTED_EDGE('',*,*,#9846,.F.);
#9849=ORIENTED_EDGE('',*,*,#9848,.F.);
#9851=ORIENTED_EDGE('',*,*,#9850,.T.);
#9852=EDGE_LOOP('',(#9845,#9847,#9849,#9851));
#9853=FACE_OUTER_BOUND('',#9852,.F.);
#9855=CARTESIAN_POINT('',(3.49241215E1,5.241E1,4.7757221E1));
#9856=DIRECTION('',(1.E0,0.E0,0.E0));
#9857=DIRECTION('',(0.E0,-2.702955214810E-14,-1.E0));
#9858=AXIS2_PLACEMENT_3D('',#9855,#9856,#9857);
#9859=PLANE('',#9858);
#9860=ORIENTED_EDGE('',*,*,#9835,.T.);
#9862=ORIENTED_EDGE('',*,*,#9861,.F.);
#9864=ORIENTED_EDGE('',*,*,#9863,.F.);
#9865=ORIENTED_EDGE('',*,*,#9846,.T.);
#9866=EDGE_LOOP('',(#9860,#9862,#9864,#9865));
#9867=FACE_OUTER_BOUND('',#9866,.F.);
#9869=CARTESIAN_POINT('',(2.75206475E1,5.241E1,4.7757221E1));
#9870=DIRECTION('',(0.E0,2.702955214810E-14,1.E0));
#9871=DIRECTION('',(1.E0,0.E0,0.E0));
#9872=AXIS2_PLACEMENT_3D('',#9869,#9870,#9871);
#9873=PLANE('',#9872);
#9874=ORIENTED_EDGE('',*,*,#9833,.T.);
#9876=ORIENTED_EDGE('',*,*,#9875,.F.);
#9878=ORIENTED_EDGE('',*,*,#9877,.F.);
#9879=ORIENTED_EDGE('',*,*,#9861,.T.);
#9880=EDGE_LOOP('',(#9874,#9876,#9878,#9879));
#9881=FACE_OUTER_BOUND('',#9880,.F.);
#9883=CARTESIAN_POINT('',(2.75206475E1,5.241E1,4.482889E1));
#9884=DIRECTION('',(-1.E0,0.E0,0.E0));
#9885=DIRECTION('',(0.E0,2.702955214810E-14,1.E0));
#9886=AXIS2_PLACEMENT_3D('',#9883,#9884,#9885);
#9887=PLANE('',#9886);
#9888=ORIENTED_EDGE('',*,*,#9831,.T.);
#9889=ORIENTED_EDGE('',*,*,#9850,.F.);
#9891=ORIENTED_EDGE('',*,*,#9890,.F.);
#9892=ORIENTED_EDGE('',*,*,#9875,.T.);
#9893=EDGE_LOOP('',(#9888,#9889,#9891,#9892));
#9894=FACE_OUTER_BOUND('',#9893,.F.);
#9896=CARTESIAN_POINT('',(0.E0,4.551E1,5.6691285E1));
#9897=DIRECTION('',(0.E0,1.E0,-2.702955214810E-14));
#9898=DIRECTION('',(1.E0,0.E0,0.E0));
#9899=AXIS2_PLACEMENT_3D('',#9896,#9897,#9898);
#9900=PLANE('',#9899);
#9901=ORIENTED_EDGE('',*,*,#9848,.T.);
#9902=ORIENTED_EDGE('',*,*,#9863,.T.);
#9903=ORIENTED_EDGE('',*,*,#9877,.T.);
#9904=ORIENTED_EDGE('',*,*,#9890,.T.);
#9905=EDGE_LOOP('',(#9901,#9902,#9903,#9904));
#9906=FACE_OUTER_BOUND('',#9905,.F.);
#9908=CARTESIAN_POINT('',(4.382E1,5.241E1,5.6691285E1));
#9909=DIRECTION('',(1.E0,0.E0,0.E0));
#9910=DIRECTION('',(0.E0,1.E0,-2.702955214810E-14));
#9911=AXIS2_PLACEMENT_3D('',#9908,#9909,#9910);
#9912=PLANE('',#9911);
#9913=ORIENTED_EDGE('',*,*,#9033,.T.);
#9914=ORIENTED_EDGE('',*,*,#9050,.F.);
#9915=ORIENTED_EDGE('',*,*,#9064,.T.);
#9916=ORIENTED_EDGE('',*,*,#9076,.F.);
#9917=EDGE_LOOP('',(#9913,#9914,#9915,#9916));
#9918=FACE_OUTER_BOUND('',#9917,.F.);
#9920=CARTESIAN_POINT('',(0.E0,5.4998021E1,5.6691285E1));
#9921=DIRECTION('',(0.E0,2.702955214810E-14,1.E0));
#9922=DIRECTION('',(0.E0,-1.E0,2.702955214810E-14));
#9923=AXIS2_PLACEMENT_3D('',#9920,#9921,#9922);
#9924=PLANE('',#9923);
#9925=ORIENTED_EDGE('',*,*,#9080,.T.);
#9926=ORIENTED_EDGE('',*,*,#8791,.F.);
#9928=ORIENTED_EDGE('',*,*,#9927,.T.);
#9929=ORIENTED_EDGE('',*,*,#8002,.T.);
#9930=EDGE_LOOP('',(#9925,#9926,#9928,#9929));
#9931=FACE_OUTER_BOUND('',#9930,.F.);
#9933=ORIENTED_EDGE('',*,*,#9932,.T.);
#9935=ORIENTED_EDGE('',*,*,#9934,.T.);
#9937=ORIENTED_EDGE('',*,*,#9936,.T.);
#9939=ORIENTED_EDGE('',*,*,#9938,.T.);
#9940=EDGE_LOOP('',(#9933,#9935,#9937,#9939));
#9941=FACE_BOUND('',#9940,.F.);
#9943=ORIENTED_EDGE('',*,*,#9942,.T.);
#9945=ORIENTED_EDGE('',*,*,#9944,.T.);
#9947=ORIENTED_EDGE('',*,*,#9946,.T.);
#9949=ORIENTED_EDGE('',*,*,#9948,.T.);
#9950=EDGE_LOOP('',(#9943,#9945,#9947,#9949));
#9951=FACE_BOUND('',#9950,.F.);
#9953=ORIENTED_EDGE('',*,*,#9952,.T.);
#9955=ORIENTED_EDGE('',*,*,#9954,.T.);
#9957=ORIENTED_EDGE('',*,*,#9956,.T.);
#9959=ORIENTED_EDGE('',*,*,#9958,.T.);
#9960=EDGE_LOOP('',(#9953,#9955,#9957,#9959));
#9961=FACE_BOUND('',#9960,.F.);
#9963=ORIENTED_EDGE('',*,*,#9962,.T.);
#9965=ORIENTED_EDGE('',*,*,#9964,.T.);
#9967=ORIENTED_EDGE('',*,*,#9966,.T.);
#9969=ORIENTED_EDGE('',*,*,#9968,.T.);
#9970=EDGE_LOOP('',(#9963,#9965,#9967,#9969));
#9971=FACE_BOUND('',#9970,.F.);
#9973=ORIENTED_EDGE('',*,*,#9972,.T.);
#9975=ORIENTED_EDGE('',*,*,#9974,.T.);
#9977=ORIENTED_EDGE('',*,*,#9976,.T.);
#9979=ORIENTED_EDGE('',*,*,#9978,.T.);
#9980=EDGE_LOOP('',(#9973,#9975,#9977,#9979));
#9981=FACE_BOUND('',#9980,.F.);
#9983=ORIENTED_EDGE('',*,*,#9982,.T.);
#9985=ORIENTED_EDGE('',*,*,#9984,.T.);
#9987=ORIENTED_EDGE('',*,*,#9986,.T.);
#9989=ORIENTED_EDGE('',*,*,#9988,.T.);
#9990=EDGE_LOOP('',(#9983,#9985,#9987,#9989));
#9991=FACE_BOUND('',#9990,.F.);
#9993=ORIENTED_EDGE('',*,*,#9992,.T.);
#9995=ORIENTED_EDGE('',*,*,#9994,.T.);
#9997=ORIENTED_EDGE('',*,*,#9996,.T.);
#9999=ORIENTED_EDGE('',*,*,#9998,.T.);
#10000=EDGE_LOOP('',(#9993,#9995,#9997,#9999));
#10001=FACE_BOUND('',#10000,.F.);
#10003=ORIENTED_EDGE('',*,*,#10002,.T.);
#10005=ORIENTED_EDGE('',*,*,#10004,.T.);
#10007=ORIENTED_EDGE('',*,*,#10006,.T.);
#10009=ORIENTED_EDGE('',*,*,#10008,.T.);
#10010=EDGE_LOOP('',(#10003,#10005,#10007,#10009));
#10011=FACE_BOUND('',#10010,.F.);
#10013=ORIENTED_EDGE('',*,*,#10012,.T.);
#10015=ORIENTED_EDGE('',*,*,#10014,.T.);
#10017=ORIENTED_EDGE('',*,*,#10016,.T.);
#10019=ORIENTED_EDGE('',*,*,#10018,.T.);
#10020=EDGE_LOOP('',(#10013,#10015,#10017,#10019));
#10021=FACE_BOUND('',#10020,.F.);
#10023=ORIENTED_EDGE('',*,*,#10022,.T.);
#10025=ORIENTED_EDGE('',*,*,#10024,.T.);
#10027=ORIENTED_EDGE('',*,*,#10026,.T.);
#10029=ORIENTED_EDGE('',*,*,#10028,.T.);
#10030=EDGE_LOOP('',(#10023,#10025,#10027,#10029));
#10031=FACE_BOUND('',#10030,.F.);
#10033=ORIENTED_EDGE('',*,*,#10032,.F.);
#10035=ORIENTED_EDGE('',*,*,#10034,.T.);
#10037=ORIENTED_EDGE('',*,*,#10036,.F.);
#10039=ORIENTED_EDGE('',*,*,#10038,.T.);
#10040=EDGE_LOOP('',(#10033,#10035,#10037,#10039));
#10041=FACE_BOUND('',#10040,.F.);
#10043=CARTESIAN_POINT('',(9.03E0,5.590000000002E0,5.6691285E1));
#10044=DIRECTION('',(0.E0,1.E0,-2.702955214810E-14));
#10045=DIRECTION('',(-1.E0,0.E0,0.E0));
#10046=AXIS2_PLACEMENT_3D('',#10043,#10044,#10045);
#10047=PLANE('',#10046);
#10048=ORIENTED_EDGE('',*,*,#8962,.F.);
#10050=ORIENTED_EDGE('',*,*,#10049,.F.);
#10052=ORIENTED_EDGE('',*,*,#10051,.T.);
#10054=ORIENTED_EDGE('',*,*,#10053,.T.);
#10056=ORIENTED_EDGE('',*,*,#10055,.F.);
#10058=ORIENTED_EDGE('',*,*,#10057,.T.);
#10060=ORIENTED_EDGE('',*,*,#10059,.T.);
#10062=ORIENTED_EDGE('',*,*,#10061,.T.);
#10064=ORIENTED_EDGE('',*,*,#10063,.F.);
#10066=ORIENTED_EDGE('',*,*,#10065,.F.);
#10068=ORIENTED_EDGE('',*,*,#10067,.T.);
#10070=ORIENTED_EDGE('',*,*,#10069,.T.);
#10072=ORIENTED_EDGE('',*,*,#10071,.F.);
#10074=ORIENTED_EDGE('',*,*,#10073,.T.);
#10076=ORIENTED_EDGE('',*,*,#10075,.T.);
#10078=ORIENTED_EDGE('',*,*,#10077,.T.);
#10080=ORIENTED_EDGE('',*,*,#10079,.F.);
#10082=ORIENTED_EDGE('',*,*,#10081,.F.);
#10084=ORIENTED_EDGE('',*,*,#10083,.T.);
#10086=ORIENTED_EDGE('',*,*,#10085,.T.);
#10088=ORIENTED_EDGE('',*,*,#10087,.F.);
#10090=ORIENTED_EDGE('',*,*,#10089,.F.);
#10092=ORIENTED_EDGE('',*,*,#10091,.T.);
#10094=ORIENTED_EDGE('',*,*,#10093,.T.);
#10096=ORIENTED_EDGE('',*,*,#10095,.F.);
#10098=ORIENTED_EDGE('',*,*,#10097,.F.);
#10100=ORIENTED_EDGE('',*,*,#10099,.T.);
#10102=ORIENTED_EDGE('',*,*,#10101,.T.);
#10104=ORIENTED_EDGE('',*,*,#10103,.F.);
#10106=ORIENTED_EDGE('',*,*,#10105,.F.);
#10108=ORIENTED_EDGE('',*,*,#10107,.T.);
#10110=ORIENTED_EDGE('',*,*,#10109,.T.);
#10112=ORIENTED_EDGE('',*,*,#10111,.F.);
#10114=ORIENTED_EDGE('',*,*,#10113,.F.);
#10116=ORIENTED_EDGE('',*,*,#10115,.T.);
#10118=ORIENTED_EDGE('',*,*,#10117,.F.);
#10120=ORIENTED_EDGE('',*,*,#10119,.T.);
#10122=ORIENTED_EDGE('',*,*,#10121,.T.);
#10123=ORIENTED_EDGE('',*,*,#8004,.T.);
#10124=ORIENTED_EDGE('',*,*,#9927,.F.);
#10125=ORIENTED_EDGE('',*,*,#8789,.F.);
#10127=ORIENTED_EDGE('',*,*,#10126,.T.);
#10129=ORIENTED_EDGE('',*,*,#10128,.F.);
#10131=ORIENTED_EDGE('',*,*,#10130,.F.);
#10133=ORIENTED_EDGE('',*,*,#10132,.T.);
#10135=ORIENTED_EDGE('',*,*,#10134,.T.);
#10137=ORIENTED_EDGE('',*,*,#10136,.F.);
#10139=ORIENTED_EDGE('',*,*,#10138,.T.);
#10140=EDGE_LOOP('',(#10048,#10050,#10052,#10054,#10056,#10058,#10060,#10062,
#10064,#10066,#10068,#10070,#10072,#10074,#10076,#10078,#10080,#10082,#10084,
#10086,#10088,#10090,#10092,#10094,#10096,#10098,#10100,#10102,#10104,#10106,
#10108,#10110,#10112,#10114,#10116,#10118,#10120,#10122,#10123,#10124,#10125,
#10127,#10129,#10131,#10133,#10135,#10137,#10139));
#10141=FACE_OUTER_BOUND('',#10140,.F.);
#10143=CARTESIAN_POINT('',(0.E0,3.001979E0,3.374456546564E1));
#10144=DIRECTION('',(0.E0,-5.174461741374E-2,-9.986603499532E-1));
#10145=DIRECTION('',(0.E0,9.986603499532E-1,-5.174461741374E-2));
#10146=AXIS2_PLACEMENT_3D('',#10143,#10144,#10145);
#10147=PLANE('',#10146);
#10148=ORIENTED_EDGE('',*,*,#8960,.T.);
#10150=ORIENTED_EDGE('',*,*,#10149,.T.);
#10152=ORIENTED_EDGE('',*,*,#10151,.F.);
#10153=ORIENTED_EDGE('',*,*,#10113,.T.);
#10155=ORIENTED_EDGE('',*,*,#10154,.F.);
#10157=ORIENTED_EDGE('',*,*,#10156,.F.);
#10159=ORIENTED_EDGE('',*,*,#10158,.F.);
#10160=ORIENTED_EDGE('',*,*,#10097,.T.);
#10162=ORIENTED_EDGE('',*,*,#10161,.F.);
#10164=ORIENTED_EDGE('',*,*,#10163,.F.);
#10166=ORIENTED_EDGE('',*,*,#10165,.F.);
#10167=ORIENTED_EDGE('',*,*,#10081,.T.);
#10169=ORIENTED_EDGE('',*,*,#10168,.F.);
#10171=ORIENTED_EDGE('',*,*,#10170,.F.);
#10173=ORIENTED_EDGE('',*,*,#10172,.F.);
#10174=ORIENTED_EDGE('',*,*,#10065,.T.);
#10176=ORIENTED_EDGE('',*,*,#10175,.F.);
#10178=ORIENTED_EDGE('',*,*,#10177,.F.);
#10180=ORIENTED_EDGE('',*,*,#10179,.F.);
#10181=ORIENTED_EDGE('',*,*,#10049,.T.);
#10182=EDGE_LOOP('',(#10148,#10150,#10152,#10153,#10155,#10157,#10159,#10160,
#10162,#10164,#10166,#10167,#10169,#10171,#10173,#10174,#10176,#10178,#10180,
#10181));
#10183=FACE_OUTER_BOUND('',#10182,.F.);
#10185=CARTESIAN_POINT('',(0.E0,6.790972E0,3.354824246836E1));
#10186=DIRECTION('',(0.E0,-1.E0,-1.386358326588E-14));
#10187=DIRECTION('',(0.E0,1.386358326588E-14,-1.E0));
#10188=AXIS2_PLACEMENT_3D('',#10185,#10186,#10187);
#10189=PLANE('',#10188);
#10190=ORIENTED_EDGE('',*,*,#8958,.T.);
#10192=ORIENTED_EDGE('',*,*,#10191,.F.);
#10194=ORIENTED_EDGE('',*,*,#10193,.T.);
#10196=ORIENTED_EDGE('',*,*,#10195,.T.);
#10198=ORIENTED_EDGE('',*,*,#10197,.F.);
#10200=ORIENTED_EDGE('',*,*,#10199,.F.);
#10202=ORIENTED_EDGE('',*,*,#10201,.F.);
#10203=ORIENTED_EDGE('',*,*,#10149,.F.);
#10204=EDGE_LOOP('',(#10190,#10192,#10194,#10196,#10198,#10200,#10202,#10203));
#10205=FACE_OUTER_BOUND('',#10204,.F.);
#10207=CARTESIAN_POINT('',(4.4E1,6.790972E0,2.228E1));
#10208=DIRECTION('',(0.E0,-1.386358326588E-14,1.E0));
#10209=DIRECTION('',(-1.E0,0.E0,0.E0));
#10210=AXIS2_PLACEMENT_3D('',#10207,#10208,#10209);
#10211=PLANE('',#10210);
#10212=ORIENTED_EDGE('',*,*,#10191,.T.);
#10213=ORIENTED_EDGE('',*,*,#8956,.F.);
#10215=ORIENTED_EDGE('',*,*,#10214,.F.);
#10217=ORIENTED_EDGE('',*,*,#10216,.F.);
#10219=ORIENTED_EDGE('',*,*,#10218,.F.);
#10221=ORIENTED_EDGE('',*,*,#10220,.T.);
#10222=EDGE_LOOP('',(#10212,#10213,#10215,#10217,#10219,#10221));
#10223=FACE_OUTER_BOUND('',#10222,.F.);
#10225=CARTESIAN_POINT('',(4.5E1,6.99434E0,3.373814585559E1));
#10226=DIRECTION('',(0.E0,-1.E0,0.E0));
#10227=DIRECTION('',(0.E0,0.E0,-1.E0));
#10228=AXIS2_PLACEMENT_3D('',#10225,#10226,#10227);
#10229=PLANE('',#10228);
#10230=ORIENTED_EDGE('',*,*,#8954,.F.);
#10232=ORIENTED_EDGE('',*,*,#10231,.F.);
#10233=ORIENTED_EDGE('',*,*,#8781,.T.);
#10235=ORIENTED_EDGE('',*,*,#10234,.T.);
#10236=ORIENTED_EDGE('',*,*,#8974,.F.);
#10238=ORIENTED_EDGE('',*,*,#10237,.F.);
#10240=ORIENTED_EDGE('',*,*,#10239,.T.);
#10241=ORIENTED_EDGE('',*,*,#10214,.T.);
#10242=EDGE_LOOP('',(#10230,#10232,#10233,#10235,#10236,#10238,#10240,#10241));
#10243=FACE_OUTER_BOUND('',#10242,.F.);
#10245=CARTESIAN_POINT('',(4.5E1,3.201979E0,3.393463337733E1));
#10246=DIRECTION('',(0.E0,-5.174199500267E-2,-9.986604858275E-1));
#10247=DIRECTION('',(0.E0,9.986604858275E-1,-5.174199500267E-2));
#10248=AXIS2_PLACEMENT_3D('',#10245,#10246,#10247);
#10249=PLANE('',#10248);
#10251=ORIENTED_EDGE('',*,*,#10250,.F.);
#10252=ORIENTED_EDGE('',*,*,#8783,.T.);
#10253=ORIENTED_EDGE('',*,*,#10231,.T.);
#10254=ORIENTED_EDGE('',*,*,#8964,.F.);
#10255=ORIENTED_EDGE('',*,*,#10138,.F.);
#10257=ORIENTED_EDGE('',*,*,#10256,.F.);
#10258=EDGE_LOOP('',(#10251,#10252,#10253,#10254,#10255,#10257));
#10259=FACE_OUTER_BOUND('',#10258,.F.);
#10261=CARTESIAN_POINT('',(4.5E1,3.201979E0,5.6691285E1));
#10262=DIRECTION('',(0.E0,-1.E0,0.E0));
#10263=DIRECTION('',(0.E0,0.E0,-1.E0));
#10264=AXIS2_PLACEMENT_3D('',#10261,#10262,#10263);
#10265=PLANE('',#10264);
#10266=ORIENTED_EDGE('',*,*,#10250,.T.);
#10268=ORIENTED_EDGE('',*,*,#10267,.F.);
#10270=ORIENTED_EDGE('',*,*,#10269,.F.);
#10271=ORIENTED_EDGE('',*,*,#8785,.T.);
#10272=EDGE_LOOP('',(#10266,#10268,#10270,#10271));
#10273=FACE_OUTER_BOUND('',#10272,.F.);
#10275=CARTESIAN_POINT('',(4.365E1,3.000000000002E0,5.6691285E1));
#10276=DIRECTION('',(1.E0,0.E0,0.E0));
#10277=DIRECTION('',(0.E0,1.E0,-2.702955214810E-14));
#10278=AXIS2_PLACEMENT_3D('',#10275,#10276,#10277);
#10279=PLANE('',#10278);
#10280=ORIENTED_EDGE('',*,*,#10267,.T.);
#10281=ORIENTED_EDGE('',*,*,#10256,.T.);
#10282=ORIENTED_EDGE('',*,*,#10136,.T.);
#10284=ORIENTED_EDGE('',*,*,#10283,.F.);
#10286=ORIENTED_EDGE('',*,*,#10285,.T.);
#10288=ORIENTED_EDGE('',*,*,#10287,.T.);
#10289=ORIENTED_EDGE('',*,*,#10128,.T.);
#10291=ORIENTED_EDGE('',*,*,#10290,.T.);
#10292=EDGE_LOOP('',(#10280,#10281,#10282,#10284,#10286,#10288,#10289,#10291));
#10293=FACE_OUTER_BOUND('',#10292,.F.);
#10295=CARTESIAN_POINT('',(4.365E1,5.590000000001E0,4.3E1));
#10296=DIRECTION('',(-2.228735714501E-13,2.702955214810E-14,1.E0));
#10297=DIRECTION('',(-1.E0,0.E0,-2.228735714501E-13));
#10298=AXIS2_PLACEMENT_3D('',#10295,#10296,#10297);
#10299=PLANE('',#10298);
#10300=ORIENTED_EDGE('',*,*,#10283,.T.);
#10301=ORIENTED_EDGE('',*,*,#10134,.F.);
#10303=ORIENTED_EDGE('',*,*,#10302,.F.);
#10305=ORIENTED_EDGE('',*,*,#10304,.T.);
#10306=EDGE_LOOP('',(#10300,#10301,#10303,#10305));
#10307=FACE_OUTER_BOUND('',#10306,.F.);
#10309=CARTESIAN_POINT('',(3.615E1,5.590000000001E0,4.3E1));
#10310=DIRECTION('',(1.E0,0.E0,-1.617146581520E-14));
#10311=DIRECTION('',(1.617146581520E-14,2.702955214810E-14,1.E0));
#10312=AXIS2_PLACEMENT_3D('',#10309,#10310,#10311);
#10313=PLANE('',#10312);
#10315=ORIENTED_EDGE('',*,*,#10314,.F.);
#10317=ORIENTED_EDGE('',*,*,#10316,.T.);
#10318=ORIENTED_EDGE('',*,*,#10302,.T.);
#10319=ORIENTED_EDGE('',*,*,#10132,.F.);
#10320=EDGE_LOOP('',(#10315,#10317,#10318,#10319));
#10321=FACE_OUTER_BOUND('',#10320,.F.);
#10323=CARTESIAN_POINT('',(3.615E1,5.590000000001E0,4.8711947E1));
#10324=DIRECTION('',(0.E0,-2.702955214810E-14,-1.E0));
#10325=DIRECTION('',(1.E0,0.E0,0.E0));
#10326=AXIS2_PLACEMENT_3D('',#10323,#10324,#10325);
#10327=PLANE('',#10326);
#10328=ORIENTED_EDGE('',*,*,#10314,.T.);
#10329=ORIENTED_EDGE('',*,*,#10130,.T.);
#10330=ORIENTED_EDGE('',*,*,#10287,.F.);
#10332=ORIENTED_EDGE('',*,*,#10331,.T.);
#10333=EDGE_LOOP('',(#10328,#10329,#10330,#10332));
#10334=FACE_OUTER_BOUND('',#10333,.F.);
#10336=CARTESIAN_POINT('',(0.E0,9.390000000002E0,5.6691285E1));
#10337=DIRECTION('',(0.E0,1.E0,-2.702955214810E-14));
#10338=DIRECTION('',(1.E0,0.E0,0.E0));
#10339=AXIS2_PLACEMENT_3D('',#10336,#10337,#10338);
#10340=PLANE('',#10339);
#10341=ORIENTED_EDGE('',*,*,#10331,.F.);
#10342=ORIENTED_EDGE('',*,*,#10285,.F.);
#10343=ORIENTED_EDGE('',*,*,#10304,.F.);
#10344=ORIENTED_EDGE('',*,*,#10316,.F.);
#10345=EDGE_LOOP('',(#10341,#10342,#10343,#10344));
#10346=FACE_OUTER_BOUND('',#10345,.F.);
#10348=ORIENTED_EDGE('',*,*,#10347,.T.);
#10350=ORIENTED_EDGE('',*,*,#10349,.T.);
#10352=ORIENTED_EDGE('',*,*,#10351,.T.);
#10354=ORIENTED_EDGE('',*,*,#10353,.T.);
#10355=EDGE_LOOP('',(#10348,#10350,#10352,#10354));
#10356=FACE_BOUND('',#10355,.F.);
#10358=CARTESIAN_POINT('',(4.35671215E1,5.590000000001E0,4.482889E1));
#10359=DIRECTION('',(0.E0,2.702955214810E-14,1.E0));
#10360=DIRECTION('',(-1.E0,0.E0,0.E0));
#10361=AXIS2_PLACEMENT_3D('',#10358,#10359,#10360);
#10362=PLANE('',#10361);
#10364=ORIENTED_EDGE('',*,*,#10363,.T.);
#10365=ORIENTED_EDGE('',*,*,#10347,.F.);
#10367=ORIENTED_EDGE('',*,*,#10366,.F.);
#10369=ORIENTED_EDGE('',*,*,#10368,.T.);
#10370=EDGE_LOOP('',(#10364,#10365,#10367,#10369));
#10371=FACE_OUTER_BOUND('',#10370,.F.);
#10373=CARTESIAN_POINT('',(4.35671215E1,5.590000000001E0,4.7757221E1));
#10374=DIRECTION('',(-1.E0,0.E0,0.E0));
#10375=DIRECTION('',(0.E0,-2.702955214810E-14,-1.E0));
#10376=AXIS2_PLACEMENT_3D('',#10373,#10374,#10375);
#10377=PLANE('',#10376);
#10378=ORIENTED_EDGE('',*,*,#10363,.F.);
#10380=ORIENTED_EDGE('',*,*,#10379,.T.);
#10382=ORIENTED_EDGE('',*,*,#10381,.T.);
#10383=ORIENTED_EDGE('',*,*,#10349,.F.);
#10384=EDGE_LOOP('',(#10378,#10380,#10382,#10383));
#10385=FACE_OUTER_BOUND('',#10384,.F.);
#10387=CARTESIAN_POINT('',(0.E0,1.249E1,5.6691285E1));
#10388=DIRECTION('',(0.E0,1.E0,-2.702955214810E-14));
#10389=DIRECTION('',(1.E0,0.E0,0.E0));
#10390=AXIS2_PLACEMENT_3D('',#10387,#10388,#10389);
#10391=PLANE('',#10390);
#10392=ORIENTED_EDGE('',*,*,#10368,.F.);
#10394=ORIENTED_EDGE('',*,*,#10393,.F.);
#10396=ORIENTED_EDGE('',*,*,#10395,.F.);
#10397=ORIENTED_EDGE('',*,*,#10379,.F.);
#10398=EDGE_LOOP('',(#10392,#10394,#10396,#10397));
#10399=FACE_OUTER_BOUND('',#10398,.F.);
#10401=CARTESIAN_POINT('',(3.61636475E1,5.590000000001E0,4.482889E1));
#10402=DIRECTION('',(1.E0,0.E0,0.E0));
#10403=DIRECTION('',(0.E0,2.702955214810E-14,1.E0));
#10404=AXIS2_PLACEMENT_3D('',#10401,#10402,#10403);
#10405=PLANE('',#10404);
#10406=ORIENTED_EDGE('',*,*,#10366,.T.);
#10407=ORIENTED_EDGE('',*,*,#10353,.F.);
#10409=ORIENTED_EDGE('',*,*,#10408,.F.);
#10410=ORIENTED_EDGE('',*,*,#10393,.T.);
#10411=EDGE_LOOP('',(#10406,#10407,#10409,#10410));
#10412=FACE_OUTER_BOUND('',#10411,.F.);
#10414=CARTESIAN_POINT('',(3.61636475E1,5.590000000001E0,4.7757221E1));
#10415=DIRECTION('',(0.E0,-2.702955214810E-14,-1.E0));
#10416=DIRECTION('',(1.E0,0.E0,0.E0));
#10417=AXIS2_PLACEMENT_3D('',#10414,#10415,#10416);
#10418=PLANE('',#10417);
#10419=ORIENTED_EDGE('',*,*,#10408,.T.);
#10420=ORIENTED_EDGE('',*,*,#10351,.F.);
#10421=ORIENTED_EDGE('',*,*,#10381,.F.);
#10422=ORIENTED_EDGE('',*,*,#10395,.T.);
#10423=EDGE_LOOP('',(#10419,#10420,#10421,#10422));
#10424=FACE_OUTER_BOUND('',#10423,.F.);
#10426=CARTESIAN_POINT('',(0.E0,5.589999999999E0,5.653E1));
#10427=DIRECTION('',(0.E0,1.382976518076E-14,-1.E0));
#10428=DIRECTION('',(0.E0,-1.E0,-1.382976518076E-14));
#10429=AXIS2_PLACEMENT_3D('',#10426,#10427,#10428);
#10430=PLANE('',#10429);
#10431=ORIENTED_EDGE('',*,*,#10269,.T.);
#10432=ORIENTED_EDGE('',*,*,#10290,.F.);
#10433=ORIENTED_EDGE('',*,*,#10126,.F.);
#10434=ORIENTED_EDGE('',*,*,#8787,.F.);
#10435=EDGE_LOOP('',(#10431,#10432,#10433,#10434));
#10436=FACE_OUTER_BOUND('',#10435,.F.);
#10438=CARTESIAN_POINT('',(4.5E1,6.99434E0,7.094836259320E0));
#10439=DIRECTION('',(0.E0,-5.129696375403E-2,9.986834440951E-1));
#10440=DIRECTION('',(0.E0,-9.986834440951E-1,-5.129696375403E-2));
#10441=AXIS2_PLACEMENT_3D('',#10438,#10439,#10440);
#10442=PLANE('',#10441);
#10443=ORIENTED_EDGE('',*,*,#10234,.F.);
#10444=ORIENTED_EDGE('',*,*,#8779,.T.);
#10446=ORIENTED_EDGE('',*,*,#10445,.T.);
#10447=ORIENTED_EDGE('',*,*,#8976,.F.);
#10448=EDGE_LOOP('',(#10443,#10444,#10446,#10447));
#10449=FACE_OUTER_BOUND('',#10448,.F.);
#10451=CARTESIAN_POINT('',(4.5E1,2.03368E-1,6.746020779702E0));
#10452=DIRECTION('',(0.E0,-1.E0,0.E0));
#10453=DIRECTION('',(0.E0,0.E0,-1.E0));
#10454=AXIS2_PLACEMENT_3D('',#10451,#10452,#10453);
#10455=PLANE('',#10454);
#10456=ORIENTED_EDGE('',*,*,#8978,.F.);
#10457=ORIENTED_EDGE('',*,*,#10445,.F.);
#10458=ORIENTED_EDGE('',*,*,#8777,.F.);
#10460=ORIENTED_EDGE('',*,*,#10459,.T.);
#10461=EDGE_LOOP('',(#10456,#10457,#10458,#10460));
#10462=FACE_OUTER_BOUND('',#10461,.F.);
#10464=CARTESIAN_POINT('',(0.E0,0.E0,0.E0));
#10465=DIRECTION('',(0.E0,2.159967809947E-13,-1.E0));
#10466=DIRECTION('',(0.E0,1.E0,2.159967809947E-13));
#10467=AXIS2_PLACEMENT_3D('',#10464,#10465,#10466);
#10468=PLANE('',#10467);
#10469=ORIENTED_EDGE('',*,*,#8980,.F.);
#10470=ORIENTED_EDGE('',*,*,#10459,.F.);
#10471=ORIENTED_EDGE('',*,*,#8775,.F.);
#10473=ORIENTED_EDGE('',*,*,#10472,.T.);
#10475=ORIENTED_EDGE('',*,*,#10474,.T.);
#10477=ORIENTED_EDGE('',*,*,#10476,.F.);
#10479=ORIENTED_EDGE('',*,*,#10478,.F.);
#10481=ORIENTED_EDGE('',*,*,#10480,.T.);
#10483=ORIENTED_EDGE('',*,*,#10482,.F.);
#10485=ORIENTED_EDGE('',*,*,#10484,.F.);
#10487=ORIENTED_EDGE('',*,*,#10486,.F.);
#10489=ORIENTED_EDGE('',*,*,#10488,.T.);
#10491=ORIENTED_EDGE('',*,*,#10490,.T.);
#10492=ORIENTED_EDGE('',*,*,#8018,.T.);
#10494=ORIENTED_EDGE('',*,*,#10493,.T.);
#10496=ORIENTED_EDGE('',*,*,#10495,.T.);
#10498=ORIENTED_EDGE('',*,*,#10497,.F.);
#10499=EDGE_LOOP('',(#10469,#10470,#10471,#10473,#10475,#10477,#10479,#10481,
#10483,#10485,#10487,#10489,#10491,#10492,#10494,#10496,#10498));
#10500=FACE_OUTER_BOUND('',#10499,.F.);
#10502=ORIENTED_EDGE('',*,*,#10501,.F.);
#10504=ORIENTED_EDGE('',*,*,#10503,.F.);
#10506=ORIENTED_EDGE('',*,*,#10505,.F.);
#10508=ORIENTED_EDGE('',*,*,#10507,.F.);
#10509=EDGE_LOOP('',(#10502,#10504,#10506,#10508));
#10510=FACE_BOUND('',#10509,.F.);
#10512=ORIENTED_EDGE('',*,*,#10511,.F.);
#10514=ORIENTED_EDGE('',*,*,#10513,.F.);
#10516=ORIENTED_EDGE('',*,*,#10515,.F.);
#10518=ORIENTED_EDGE('',*,*,#10517,.F.);
#10519=EDGE_LOOP('',(#10512,#10514,#10516,#10518));
#10520=FACE_BOUND('',#10519,.F.);
#10522=CARTESIAN_POINT('',(3.681266301447E1,7.508310810811E0,
1.039168751049E-13));
#10523=DIRECTION('',(0.E0,1.E0,1.382976518076E-14));
#10524=DIRECTION('',(1.E0,0.E0,0.E0));
#10525=AXIS2_PLACEMENT_3D('',#10522,#10523,#10524);
#10526=PLANE('',#10525);
#10527=ORIENTED_EDGE('',*,*,#10511,.T.);
#10529=ORIENTED_EDGE('',*,*,#10528,.F.);
#10531=ORIENTED_EDGE('',*,*,#10530,.F.);
#10533=ORIENTED_EDGE('',*,*,#10532,.T.);
#10534=EDGE_LOOP('',(#10527,#10529,#10531,#10533));
#10535=FACE_OUTER_BOUND('',#10534,.F.);
#10537=CARTESIAN_POINT('',(3.681266301447E1,1.008310810811E0,
1.376676550535E-14));
#10538=DIRECTION('',(-1.E0,0.E0,0.E0));
#10539=DIRECTION('',(0.E0,1.E0,1.382976518076E-14));
#10540=AXIS2_PLACEMENT_3D('',#10537,#10538,#10539);
#10541=PLANE('',#10540);
#10542=ORIENTED_EDGE('',*,*,#10517,.T.);
#10544=ORIENTED_EDGE('',*,*,#10543,.F.);
#10546=ORIENTED_EDGE('',*,*,#10545,.F.);
#10547=ORIENTED_EDGE('',*,*,#10528,.T.);
#10548=EDGE_LOOP('',(#10542,#10544,#10546,#10547));
#10549=FACE_OUTER_BOUND('',#10548,.F.);
#10551=CARTESIAN_POINT('',(4.381266301447E1,1.008310810811E0,
1.376676550535E-14));
#10552=DIRECTION('',(0.E0,-1.E0,-1.382976518076E-14));
#10553=DIRECTION('',(-1.E0,0.E0,0.E0));
#10554=AXIS2_PLACEMENT_3D('',#10551,#10552,#10553);
#10555=PLANE('',#10554);
#10556=ORIENTED_EDGE('',*,*,#10515,.T.);
#10558=ORIENTED_EDGE('',*,*,#10557,.F.);
#10560=ORIENTED_EDGE('',*,*,#10559,.F.);
#10561=ORIENTED_EDGE('',*,*,#10543,.T.);
#10562=EDGE_LOOP('',(#10556,#10558,#10560,#10561));
#10563=FACE_OUTER_BOUND('',#10562,.F.);
#10565=CARTESIAN_POINT('',(4.381266301447E1,7.508310810811E0,
1.039168751049E-13));
#10566=DIRECTION('',(1.E0,0.E0,0.E0));
#10567=DIRECTION('',(0.E0,-1.E0,-1.382976518076E-14));
#10568=AXIS2_PLACEMENT_3D('',#10565,#10566,#10567);
#10569=PLANE('',#10568);
#10570=ORIENTED_EDGE('',*,*,#10513,.T.);
#10571=ORIENTED_EDGE('',*,*,#10532,.F.);
#10573=ORIENTED_EDGE('',*,*,#10572,.F.);
#10574=ORIENTED_EDGE('',*,*,#10557,.T.);
#10575=EDGE_LOOP('',(#10570,#10571,#10573,#10574));
#10576=FACE_OUTER_BOUND('',#10575,.F.);
#10578=CARTESIAN_POINT('',(2.25E1,1.15E1,3.6E0));
#10579=DIRECTION('',(0.E0,1.382976518076E-14,-1.E0));
#10580=DIRECTION('',(-1.E0,0.E0,0.E0));
#10581=AXIS2_PLACEMENT_3D('',#10578,#10579,#10580);
#10582=PLANE('',#10581);
#10583=ORIENTED_EDGE('',*,*,#10530,.T.);
#10584=ORIENTED_EDGE('',*,*,#10545,.T.);
#10585=ORIENTED_EDGE('',*,*,#10559,.T.);
#10586=ORIENTED_EDGE('',*,*,#10572,.T.);
#10587=EDGE_LOOP('',(#10583,#10584,#10585,#10586));
#10588=FACE_OUTER_BOUND('',#10587,.F.);
#10590=ORIENTED_EDGE('',*,*,#10589,.T.);
#10592=ORIENTED_EDGE('',*,*,#10591,.F.);
#10594=ORIENTED_EDGE('',*,*,#10593,.T.);
#10596=ORIENTED_EDGE('',*,*,#10595,.F.);
#10597=EDGE_LOOP('',(#10590,#10592,#10594,#10596));
#10598=FACE_BOUND('',#10597,.F.);
#10600=CARTESIAN_POINT('',(3.912117758801E1,3.470308349102E0,
4.796163466381E-14));
#10601=DIRECTION('',(0.E0,1.382976518076E-14,-1.E0));
#10602=DIRECTION('',(-1.E0,0.E0,0.E0));
#10603=AXIS2_PLACEMENT_3D('',#10600,#10601,#10602);
#10604=CYLINDRICAL_SURFACE('',#10603,2.04E0);
#10605=ORIENTED_EDGE('',*,*,#10589,.F.);
#10607=ORIENTED_EDGE('',*,*,#10606,.T.);
#10609=ORIENTED_EDGE('',*,*,#10608,.F.);
#10611=ORIENTED_EDGE('',*,*,#10610,.T.);
#10612=EDGE_LOOP('',(#10605,#10607,#10609,#10611));
#10613=FACE_OUTER_BOUND('',#10612,.F.);
#10615=CARTESIAN_POINT('',(4.081617758801E1,5.035154174551E0,
6.972200594646E-14));
#10616=DIRECTION('',(1.E0,0.E0,0.E0));
#10617=DIRECTION('',(0.E0,-1.E0,-1.382976518076E-14));
#10618=AXIS2_PLACEMENT_3D('',#10615,#10616,#10617);
#10619=PLANE('',#10618);
#10620=ORIENTED_EDGE('',*,*,#10595,.T.);
#10622=ORIENTED_EDGE('',*,*,#10621,.F.);
#10624=ORIENTED_EDGE('',*,*,#10623,.T.);
#10625=ORIENTED_EDGE('',*,*,#10606,.F.);
#10626=EDGE_LOOP('',(#10620,#10622,#10624,#10625));
#10627=FACE_OUTER_BOUND('',#10626,.F.);
#10629=CARTESIAN_POINT('',(3.912117758801E1,3.9E0,5.373479439186E-14));
#10630=DIRECTION('',(0.E0,1.382976518076E-14,-1.E0));
#10631=DIRECTION('',(-1.E0,0.E0,0.E0));
#10632=AXIS2_PLACEMENT_3D('',#10629,#10630,#10631);
#10633=CYLINDRICAL_SURFACE('',#10632,2.04E0);
#10634=ORIENTED_EDGE('',*,*,#10593,.F.);
#10636=ORIENTED_EDGE('',*,*,#10635,.T.);
#10638=ORIENTED_EDGE('',*,*,#10637,.F.);
#10639=ORIENTED_EDGE('',*,*,#10621,.T.);
#10640=EDGE_LOOP('',(#10634,#10636,#10638,#10639));
#10641=FACE_OUTER_BOUND('',#10640,.F.);
#10643=CARTESIAN_POINT('',(3.742617758801E1,2.335154174551E0,
3.241851231905E-14));
#10644=DIRECTION('',(-1.E0,0.E0,0.E0));
#10645=DIRECTION('',(0.E0,1.E0,1.382976518076E-14));
#10646=AXIS2_PLACEMENT_3D('',#10643,#10644,#10645);
#10647=PLANE('',#10646);
#10648=ORIENTED_EDGE('',*,*,#10591,.T.);
#10649=ORIENTED_EDGE('',*,*,#10610,.F.);
#10651=ORIENTED_EDGE('',*,*,#10650,.T.);
#10652=ORIENTED_EDGE('',*,*,#10635,.F.);
#10653=EDGE_LOOP('',(#10648,#10649,#10651,#10652));
#10654=FACE_OUTER_BOUND('',#10653,.F.);
#10656=CARTESIAN_POINT('',(0.E0,6.790972E0,7.284827000002E0));
#10657=DIRECTION('',(0.E0,-5.129846222831E-2,9.986833671254E-1));
#10658=DIRECTION('',(0.E0,-9.986833671254E-1,-5.129846222831E-2));
#10659=AXIS2_PLACEMENT_3D('',#10656,#10657,#10658);
#10660=PLANE('',#10659);
#10661=ORIENTED_EDGE('',*,*,#8984,.T.);
#10663=ORIENTED_EDGE('',*,*,#10662,.T.);
#10665=ORIENTED_EDGE('',*,*,#10664,.F.);
#10667=ORIENTED_EDGE('',*,*,#10666,.F.);
#10668=ORIENTED_EDGE('',*,*,#10195,.F.);
#10670=ORIENTED_EDGE('',*,*,#10669,.F.);
#10671=EDGE_LOOP('',(#10661,#10663,#10665,#10667,#10668,#10670));
#10672=FACE_OUTER_BOUND('',#10671,.F.);
#10674=ORIENTED_EDGE('',*,*,#10673,.T.);
#10676=ORIENTED_EDGE('',*,*,#10675,.T.);
#10678=ORIENTED_EDGE('',*,*,#10677,.T.);
#10680=ORIENTED_EDGE('',*,*,#10679,.T.);
#10681=EDGE_LOOP('',(#10674,#10676,#10678,#10680));
#10682=FACE_BOUND('',#10681,.F.);
#10684=ORIENTED_EDGE('',*,*,#10683,.T.);
#10686=ORIENTED_EDGE('',*,*,#10685,.T.);
#10688=ORIENTED_EDGE('',*,*,#10687,.T.);
#10690=ORIENTED_EDGE('',*,*,#10689,.T.);
#10691=EDGE_LOOP('',(#10684,#10686,#10688,#10690));
#10692=FACE_BOUND('',#10691,.F.);
#10694=ORIENTED_EDGE('',*,*,#10693,.T.);
#10696=ORIENTED_EDGE('',*,*,#10695,.T.);
#10698=ORIENTED_EDGE('',*,*,#10697,.T.);
#10700=ORIENTED_EDGE('',*,*,#10699,.T.);
#10701=EDGE_LOOP('',(#10694,#10696,#10698,#10700));
#10702=FACE_BOUND('',#10701,.F.);
#10704=ORIENTED_EDGE('',*,*,#10703,.F.);
#10706=ORIENTED_EDGE('',*,*,#10705,.T.);
#10708=ORIENTED_EDGE('',*,*,#10707,.F.);
#10710=ORIENTED_EDGE('',*,*,#10709,.T.);
#10711=EDGE_LOOP('',(#10704,#10706,#10708,#10710));
#10712=FACE_BOUND('',#10711,.F.);
#10714=ORIENTED_EDGE('',*,*,#10713,.T.);
#10716=ORIENTED_EDGE('',*,*,#10715,.T.);
#10718=ORIENTED_EDGE('',*,*,#10717,.T.);
#10720=ORIENTED_EDGE('',*,*,#10719,.T.);
#10721=EDGE_LOOP('',(#10714,#10716,#10718,#10720));
#10722=FACE_BOUND('',#10721,.F.);
#10723=ORIENTED_EDGE('',*,*,#10608,.T.);
#10724=ORIENTED_EDGE('',*,*,#10623,.F.);
#10725=ORIENTED_EDGE('',*,*,#10637,.T.);
#10726=ORIENTED_EDGE('',*,*,#10650,.F.);
#10727=EDGE_LOOP('',(#10723,#10724,#10725,#10726));
#10728=FACE_BOUND('',#10727,.F.);
#10730=ORIENTED_EDGE('',*,*,#10729,.T.);
#10732=ORIENTED_EDGE('',*,*,#10731,.T.);
#10734=ORIENTED_EDGE('',*,*,#10733,.T.);
#10736=ORIENTED_EDGE('',*,*,#10735,.T.);
#10738=ORIENTED_EDGE('',*,*,#10737,.T.);
#10740=ORIENTED_EDGE('',*,*,#10739,.T.);
#10741=EDGE_LOOP('',(#10730,#10732,#10734,#10736,#10738,#10740));
#10742=FACE_BOUND('',#10741,.F.);
#10744=CARTESIAN_POINT('',(5.099684215302E0,4.E0,5.506706202141E-14));
#10745=DIRECTION('',(0.E0,1.382976518076E-14,-1.E0));
#10746=DIRECTION('',(-1.E0,0.E0,0.E0));
#10747=AXIS2_PLACEMENT_3D('',#10744,#10745,#10746);
#10748=CYLINDRICAL_SURFACE('',#10747,2.08E0);
#10750=ORIENTED_EDGE('',*,*,#10749,.F.);
#10752=ORIENTED_EDGE('',*,*,#10751,.F.);
#10754=ORIENTED_EDGE('',*,*,#10753,.T.);
#10755=ORIENTED_EDGE('',*,*,#10731,.F.);
#10756=ORIENTED_EDGE('',*,*,#10729,.F.);
#10758=ORIENTED_EDGE('',*,*,#10757,.T.);
#10759=EDGE_LOOP('',(#10750,#10752,#10754,#10755,#10756,#10758));
#10760=FACE_OUTER_BOUND('',#10759,.F.);
#10762=CARTESIAN_POINT('',(2.25E1,1.15E1,3.6E0));
#10763=DIRECTION('',(0.E0,1.382976518076E-14,-1.E0));
#10764=DIRECTION('',(-1.E0,0.E0,0.E0));
#10765=AXIS2_PLACEMENT_3D('',#10762,#10763,#10764);
#10766=PLANE('',#10765);
#10768=ORIENTED_EDGE('',*,*,#10767,.T.);
#10770=ORIENTED_EDGE('',*,*,#10769,.T.);
#10772=ORIENTED_EDGE('',*,*,#10771,.T.);
#10774=ORIENTED_EDGE('',*,*,#10773,.T.);
#10775=EDGE_LOOP('',(#10768,#10770,#10772,#10774));
#10776=FACE_OUTER_BOUND('',#10775,.F.);
#10777=ORIENTED_EDGE('',*,*,#10751,.T.);
#10778=ORIENTED_EDGE('',*,*,#10749,.T.);
#10780=ORIENTED_EDGE('',*,*,#10779,.F.);
#10782=ORIENTED_EDGE('',*,*,#10781,.T.);
#10784=ORIENTED_EDGE('',*,*,#10783,.T.);
#10786=ORIENTED_EDGE('',*,*,#10785,.F.);
#10787=EDGE_LOOP('',(#10777,#10778,#10780,#10782,#10784,#10786));
#10788=FACE_BOUND('',#10787,.F.);
#10790=CARTESIAN_POINT('',(8.2E0,1.008310810811E0,1.376676550535E-14));
#10791=DIRECTION('',(0.E0,-1.E0,-1.382976518076E-14));
#10792=DIRECTION('',(-1.E0,0.E0,0.E0));
#10793=AXIS2_PLACEMENT_3D('',#10790,#10791,#10792);
#10794=PLANE('',#10793);
#10795=ORIENTED_EDGE('',*,*,#10501,.T.);
#10797=ORIENTED_EDGE('',*,*,#10796,.F.);
#10798=ORIENTED_EDGE('',*,*,#10767,.F.);
#10800=ORIENTED_EDGE('',*,*,#10799,.T.);
#10801=EDGE_LOOP('',(#10795,#10797,#10798,#10800));
#10802=FACE_OUTER_BOUND('',#10801,.F.);
#10804=CARTESIAN_POINT('',(8.2E0,7.508310810811E0,1.039168751049E-13));
#10805=DIRECTION('',(1.E0,0.E0,0.E0));
#10806=DIRECTION('',(0.E0,-1.E0,-1.382976518076E-14));
#10807=AXIS2_PLACEMENT_3D('',#10804,#10805,#10806);
#10808=PLANE('',#10807);
#10809=ORIENTED_EDGE('',*,*,#10507,.T.);
#10811=ORIENTED_EDGE('',*,*,#10810,.F.);
#10812=ORIENTED_EDGE('',*,*,#10769,.F.);
#10813=ORIENTED_EDGE('',*,*,#10796,.T.);
#10814=EDGE_LOOP('',(#10809,#10811,#10812,#10813));
#10815=FACE_OUTER_BOUND('',#10814,.F.);
#10817=CARTESIAN_POINT('',(1.2E0,7.508310810811E0,1.039168751049E-13));
#10818=DIRECTION('',(0.E0,1.E0,1.382976518076E-14));
#10819=DIRECTION('',(1.E0,0.E0,0.E0));
#10820=AXIS2_PLACEMENT_3D('',#10817,#10818,#10819);
#10821=PLANE('',#10820);
#10822=ORIENTED_EDGE('',*,*,#10505,.T.);
#10824=ORIENTED_EDGE('',*,*,#10823,.F.);
#10825=ORIENTED_EDGE('',*,*,#10771,.F.);
#10826=ORIENTED_EDGE('',*,*,#10810,.T.);
#10827=EDGE_LOOP('',(#10822,#10824,#10825,#10826));
#10828=FACE_OUTER_BOUND('',#10827,.F.);
#10830=CARTESIAN_POINT('',(1.2E0,1.008310810811E0,1.376676550535E-14));
#10831=DIRECTION('',(-1.E0,0.E0,0.E0));
#10832=DIRECTION('',(0.E0,1.E0,1.382976518076E-14));
#10833=AXIS2_PLACEMENT_3D('',#10830,#10831,#10832);
#10834=PLANE('',#10833);
#10835=ORIENTED_EDGE('',*,*,#10503,.T.);
#10836=ORIENTED_EDGE('',*,*,#10799,.F.);
#10837=ORIENTED_EDGE('',*,*,#10773,.F.);
#10838=ORIENTED_EDGE('',*,*,#10823,.T.);
#10839=EDGE_LOOP('',(#10835,#10836,#10837,#10838));
#10840=FACE_OUTER_BOUND('',#10839,.F.);
#10842=CARTESIAN_POINT('',(6.283910387643E0,2.290026791806E0,
3.153033389935E-14));
#10843=DIRECTION('',(1.169947850506E-5,-9.999999999316E-1,-1.382976517982E-14));
#10844=DIRECTION('',(-9.999999999316E-1,-1.169947850506E-5,0.E0));
#10845=AXIS2_PLACEMENT_3D('',#10842,#10843,#10844);
#10846=PLANE('',#10845);
#10847=ORIENTED_EDGE('',*,*,#10779,.T.);
#10848=ORIENTED_EDGE('',*,*,#10757,.F.);
#10849=ORIENTED_EDGE('',*,*,#10739,.F.);
#10851=ORIENTED_EDGE('',*,*,#10850,.F.);
#10852=EDGE_LOOP('',(#10847,#10848,#10849,#10851));
#10853=FACE_OUTER_BOUND('',#10852,.F.);
#10855=CARTESIAN_POINT('',(5.124535222172E0,4.000025579897E0,
5.506706202141E-14));
#10856=DIRECTION('',(0.E0,1.382976518076E-14,-1.E0));
#10857=DIRECTION('',(-1.E0,0.E0,0.E0));
#10858=AXIS2_PLACEMENT_3D('',#10855,#10856,#10857);
#10859=CYLINDRICAL_SURFACE('',#10858,2.05E0);
#10860=ORIENTED_EDGE('',*,*,#10783,.F.);
#10861=ORIENTED_EDGE('',*,*,#10781,.F.);
#10862=ORIENTED_EDGE('',*,*,#10850,.T.);
#10863=ORIENTED_EDGE('',*,*,#10737,.F.);
#10864=ORIENTED_EDGE('',*,*,#10735,.F.);
#10866=ORIENTED_EDGE('',*,*,#10865,.T.);
#10867=EDGE_LOOP('',(#10860,#10861,#10862,#10863,#10864,#10866));
#10868=FACE_OUTER_BOUND('',#10867,.F.);
#10870=CARTESIAN_POINT('',(3.993871700458E0,5.71E0,7.904787935331E-14));
#10871=DIRECTION('',(0.E0,1.E0,1.382976518076E-14));
#10872=DIRECTION('',(1.E0,0.E0,0.E0));
#10873=AXIS2_PLACEMENT_3D('',#10870,#10871,#10872);
#10874=PLANE('',#10873);
#10875=ORIENTED_EDGE('',*,*,#10785,.T.);
#10876=ORIENTED_EDGE('',*,*,#10865,.F.);
#10877=ORIENTED_EDGE('',*,*,#10733,.F.);
#10878=ORIENTED_EDGE('',*,*,#10753,.F.);
#10879=EDGE_LOOP('',(#10875,#10876,#10877,#10878));
#10880=FACE_OUTER_BOUND('',#10879,.F.);
#10882=CARTESIAN_POINT('',(1.387491415287E1,4.000068842713E0,
5.506706202141E-14));
#10883=DIRECTION('',(0.E0,1.382976518076E-14,-1.E0));
#10884=DIRECTION('',(-1.E0,0.E0,0.E0));
#10885=AXIS2_PLACEMENT_3D('',#10882,#10883,#10884);
#10886=CYLINDRICAL_SURFACE('',#10885,1.5E0);
#10888=ORIENTED_EDGE('',*,*,#10887,.F.);
#10890=ORIENTED_EDGE('',*,*,#10889,.F.);
#10892=ORIENTED_EDGE('',*,*,#10891,.T.);
#10893=ORIENTED_EDGE('',*,*,#10675,.F.);
#10894=ORIENTED_EDGE('',*,*,#10673,.F.);
#10896=ORIENTED_EDGE('',*,*,#10895,.F.);
#10897=EDGE_LOOP('',(#10888,#10890,#10892,#10893,#10894,#10896));
#10898=FACE_OUTER_BOUND('',#10897,.F.);
#10900=CARTESIAN_POINT('',(2.25E1,1.15E1,6.E0));
#10901=DIRECTION('',(0.E0,1.382976518076E-14,-1.E0));
#10902=DIRECTION('',(-1.E0,0.E0,0.E0));
#10903=AXIS2_PLACEMENT_3D('',#10900,#10901,#10902);
#10904=PLANE('',#10903);
#10906=ORIENTED_EDGE('',*,*,#10905,.T.);
#10908=ORIENTED_EDGE('',*,*,#10907,.F.);
#10910=ORIENTED_EDGE('',*,*,#10909,.T.);
#10912=ORIENTED_EDGE('',*,*,#10911,.T.);
#10914=ORIENTED_EDGE('',*,*,#10913,.T.);
#10916=ORIENTED_EDGE('',*,*,#10915,.T.);
#10918=ORIENTED_EDGE('',*,*,#10917,.T.);
#10920=ORIENTED_EDGE('',*,*,#10919,.T.);
#10922=ORIENTED_EDGE('',*,*,#10921,.F.);
#10924=ORIENTED_EDGE('',*,*,#10923,.F.);
#10926=ORIENTED_EDGE('',*,*,#10925,.F.);
#10928=ORIENTED_EDGE('',*,*,#10927,.T.);
#10929=EDGE_LOOP('',(#10906,#10908,#10910,#10912,#10914,#10916,#10918,#10920,
#10922,#10924,#10926,#10928));
#10930=FACE_OUTER_BOUND('',#10929,.F.);
#10931=ORIENTED_EDGE('',*,*,#10889,.T.);
#10932=ORIENTED_EDGE('',*,*,#10887,.T.);
#10934=ORIENTED_EDGE('',*,*,#10933,.T.);
#10936=ORIENTED_EDGE('',*,*,#10935,.T.);
#10938=ORIENTED_EDGE('',*,*,#10937,.F.);
#10939=EDGE_LOOP('',(#10931,#10932,#10934,#10936,#10938));
#10940=FACE_BOUND('',#10939,.F.);
#10942=ORIENTED_EDGE('',*,*,#10941,.T.);
#10944=ORIENTED_EDGE('',*,*,#10943,.T.);
#10946=ORIENTED_EDGE('',*,*,#10945,.T.);
#10948=ORIENTED_EDGE('',*,*,#10947,.T.);
#10949=EDGE_LOOP('',(#10942,#10944,#10946,#10948));
#10950=FACE_BOUND('',#10949,.F.);
#10952=ORIENTED_EDGE('',*,*,#10951,.T.);
#10954=ORIENTED_EDGE('',*,*,#10953,.T.);
#10956=ORIENTED_EDGE('',*,*,#10955,.T.);
#10958=ORIENTED_EDGE('',*,*,#10957,.T.);
#10960=ORIENTED_EDGE('',*,*,#10959,.F.);
#10961=EDGE_LOOP('',(#10952,#10954,#10956,#10958,#10960));
#10962=FACE_BOUND('',#10961,.F.);
#10964=CARTESIAN_POINT('',(1.968E1,6.689958837873E0,9.237055564881E-14));
#10965=DIRECTION('',(9.999566494737E-1,9.311239091702E-3,0.E0));
#10966=DIRECTION('',(9.311239091702E-3,-9.999566494737E-1,-1.382916565316E-14));
#10967=AXIS2_PLACEMENT_3D('',#10964,#10965,#10966);
#10968=PLANE('',#10967);
#10970=ORIENTED_EDGE('',*,*,#10969,.T.);
#10972=ORIENTED_EDGE('',*,*,#10971,.T.);
#10973=ORIENTED_EDGE('',*,*,#10689,.F.);
#10975=ORIENTED_EDGE('',*,*,#10974,.F.);
#10976=ORIENTED_EDGE('',*,*,#10905,.F.);
#10978=ORIENTED_EDGE('',*,*,#10977,.T.);
#10979=EDGE_LOOP('',(#10970,#10972,#10973,#10975,#10976,#10978));
#10980=FACE_OUTER_BOUND('',#10979,.F.);
#10982=CARTESIAN_POINT('',(2.25E1,1.15E1,3.6E0));
#10983=DIRECTION('',(0.E0,1.382976518076E-14,-1.E0));
#10984=DIRECTION('',(-1.E0,0.E0,0.E0));
#10985=AXIS2_PLACEMENT_3D('',#10982,#10983,#10984);
#10986=PLANE('',#10985);
#10988=ORIENTED_EDGE('',*,*,#10987,.F.);
#10989=ORIENTED_EDGE('',*,*,#10969,.F.);
#10991=ORIENTED_EDGE('',*,*,#10990,.F.);
#10993=ORIENTED_EDGE('',*,*,#10992,.F.);
#10995=ORIENTED_EDGE('',*,*,#10994,.F.);
#10997=ORIENTED_EDGE('',*,*,#10996,.F.);
#10999=ORIENTED_EDGE('',*,*,#10998,.F.);
#11001=ORIENTED_EDGE('',*,*,#11000,.F.);
#11003=ORIENTED_EDGE('',*,*,#11002,.T.);
#11005=ORIENTED_EDGE('',*,*,#11004,.T.);
#11007=ORIENTED_EDGE('',*,*,#11006,.T.);
#11009=ORIENTED_EDGE('',*,*,#11008,.T.);
#11011=ORIENTED_EDGE('',*,*,#11010,.F.);
#11013=ORIENTED_EDGE('',*,*,#11012,.T.);
#11015=ORIENTED_EDGE('',*,*,#11014,.T.);
#11017=ORIENTED_EDGE('',*,*,#11016,.T.);
#11019=ORIENTED_EDGE('',*,*,#11018,.F.);
#11021=ORIENTED_EDGE('',*,*,#11020,.F.);
#11022=EDGE_LOOP('',(#10988,#10989,#10991,#10993,#10995,#10997,#10999,#11001,
#11003,#11005,#11007,#11009,#11011,#11013,#11015,#11017,#11019,#11021));
#11023=FACE_OUTER_BOUND('',#11022,.F.);
#11025=CARTESIAN_POINT('',(1.693000000031E1,6.69E0,9.237055564881E-14));
#11026=DIRECTION('',(1.496804641896E-5,9.999999998880E-1,1.382976517921E-14));
#11027=DIRECTION('',(9.999999998880E-1,-1.496804641896E-5,0.E0));
#11028=AXIS2_PLACEMENT_3D('',#11025,#11026,#11027);
#11029=PLANE('',#11028);
#11030=ORIENTED_EDGE('',*,*,#10987,.T.);
#11032=ORIENTED_EDGE('',*,*,#11031,.T.);
#11033=ORIENTED_EDGE('',*,*,#10683,.F.);
#11034=ORIENTED_EDGE('',*,*,#10971,.F.);
#11035=EDGE_LOOP('',(#11030,#11032,#11033,#11034));
#11036=FACE_OUTER_BOUND('',#11035,.F.);
#11038=CARTESIAN_POINT('',(1.696258933713E1,3.190151726842E0,
4.396483177516E-14));
#11039=DIRECTION('',(-9.999566494737E-1,-9.311239091702E-3,0.E0));
#11040=DIRECTION('',(-9.311239091702E-3,9.999566494737E-1,1.382916565316E-14));
#11041=AXIS2_PLACEMENT_3D('',#11038,#11039,#11040);
#11042=PLANE('',#11041);
#11043=ORIENTED_EDGE('',*,*,#11020,.T.);
#11045=ORIENTED_EDGE('',*,*,#11044,.F.);
#11046=ORIENTED_EDGE('',*,*,#10909,.F.);
#11048=ORIENTED_EDGE('',*,*,#11047,.T.);
#11049=ORIENTED_EDGE('',*,*,#10685,.F.);
#11050=ORIENTED_EDGE('',*,*,#11031,.F.);
#11051=EDGE_LOOP('',(#11043,#11045,#11046,#11048,#11049,#11050));
#11052=FACE_OUTER_BOUND('',#11051,.F.);
#11054=CARTESIAN_POINT('',(9.5E0,6.6E0,9.103828801926E-14));
#11055=DIRECTION('',(0.E0,1.E0,1.382976518076E-14));
#11056=DIRECTION('',(1.E0,0.E0,0.E0));
#11057=AXIS2_PLACEMENT_3D('',#11054,#11055,#11056);
#11058=PLANE('',#11057);
#11059=ORIENTED_EDGE('',*,*,#11018,.T.);
#11061=ORIENTED_EDGE('',*,*,#11060,.F.);
#11062=ORIENTED_EDGE('',*,*,#10911,.F.);
#11063=ORIENTED_EDGE('',*,*,#11044,.T.);
#11064=EDGE_LOOP('',(#11059,#11061,#11062,#11063));
#11065=FACE_OUTER_BOUND('',#11064,.F.);
#11067=CARTESIAN_POINT('',(9.5E0,1.E0,1.376676550535E-14));
#11068=DIRECTION('',(-1.E0,0.E0,0.E0));
#11069=DIRECTION('',(0.E0,1.E0,1.382976518076E-14));
#11070=AXIS2_PLACEMENT_3D('',#11067,#11068,#11069);
#11071=PLANE('',#11070);
#11073=ORIENTED_EDGE('',*,*,#11072,.T.);
#11074=ORIENTED_EDGE('',*,*,#10482,.T.);
#11076=ORIENTED_EDGE('',*,*,#11075,.F.);
#11077=ORIENTED_EDGE('',*,*,#10913,.F.);
#11078=ORIENTED_EDGE('',*,*,#11060,.T.);
#11079=EDGE_LOOP('',(#11073,#11074,#11076,#11077,#11078));
#11080=FACE_OUTER_BOUND('',#11079,.F.);
#11082=CARTESIAN_POINT('',(9.512663014474E0,1.008310810811E0,
1.376676550535E-14));
#11083=DIRECTION('',(-9.999983637544E-1,-1.809002067695E-3,0.E0));
#11084=DIRECTION('',(-1.809002067695E-3,9.999983637544E-1,1.382974255187E-14));
#11085=AXIS2_PLACEMENT_3D('',#11082,#11083,#11084);
#11086=PLANE('',#11085);
#11087=ORIENTED_EDGE('',*,*,#10484,.T.);
#11088=ORIENTED_EDGE('',*,*,#11072,.F.);
#11089=ORIENTED_EDGE('',*,*,#11016,.F.);
#11091=ORIENTED_EDGE('',*,*,#11090,.T.);
#11092=EDGE_LOOP('',(#11087,#11088,#11089,#11091));
#11093=FACE_OUTER_BOUND('',#11092,.F.);
#11095=CARTESIAN_POINT('',(9.5E0,8.008299357092E0,1.105782132527E-13));
#11096=DIRECTION('',(-3.817906375492E-6,-9.999999999927E-1,
-1.382976518066E-14));
#11097=DIRECTION('',(-9.999999999927E-1,3.817906375492E-6,0.E0));
#11098=AXIS2_PLACEMENT_3D('',#11095,#11096,#11097);
#11099=PLANE('',#11098);
#11100=ORIENTED_EDGE('',*,*,#10486,.T.);
#11101=ORIENTED_EDGE('',*,*,#11090,.F.);
#11102=ORIENTED_EDGE('',*,*,#11014,.F.);
#11104=ORIENTED_EDGE('',*,*,#11103,.T.);
#11105=EDGE_LOOP('',(#11100,#11101,#11102,#11104));
#11106=FACE_OUTER_BOUND('',#11105,.F.);
#11108=CARTESIAN_POINT('',(6.500000000022E0,8.008310810811E0,
1.105782132527E-13));
#11109=DIRECTION('',(-9.980493261845E-1,-6.243030115723E-2,0.E0));
#11110=DIRECTION('',(-6.243030115723E-2,9.980493261845E-1,1.380278781995E-14));
#11111=AXIS2_PLACEMENT_3D('',#11108,#11109,#11110);
#11112=PLANE('',#11111);
#11113=ORIENTED_EDGE('',*,*,#10488,.F.);
#11114=ORIENTED_EDGE('',*,*,#11103,.F.);
#11115=ORIENTED_EDGE('',*,*,#11012,.F.);
#11117=ORIENTED_EDGE('',*,*,#11116,.T.);
#11119=ORIENTED_EDGE('',*,*,#11118,.F.);
#11121=ORIENTED_EDGE('',*,*,#11120,.T.);
#11123=ORIENTED_EDGE('',*,*,#11122,.T.);
#11125=ORIENTED_EDGE('',*,*,#11124,.T.);
#11127=ORIENTED_EDGE('',*,*,#11126,.T.);
#11128=EDGE_LOOP('',(#11113,#11114,#11115,#11117,#11119,#11121,#11123,#11125,
#11127));
#11129=FACE_OUTER_BOUND('',#11128,.F.);
#11131=CARTESIAN_POINT('',(0.E0,4.389119532090E1,3.492465000001E0));
#11132=DIRECTION('',(0.E0,2.081132402083E-1,-9.781047383844E-1));
#11133=DIRECTION('',(0.E0,9.781047383844E-1,2.081132402083E-1));
#11134=AXIS2_PLACEMENT_3D('',#11131,#11132,#11133);
#11135=PLANE('',#11134);
#11136=ORIENTED_EDGE('',*,*,#11010,.T.);
#11138=ORIENTED_EDGE('',*,*,#11137,.T.);
#11140=ORIENTED_EDGE('',*,*,#11139,.F.);
#11141=ORIENTED_EDGE('',*,*,#8763,.F.);
#11142=ORIENTED_EDGE('',*,*,#8554,.F.);
#11143=ORIENTED_EDGE('',*,*,#8030,.F.);
#11145=ORIENTED_EDGE('',*,*,#11144,.F.);
#11146=ORIENTED_EDGE('',*,*,#11116,.F.);
#11147=EDGE_LOOP('',(#11136,#11138,#11140,#11141,#11142,#11143,#11145,#11146));
#11148=FACE_OUTER_BOUND('',#11147,.F.);
#11150=CARTESIAN_POINT('',(4.101266297639E1,4.799397612681E1,
6.634692795160E-13));
#11151=DIRECTION('',(9.980511860876E-1,-6.240056048810E-2,0.E0));
#11152=DIRECTION('',(-6.240056048810E-2,-9.980511860876E-1,
-1.380281354197E-14));
#11153=AXIS2_PLACEMENT_3D('',#11150,#11151,#11152);
#11154=PLANE('',#11153);
#11155=ORIENTED_EDGE('',*,*,#10474,.F.);
#11157=ORIENTED_EDGE('',*,*,#11156,.F.);
#11159=ORIENTED_EDGE('',*,*,#11158,.F.);
#11161=ORIENTED_EDGE('',*,*,#11160,.F.);
#11163=ORIENTED_EDGE('',*,*,#11162,.F.);
#11165=ORIENTED_EDGE('',*,*,#11164,.F.);
#11166=ORIENTED_EDGE('',*,*,#11137,.F.);
#11167=ORIENTED_EDGE('',*,*,#11008,.F.);
#11169=ORIENTED_EDGE('',*,*,#11168,.T.);
#11170=EDGE_LOOP('',(#11155,#11157,#11159,#11161,#11163,#11165,#11166,#11167,
#11169));
#11171=FACE_OUTER_BOUND('',#11170,.F.);
#11173=CARTESIAN_POINT('',(0.E0,1.1200694E1,2.419398015263E-12));
#11174=DIRECTION('',(0.E0,7.022517623923E-1,-7.119286918062E-1));
#11175=DIRECTION('',(0.E0,7.119286918062E-1,7.022517623923E-1));
#11176=AXIS2_PLACEMENT_3D('',#11173,#11174,#11175);
#11177=PLANE('',#11176);
#11178=ORIENTED_EDGE('',*,*,#10472,.F.);
#11179=ORIENTED_EDGE('',*,*,#8773,.F.);
#11181=ORIENTED_EDGE('',*,*,#11180,.T.);
#11182=ORIENTED_EDGE('',*,*,#11156,.T.);
#11183=EDGE_LOOP('',(#11178,#11179,#11181,#11182));
#11184=FACE_OUTER_BOUND('',#11183,.F.);
#11186=CARTESIAN_POINT('',(0.E0,1.2506041E1,1.287604000001E0));
#11187=DIRECTION('',(0.E0,1.E0,1.382976518076E-14));
#11188=DIRECTION('',(0.E0,-1.382976518076E-14,1.E0));
#11189=AXIS2_PLACEMENT_3D('',#11186,#11187,#11188);
#11190=PLANE('',#11189);
#11191=ORIENTED_EDGE('',*,*,#11180,.F.);
#11192=ORIENTED_EDGE('',*,*,#8771,.F.);
#11194=ORIENTED_EDGE('',*,*,#11193,.T.);
#11195=ORIENTED_EDGE('',*,*,#11158,.T.);
#11196=EDGE_LOOP('',(#11191,#11192,#11194,#11195));
#11197=FACE_OUTER_BOUND('',#11196,.F.);
#11199=CARTESIAN_POINT('',(0.E0,1.2506041E1,1.799201000001E0));
#11200=DIRECTION('',(0.E0,5.646128158855E-1,8.253559039214E-1));
#11201=DIRECTION('',(0.E0,-8.253559039214E-1,5.646128158855E-1));
#11202=AXIS2_PLACEMENT_3D('',#11199,#11200,#11201);
#11203=PLANE('',#11202);
#11204=ORIENTED_EDGE('',*,*,#11193,.F.);
#11205=ORIENTED_EDGE('',*,*,#8769,.F.);
#11207=ORIENTED_EDGE('',*,*,#11206,.T.);
#11208=ORIENTED_EDGE('',*,*,#11160,.T.);
#11209=EDGE_LOOP('',(#11204,#11205,#11207,#11208));
#11210=FACE_OUTER_BOUND('',#11209,.F.);
#11212=CARTESIAN_POINT('',(0.E0,1.150059E1,2.487014000002E0));
#11213=DIRECTION('',(0.E0,1.E0,-8.599316114308E-13));
#11214=DIRECTION('',(0.E0,8.599316114308E-13,1.E0));
#11215=AXIS2_PLACEMENT_3D('',#11212,#11213,#11214);
#11216=PLANE('',#11215);
#11217=ORIENTED_EDGE('',*,*,#11206,.F.);
#11218=ORIENTED_EDGE('',*,*,#8767,.F.);
#11220=ORIENTED_EDGE('',*,*,#11219,.T.);
#11221=ORIENTED_EDGE('',*,*,#11162,.T.);
#11222=EDGE_LOOP('',(#11217,#11218,#11220,#11221));
#11223=FACE_OUTER_BOUND('',#11222,.F.);
#11225=CARTESIAN_POINT('',(0.E0,1.150059E1,3.492465000002E0));
#11226=DIRECTION('',(0.E0,-3.486969127458E-14,-1.E0));
#11227=DIRECTION('',(0.E0,1.E0,-3.486969127458E-14));
#11228=AXIS2_PLACEMENT_3D('',#11225,#11226,#11227);
#11229=PLANE('',#11228);
#11230=ORIENTED_EDGE('',*,*,#11219,.F.);
#11231=ORIENTED_EDGE('',*,*,#8765,.F.);
#11232=ORIENTED_EDGE('',*,*,#11139,.T.);
#11233=ORIENTED_EDGE('',*,*,#11164,.T.);
#11234=EDGE_LOOP('',(#11230,#11231,#11232,#11233));
#11235=FACE_OUTER_BOUND('',#11234,.F.);
#11237=CARTESIAN_POINT('',(3.851266301447E1,8.008310810811E0,
1.105782132527E-13));
#11238=DIRECTION('',(0.E0,-1.E0,-1.382976518076E-14));
#11239=DIRECTION('',(-1.E0,0.E0,0.E0));
#11240=AXIS2_PLACEMENT_3D('',#11237,#11238,#11239);
#11241=PLANE('',#11240);
#11242=ORIENTED_EDGE('',*,*,#10476,.T.);
#11243=ORIENTED_EDGE('',*,*,#11168,.F.);
#11244=ORIENTED_EDGE('',*,*,#11006,.F.);
#11246=ORIENTED_EDGE('',*,*,#11245,.T.);
#11247=EDGE_LOOP('',(#11242,#11243,#11244,#11246));
#11248=FACE_OUTER_BOUND('',#11247,.F.);
#11250=CARTESIAN_POINT('',(3.551266301447E1,8.008310810811E0,
1.105782132527E-13));
#11251=DIRECTION('',(1.E0,0.E0,0.E0));
#11252=DIRECTION('',(0.E0,-1.E0,-1.382976518076E-14));
#11253=AXIS2_PLACEMENT_3D('',#11250,#11251,#11252);
#11254=PLANE('',#11253);
#11255=ORIENTED_EDGE('',*,*,#10478,.T.);
#11256=ORIENTED_EDGE('',*,*,#11245,.F.);
#11257=ORIENTED_EDGE('',*,*,#11004,.F.);
#11259=ORIENTED_EDGE('',*,*,#11258,.T.);
#11260=EDGE_LOOP('',(#11255,#11256,#11257,#11259));
#11261=FACE_OUTER_BOUND('',#11260,.F.);
#11263=CARTESIAN_POINT('',(3.55E1,1.E0,1.376676550535E-14));
#11264=DIRECTION('',(0.E0,-1.E0,-1.382976518076E-14));
#11265=DIRECTION('',(-1.E0,0.E0,0.E0));
#11266=AXIS2_PLACEMENT_3D('',#11263,#11264,#11265);
#11267=PLANE('',#11266);
#11268=ORIENTED_EDGE('',*,*,#10480,.F.);
#11269=ORIENTED_EDGE('',*,*,#11258,.F.);
#11270=ORIENTED_EDGE('',*,*,#11002,.F.);
#11272=ORIENTED_EDGE('',*,*,#11271,.F.);
#11273=ORIENTED_EDGE('',*,*,#10915,.F.);
#11274=ORIENTED_EDGE('',*,*,#11075,.T.);
#11275=EDGE_LOOP('',(#11268,#11269,#11270,#11272,#11273,#11274));
#11276=FACE_OUTER_BOUND('',#11275,.F.);
#11278=CARTESIAN_POINT('',(3.55E1,6.6E0,9.103828801926E-14));
#11279=DIRECTION('',(1.E0,0.E0,0.E0));
#11280=DIRECTION('',(0.E0,-1.E0,-1.382976518076E-14));
#11281=AXIS2_PLACEMENT_3D('',#11278,#11279,#11280);
#11282=PLANE('',#11281);
#11284=ORIENTED_EDGE('',*,*,#11283,.F.);
#11285=ORIENTED_EDGE('',*,*,#10917,.F.);
#11286=ORIENTED_EDGE('',*,*,#11271,.T.);
#11287=ORIENTED_EDGE('',*,*,#11000,.T.);
#11288=EDGE_LOOP('',(#11284,#11285,#11286,#11287));
#11289=FACE_OUTER_BOUND('',#11288,.F.);
#11291=CARTESIAN_POINT('',(9.5E0,6.6E0,9.103828801926E-14));
#11292=DIRECTION('',(0.E0,1.E0,1.382976518076E-14));
#11293=DIRECTION('',(1.E0,0.E0,0.E0));
#11294=AXIS2_PLACEMENT_3D('',#11291,#11292,#11293);
#11295=PLANE('',#11294);
#11296=ORIENTED_EDGE('',*,*,#10998,.T.);
#11298=ORIENTED_EDGE('',*,*,#11297,.F.);
#11299=ORIENTED_EDGE('',*,*,#10919,.F.);
#11300=ORIENTED_EDGE('',*,*,#11283,.T.);
#11301=EDGE_LOOP('',(#11296,#11298,#11299,#11300));
#11302=FACE_OUTER_BOUND('',#11301,.F.);
#11304=CARTESIAN_POINT('',(2.824E1,6.69E0,9.237055564881E-14));
#11305=DIRECTION('',(9.999931729765E-1,3.695131996371E-3,0.E0));
#11306=DIRECTION('',(3.695131996371E-3,-9.999931729765E-1,-1.382967076463E-14));
#11307=AXIS2_PLACEMENT_3D('',#11304,#11305,#11306);
#11308=PLANE('',#11307);
#11309=ORIENTED_EDGE('',*,*,#10996,.T.);
#11311=ORIENTED_EDGE('',*,*,#11310,.T.);
#11312=ORIENTED_EDGE('',*,*,#10707,.T.);
#11314=ORIENTED_EDGE('',*,*,#11313,.F.);
#11315=ORIENTED_EDGE('',*,*,#10921,.T.);
#11316=ORIENTED_EDGE('',*,*,#11297,.T.);
#11317=EDGE_LOOP('',(#11309,#11311,#11312,#11314,#11315,#11316));
#11318=FACE_OUTER_BOUND('',#11317,.F.);
#11320=CARTESIAN_POINT('',(2.549E1,6.69E0,9.237055564881E-14));
#11321=DIRECTION('',(0.E0,1.E0,1.382976518076E-14));
#11322=DIRECTION('',(1.E0,0.E0,0.E0));
#11323=AXIS2_PLACEMENT_3D('',#11320,#11321,#11322);
#11324=PLANE('',#11323);
#11325=ORIENTED_EDGE('',*,*,#10994,.T.);
#11327=ORIENTED_EDGE('',*,*,#11326,.T.);
#11328=ORIENTED_EDGE('',*,*,#10709,.F.);
#11329=ORIENTED_EDGE('',*,*,#11310,.F.);
#11330=EDGE_LOOP('',(#11325,#11327,#11328,#11329));
#11331=FACE_OUTER_BOUND('',#11330,.F.);
#11333=CARTESIAN_POINT('',(2.550293296199E1,3.190023894583E0,
4.396483177516E-14));
#11334=DIRECTION('',(-9.999931729765E-1,-3.695131996371E-3,0.E0));
#11335=DIRECTION('',(-3.695131996371E-3,9.999931729765E-1,1.382967076463E-14));
#11336=AXIS2_PLACEMENT_3D('',#11333,#11334,#11335);
#11337=PLANE('',#11336);
#11338=ORIENTED_EDGE('',*,*,#10992,.T.);
#11340=ORIENTED_EDGE('',*,*,#11339,.F.);
#11341=ORIENTED_EDGE('',*,*,#10925,.T.);
#11343=ORIENTED_EDGE('',*,*,#11342,.T.);
#11344=ORIENTED_EDGE('',*,*,#10703,.T.);
#11345=ORIENTED_EDGE('',*,*,#11326,.F.);
#11346=EDGE_LOOP('',(#11338,#11340,#11341,#11343,#11344,#11345));
#11347=FACE_OUTER_BOUND('',#11346,.F.);
#11349=CARTESIAN_POINT('',(9.5E0,6.6E0,9.103828801926E-14));
#11350=DIRECTION('',(0.E0,1.E0,1.382976518076E-14));
#11351=DIRECTION('',(1.E0,0.E0,0.E0));
#11352=AXIS2_PLACEMENT_3D('',#11349,#11350,#11351);
#11353=PLANE('',#11352);
#11354=ORIENTED_EDGE('',*,*,#10990,.T.);
#11355=ORIENTED_EDGE('',*,*,#10977,.F.);
#11356=ORIENTED_EDGE('',*,*,#10927,.F.);
#11357=ORIENTED_EDGE('',*,*,#11339,.T.);
#11358=EDGE_LOOP('',(#11354,#11355,#11356,#11357));
#11359=FACE_OUTER_BOUND('',#11358,.F.);
#11361=CARTESIAN_POINT('',(2.825293296199E1,3.190023894583E0,
4.396483177516E-14));
#11362=DIRECTION('',(0.E0,-1.E0,-1.382976518076E-14));
#11363=DIRECTION('',(-1.E0,0.E0,0.E0));
#11364=AXIS2_PLACEMENT_3D('',#11361,#11362,#11363);
#11365=PLANE('',#11364);
#11366=ORIENTED_EDGE('',*,*,#10923,.T.);
#11367=ORIENTED_EDGE('',*,*,#11313,.T.);
#11368=ORIENTED_EDGE('',*,*,#10705,.F.);
#11369=ORIENTED_EDGE('',*,*,#11342,.F.);
#11370=EDGE_LOOP('',(#11366,#11367,#11368,#11369));
#11371=FACE_OUTER_BOUND('',#11370,.F.);
#11373=CARTESIAN_POINT('',(0.E0,1.150059E1,3.492465000002E0));
#11374=DIRECTION('',(0.E0,-3.486969127458E-14,-1.E0));
#11375=DIRECTION('',(0.E0,1.E0,-3.486969127458E-14));
#11376=AXIS2_PLACEMENT_3D('',#11373,#11374,#11375);
#11377=PLANE('',#11376);
#11379=ORIENTED_EDGE('',*,*,#11378,.F.);
#11380=ORIENTED_EDGE('',*,*,#11118,.T.);
#11381=ORIENTED_EDGE('',*,*,#11144,.T.);
#11382=ORIENTED_EDGE('',*,*,#8028,.T.);
#11383=EDGE_LOOP('',(#11379,#11380,#11381,#11382));
#11384=FACE_OUTER_BOUND('',#11383,.F.);
#11386=CARTESIAN_POINT('',(0.E0,1.150059E1,2.487014000002E0));
#11387=DIRECTION('',(0.E0,1.E0,-8.599316114308E-13));
#11388=DIRECTION('',(0.E0,8.599316114308E-13,1.E0));
#11389=AXIS2_PLACEMENT_3D('',#11386,#11387,#11388);
#11390=PLANE('',#11389);
#11392=ORIENTED_EDGE('',*,*,#11391,.F.);
#11393=ORIENTED_EDGE('',*,*,#11120,.F.);
#11394=ORIENTED_EDGE('',*,*,#11378,.T.);
#11395=ORIENTED_EDGE('',*,*,#8026,.T.);
#11396=EDGE_LOOP('',(#11392,#11393,#11394,#11395));
#11397=FACE_OUTER_BOUND('',#11396,.F.);
#11399=CARTESIAN_POINT('',(0.E0,1.2506041E1,1.799201000001E0));
#11400=DIRECTION('',(0.E0,5.646128158855E-1,8.253559039214E-1));
#11401=DIRECTION('',(0.E0,-8.253559039214E-1,5.646128158855E-1));
#11402=AXIS2_PLACEMENT_3D('',#11399,#11400,#11401);
#11403=PLANE('',#11402);
#11405=ORIENTED_EDGE('',*,*,#11404,.F.);
#11406=ORIENTED_EDGE('',*,*,#11122,.F.);
#11407=ORIENTED_EDGE('',*,*,#11391,.T.);
#11408=ORIENTED_EDGE('',*,*,#8024,.F.);
#11409=EDGE_LOOP('',(#11405,#11406,#11407,#11408));
#11410=FACE_OUTER_BOUND('',#11409,.F.);
#11412=CARTESIAN_POINT('',(0.E0,1.2506041E1,1.287604000001E0));
#11413=DIRECTION('',(0.E0,1.E0,1.382976518076E-14));
#11414=DIRECTION('',(0.E0,-1.382976518076E-14,1.E0));
#11415=AXIS2_PLACEMENT_3D('',#11412,#11413,#11414);
#11416=PLANE('',#11415);
#11418=ORIENTED_EDGE('',*,*,#11417,.F.);
#11419=ORIENTED_EDGE('',*,*,#11124,.F.);
#11420=ORIENTED_EDGE('',*,*,#11404,.T.);
#11421=ORIENTED_EDGE('',*,*,#8022,.T.);
#11422=EDGE_LOOP('',(#11418,#11419,#11420,#11421));
#11423=FACE_OUTER_BOUND('',#11422,.F.);
#11425=CARTESIAN_POINT('',(0.E0,1.1200694E1,2.419398015263E-12));
#11426=DIRECTION('',(0.E0,7.022517623923E-1,-7.119286918062E-1));
#11427=DIRECTION('',(0.E0,7.119286918062E-1,7.022517623923E-1));
#11428=AXIS2_PLACEMENT_3D('',#11425,#11426,#11427);
#11429=PLANE('',#11428);
#11430=ORIENTED_EDGE('',*,*,#10490,.F.);
#11431=ORIENTED_EDGE('',*,*,#11126,.F.);
#11432=ORIENTED_EDGE('',*,*,#11417,.T.);
#11433=ORIENTED_EDGE('',*,*,#8020,.F.);
#11434=EDGE_LOOP('',(#11430,#11431,#11432,#11433));
#11435=FACE_OUTER_BOUND('',#11434,.F.);
#11437=CARTESIAN_POINT('',(1.971258933682E1,3.190110564715E0,
4.396483177516E-14));
#11438=DIRECTION('',(-1.496804641864E-5,-9.999999998880E-1,
-1.382976517921E-14));
#11439=DIRECTION('',(-9.999999998880E-1,1.496804641864E-5,0.E0));
#11440=AXIS2_PLACEMENT_3D('',#11437,#11438,#11439);
#11441=PLANE('',#11440);
#11442=ORIENTED_EDGE('',*,*,#10907,.T.);
#11443=ORIENTED_EDGE('',*,*,#10974,.T.);
#11444=ORIENTED_EDGE('',*,*,#10687,.F.);
#11445=ORIENTED_EDGE('',*,*,#11047,.F.);
#11446=EDGE_LOOP('',(#11442,#11443,#11444,#11445));
#11447=FACE_OUTER_BOUND('',#11446,.F.);
#11449=CARTESIAN_POINT('',(1.387491415287E1,4.000068842713E0,
5.506706202141E-14));
#11450=DIRECTION('',(0.E0,1.382976518076E-14,-1.E0));
#11451=DIRECTION('',(-1.E0,0.E0,0.E0));
#11452=AXIS2_PLACEMENT_3D('',#11449,#11450,#11451);
#11453=CYLINDRICAL_SURFACE('',#11452,1.5E0);
#11454=ORIENTED_EDGE('',*,*,#10937,.T.);
#11455=ORIENTED_EDGE('',*,*,#10935,.F.);
#11456=ORIENTED_EDGE('',*,*,#10933,.F.);
#11457=ORIENTED_EDGE('',*,*,#10895,.T.);
#11458=ORIENTED_EDGE('',*,*,#10679,.F.);
#11459=ORIENTED_EDGE('',*,*,#10677,.F.);
#11460=ORIENTED_EDGE('',*,*,#10891,.F.);
#11461=EDGE_LOOP('',(#11454,#11455,#11456,#11457,#11458,#11459,#11460));
#11462=FACE_OUTER_BOUND('',#11461,.F.);
#11464=CARTESIAN_POINT('',(2.25E1,4.000068842713E0,5.506706202141E-14));
#11465=DIRECTION('',(0.E0,1.382976518076E-14,-1.E0));
#11466=DIRECTION('',(-1.E0,0.E0,0.E0));
#11467=AXIS2_PLACEMENT_3D('',#11464,#11465,#11466);
#11468=CYLINDRICAL_SURFACE('',#11467,1.5E0);
#11469=ORIENTED_EDGE('',*,*,#10943,.F.);
#11470=ORIENTED_EDGE('',*,*,#10941,.F.);
#11472=ORIENTED_EDGE('',*,*,#11471,.T.);
#11473=ORIENTED_EDGE('',*,*,#10695,.F.);
#11474=ORIENTED_EDGE('',*,*,#10693,.F.);
#11476=ORIENTED_EDGE('',*,*,#11475,.F.);
#11477=EDGE_LOOP('',(#11469,#11470,#11472,#11473,#11474,#11476));
#11478=FACE_OUTER_BOUND('',#11477,.F.);
#11480=CARTESIAN_POINT('',(2.25E1,4.000068842713E0,5.506706202141E-14));
#11481=DIRECTION('',(0.E0,1.382976518076E-14,-1.E0));
#11482=DIRECTION('',(-1.E0,0.E0,0.E0));
#11483=AXIS2_PLACEMENT_3D('',#11480,#11481,#11482);
#11484=CYLINDRICAL_SURFACE('',#11483,1.5E0);
#11485=ORIENTED_EDGE('',*,*,#10947,.F.);
#11486=ORIENTED_EDGE('',*,*,#10945,.F.);
#11487=ORIENTED_EDGE('',*,*,#11475,.T.);
#11488=ORIENTED_EDGE('',*,*,#10699,.F.);
#11489=ORIENTED_EDGE('',*,*,#10697,.F.);
#11490=ORIENTED_EDGE('',*,*,#11471,.F.);
#11491=EDGE_LOOP('',(#11485,#11486,#11487,#11488,#11489,#11490));
#11492=FACE_OUTER_BOUND('',#11491,.F.);
#11494=CARTESIAN_POINT('',(3.116995965359E1,4.000068842713E0,
5.506706202141E-14));
#11495=DIRECTION('',(0.E0,1.382976518076E-14,-1.E0));
#11496=DIRECTION('',(-1.E0,0.E0,0.E0));
#11497=AXIS2_PLACEMENT_3D('',#11494,#11495,#11496);
#11498=CYLINDRICAL_SURFACE('',#11497,1.5E0);
#11499=ORIENTED_EDGE('',*,*,#10953,.F.);
#11500=ORIENTED_EDGE('',*,*,#10951,.F.);
#11502=ORIENTED_EDGE('',*,*,#11501,.T.);
#11503=ORIENTED_EDGE('',*,*,#10715,.F.);
#11504=ORIENTED_EDGE('',*,*,#10713,.F.);
#11506=ORIENTED_EDGE('',*,*,#11505,.F.);
#11507=EDGE_LOOP('',(#11499,#11500,#11502,#11503,#11504,#11506));
#11508=FACE_OUTER_BOUND('',#11507,.F.);
#11510=CARTESIAN_POINT('',(3.116995965359E1,4.000068842713E0,
5.506706202141E-14));
#11511=DIRECTION('',(0.E0,1.382976518076E-14,-1.E0));
#11512=DIRECTION('',(-1.E0,0.E0,0.E0));
#11513=AXIS2_PLACEMENT_3D('',#11510,#11511,#11512);
#11514=CYLINDRICAL_SURFACE('',#11513,1.5E0);
#11515=ORIENTED_EDGE('',*,*,#10959,.T.);
#11516=ORIENTED_EDGE('',*,*,#10957,.F.);
#11517=ORIENTED_EDGE('',*,*,#10955,.F.);
#11518=ORIENTED_EDGE('',*,*,#11505,.T.);
#11519=ORIENTED_EDGE('',*,*,#10719,.F.);
#11520=ORIENTED_EDGE('',*,*,#10717,.F.);
#11521=ORIENTED_EDGE('',*,*,#11501,.F.);
#11522=EDGE_LOOP('',(#11515,#11516,#11517,#11518,#11519,#11520,#11521));
#11523=FACE_OUTER_BOUND('',#11522,.F.);
#11525=CARTESIAN_POINT('',(0.E0,0.E0,6.936001303988E0));
#11526=DIRECTION('',(0.E0,-1.E0,0.E0));
#11527=DIRECTION('',(0.E0,0.E0,-1.E0));
#11528=AXIS2_PLACEMENT_3D('',#11525,#11526,#11527);
#11529=PLANE('',#11528);
#11530=ORIENTED_EDGE('',*,*,#8982,.T.);
#11531=ORIENTED_EDGE('',*,*,#10497,.T.);
#11533=ORIENTED_EDGE('',*,*,#11532,.F.);
#11534=ORIENTED_EDGE('',*,*,#10662,.F.);
#11535=EDGE_LOOP('',(#11530,#11531,#11533,#11534));
#11536=FACE_OUTER_BOUND('',#11535,.F.);
#11538=CARTESIAN_POINT('',(1.4E0,0.E0,0.E0));
#11539=DIRECTION('',(-1.E0,0.E0,0.E0));
#11540=DIRECTION('',(0.E0,-1.E0,0.E0));
#11541=AXIS2_PLACEMENT_3D('',#11538,#11539,#11540);
#11542=PLANE('',#11541);
#11544=ORIENTED_EDGE('',*,*,#11543,.T.);
#11545=ORIENTED_EDGE('',*,*,#9089,.T.);
#11547=ORIENTED_EDGE('',*,*,#11546,.F.);
#11549=ORIENTED_EDGE('',*,*,#11548,.F.);
#11551=ORIENTED_EDGE('',*,*,#11550,.T.);
#11553=ORIENTED_EDGE('',*,*,#11552,.T.);
#11554=EDGE_LOOP('',(#11544,#11545,#11547,#11549,#11551,#11553));
#11555=FACE_OUTER_BOUND('',#11554,.F.);
#11557=CARTESIAN_POINT('',(1.4E0,0.E0,0.E0));
#11558=DIRECTION('',(-1.E0,0.E0,0.E0));
#11559=DIRECTION('',(0.E0,-1.E0,0.E0));
#11560=AXIS2_PLACEMENT_3D('',#11557,#11558,#11559);
#11561=PLANE('',#11560);
#11562=ORIENTED_EDGE('',*,*,#8265,.T.);
#11564=ORIENTED_EDGE('',*,*,#11563,.F.);
#11566=ORIENTED_EDGE('',*,*,#11565,.F.);
#11568=ORIENTED_EDGE('',*,*,#11567,.F.);
#11569=ORIENTED_EDGE('',*,*,#8143,.F.);
#11570=ORIENTED_EDGE('',*,*,#8159,.T.);
#11572=ORIENTED_EDGE('',*,*,#11571,.T.);
#11573=EDGE_LOOP('',(#11562,#11564,#11566,#11568,#11569,#11570,#11572));
#11574=FACE_OUTER_BOUND('',#11573,.F.);
#11576=CARTESIAN_POINT('',(1.4E0,0.E0,0.E0));
#11577=DIRECTION('',(-1.E0,0.E0,0.E0));
#11578=DIRECTION('',(0.E0,-1.E0,0.E0));
#11579=AXIS2_PLACEMENT_3D('',#11576,#11577,#11578);
#11580=PLANE('',#11579);
#11581=ORIENTED_EDGE('',*,*,#10664,.T.);
#11582=ORIENTED_EDGE('',*,*,#11532,.T.);
#11583=ORIENTED_EDGE('',*,*,#10495,.F.);
#11585=ORIENTED_EDGE('',*,*,#11584,.F.);
#11587=ORIENTED_EDGE('',*,*,#11586,.F.);
#11589=ORIENTED_EDGE('',*,*,#11588,.F.);
#11591=ORIENTED_EDGE('',*,*,#11590,.T.);
#11592=EDGE_LOOP('',(#11581,#11582,#11583,#11585,#11587,#11589,#11591));
#11593=FACE_OUTER_BOUND('',#11592,.F.);
#11595=CARTESIAN_POINT('',(1.4E0,0.E0,0.E0));
#11596=DIRECTION('',(-1.E0,0.E0,0.E0));
#11597=DIRECTION('',(0.E0,-1.E0,0.E0));
#11598=AXIS2_PLACEMENT_3D('',#11595,#11596,#11597);
#11599=PLANE('',#11598);
#11600=ORIENTED_EDGE('',*,*,#10201,.T.);
#11602=ORIENTED_EDGE('',*,*,#11601,.F.);
#11604=ORIENTED_EDGE('',*,*,#11603,.F.);
#11606=ORIENTED_EDGE('',*,*,#11605,.F.);
#11607=ORIENTED_EDGE('',*,*,#10115,.F.);
#11608=ORIENTED_EDGE('',*,*,#10151,.T.);
#11609=EDGE_LOOP('',(#11600,#11602,#11604,#11606,#11607,#11608));
#11610=FACE_OUTER_BOUND('',#11609,.F.);
#11612=CARTESIAN_POINT('',(0.E0,5.120566E1,3.354823987284E1));
#11613=DIRECTION('',(0.E0,5.174199500268E-2,-9.986604858275E-1));
#11614=DIRECTION('',(0.E0,9.986604858275E-1,5.174199500268E-2));
#11615=AXIS2_PLACEMENT_3D('',#11612,#11613,#11614);
#11616=PLANE('',#11615);
#11617=ORIENTED_EDGE('',*,*,#8940,.T.);
#11618=ORIENTED_EDGE('',*,*,#9123,.T.);
#11620=ORIENTED_EDGE('',*,*,#11619,.F.);
#11622=ORIENTED_EDGE('',*,*,#11621,.T.);
#11624=ORIENTED_EDGE('',*,*,#11623,.F.);
#11625=ORIENTED_EDGE('',*,*,#9115,.T.);
#11627=ORIENTED_EDGE('',*,*,#11626,.F.);
#11629=ORIENTED_EDGE('',*,*,#11628,.T.);
#11631=ORIENTED_EDGE('',*,*,#11630,.F.);
#11632=ORIENTED_EDGE('',*,*,#9107,.T.);
#11634=ORIENTED_EDGE('',*,*,#11633,.F.);
#11636=ORIENTED_EDGE('',*,*,#11635,.T.);
#11638=ORIENTED_EDGE('',*,*,#11637,.F.);
#11639=ORIENTED_EDGE('',*,*,#9099,.T.);
#11641=ORIENTED_EDGE('',*,*,#11640,.F.);
#11643=ORIENTED_EDGE('',*,*,#11642,.T.);
#11645=ORIENTED_EDGE('',*,*,#11644,.F.);
#11646=ORIENTED_EDGE('',*,*,#9091,.T.);
#11647=ORIENTED_EDGE('',*,*,#11543,.F.);
#11649=ORIENTED_EDGE('',*,*,#11648,.F.);
#11650=EDGE_LOOP('',(#11617,#11618,#11620,#11622,#11624,#11625,#11627,#11629,
#11631,#11632,#11634,#11636,#11638,#11639,#11641,#11643,#11645,#11646,#11647,
#11649));
#11651=FACE_OUTER_BOUND('',#11650,.F.);
#11653=CARTESIAN_POINT('',(3.599E1,5.5E1,5.6691285E1));
#11654=DIRECTION('',(-1.E0,0.E0,0.E0));
#11655=DIRECTION('',(0.E0,-1.E0,2.702955214810E-14));
#11656=AXIS2_PLACEMENT_3D('',#11653,#11654,#11655);
#11657=PLANE('',#11656);
#11659=ORIENTED_EDGE('',*,*,#11658,.T.);
#11661=ORIENTED_EDGE('',*,*,#11660,.T.);
#11662=ORIENTED_EDGE('',*,*,#11619,.T.);
#11663=ORIENTED_EDGE('',*,*,#9121,.T.);
#11664=EDGE_LOOP('',(#11659,#11661,#11662,#11663));
#11665=FACE_OUTER_BOUND('',#11664,.F.);
#11667=CARTESIAN_POINT('',(0.E0,5.5E1,5.653E1));
#11668=DIRECTION('',(0.E0,1.382976518076E-14,-1.E0));
#11669=DIRECTION('',(0.E0,-1.E0,-1.382976518076E-14));
#11670=AXIS2_PLACEMENT_3D('',#11667,#11668,#11669);
#11671=PLANE('',#11670);
#11673=ORIENTED_EDGE('',*,*,#11672,.F.);
#11674=ORIENTED_EDGE('',*,*,#11658,.F.);
#11675=ORIENTED_EDGE('',*,*,#9119,.T.);
#11677=ORIENTED_EDGE('',*,*,#11676,.F.);
#11678=EDGE_LOOP('',(#11673,#11674,#11675,#11677));
#11679=FACE_OUTER_BOUND('',#11678,.F.);
#11681=CARTESIAN_POINT('',(0.E0,5.4998021E1,3.374472739457E1));
#11682=DIRECTION('',(0.E0,1.E0,1.382976518076E-14));
#11683=DIRECTION('',(0.E0,-1.382976518076E-14,1.E0));
#11684=AXIS2_PLACEMENT_3D('',#11681,#11682,#11683);
#11685=PLANE('',#11684);
#11686=ORIENTED_EDGE('',*,*,#11672,.T.);
#11688=ORIENTED_EDGE('',*,*,#11687,.T.);
#11689=ORIENTED_EDGE('',*,*,#11621,.F.);
#11690=ORIENTED_EDGE('',*,*,#11660,.F.);
#11691=EDGE_LOOP('',(#11686,#11688,#11689,#11690));
#11692=FACE_OUTER_BOUND('',#11691,.F.);
#11694=CARTESIAN_POINT('',(3.516E1,5.241E1,5.6691285E1));
#11695=DIRECTION('',(1.E0,0.E0,0.E0));
#11696=DIRECTION('',(0.E0,1.E0,-2.702955214810E-14));
#11697=AXIS2_PLACEMENT_3D('',#11694,#11695,#11696);
#11698=PLANE('',#11697);
#11699=ORIENTED_EDGE('',*,*,#11676,.T.);
#11700=ORIENTED_EDGE('',*,*,#9117,.F.);
#11701=ORIENTED_EDGE('',*,*,#11623,.T.);
#11702=ORIENTED_EDGE('',*,*,#11687,.F.);
#11703=EDGE_LOOP('',(#11699,#11700,#11701,#11702));
#11704=FACE_OUTER_BOUND('',#11703,.F.);
#11706=CARTESIAN_POINT('',(2.733E1,5.5E1,5.6691285E1));
#11707=DIRECTION('',(-1.E0,0.E0,0.E0));
#11708=DIRECTION('',(0.E0,-1.E0,2.702955214810E-14));
#11709=AXIS2_PLACEMENT_3D('',#11706,#11707,#11708);
#11710=PLANE('',#11709);
#11712=ORIENTED_EDGE('',*,*,#11711,.T.);
#11714=ORIENTED_EDGE('',*,*,#11713,.T.);
#11715=ORIENTED_EDGE('',*,*,#11626,.T.);
#11716=ORIENTED_EDGE('',*,*,#9113,.T.);
#11717=EDGE_LOOP('',(#11712,#11714,#11715,#11716));
#11718=FACE_OUTER_BOUND('',#11717,.F.);
#11720=CARTESIAN_POINT('',(0.E0,5.5E1,5.653E1));
#11721=DIRECTION('',(0.E0,1.382976518076E-14,-1.E0));
#11722=DIRECTION('',(0.E0,-1.E0,-1.382976518076E-14));
#11723=AXIS2_PLACEMENT_3D('',#11720,#11721,#11722);
#11724=PLANE('',#11723);
#11726=ORIENTED_EDGE('',*,*,#11725,.F.);
#11727=ORIENTED_EDGE('',*,*,#11711,.F.);
#11728=ORIENTED_EDGE('',*,*,#9111,.T.);
#11730=ORIENTED_EDGE('',*,*,#11729,.F.);
#11731=EDGE_LOOP('',(#11726,#11727,#11728,#11730));
#11732=FACE_OUTER_BOUND('',#11731,.F.);
#11734=CARTESIAN_POINT('',(0.E0,5.4998021E1,3.374472739457E1));
#11735=DIRECTION('',(0.E0,1.E0,1.382976518076E-14));
#11736=DIRECTION('',(0.E0,-1.382976518076E-14,1.E0));
#11737=AXIS2_PLACEMENT_3D('',#11734,#11735,#11736);
#11738=PLANE('',#11737);
#11739=ORIENTED_EDGE('',*,*,#11725,.T.);
#11741=ORIENTED_EDGE('',*,*,#11740,.T.);
#11742=ORIENTED_EDGE('',*,*,#11628,.F.);
#11743=ORIENTED_EDGE('',*,*,#11713,.F.);
#11744=EDGE_LOOP('',(#11739,#11741,#11742,#11743));
#11745=FACE_OUTER_BOUND('',#11744,.F.);
#11747=CARTESIAN_POINT('',(2.652E1,5.241E1,5.6691285E1));
#11748=DIRECTION('',(1.E0,0.E0,0.E0));
#11749=DIRECTION('',(0.E0,1.E0,-2.702955214810E-14));
#11750=AXIS2_PLACEMENT_3D('',#11747,#11748,#11749);
#11751=PLANE('',#11750);
#11752=ORIENTED_EDGE('',*,*,#11729,.T.);
#11753=ORIENTED_EDGE('',*,*,#9109,.F.);
#11754=ORIENTED_EDGE('',*,*,#11630,.T.);
#11755=ORIENTED_EDGE('',*,*,#11740,.F.);
#11756=EDGE_LOOP('',(#11752,#11753,#11754,#11755));
#11757=FACE_OUTER_BOUND('',#11756,.F.);
#11759=CARTESIAN_POINT('',(1.869E1,5.5E1,5.6691285E1));
#11760=DIRECTION('',(-1.E0,0.E0,0.E0));
#11761=DIRECTION('',(0.E0,-1.E0,2.702955214810E-14));
#11762=AXIS2_PLACEMENT_3D('',#11759,#11760,#11761);
#11763=PLANE('',#11762);
#11765=ORIENTED_EDGE('',*,*,#11764,.T.);
#11767=ORIENTED_EDGE('',*,*,#11766,.T.);
#11768=ORIENTED_EDGE('',*,*,#11633,.T.);
#11769=ORIENTED_EDGE('',*,*,#9105,.T.);
#11770=EDGE_LOOP('',(#11765,#11767,#11768,#11769));
#11771=FACE_OUTER_BOUND('',#11770,.F.);
#11773=CARTESIAN_POINT('',(0.E0,5.5E1,5.653E1));
#11774=DIRECTION('',(0.E0,1.382976518076E-14,-1.E0));
#11775=DIRECTION('',(0.E0,-1.E0,-1.382976518076E-14));
#11776=AXIS2_PLACEMENT_3D('',#11773,#11774,#11775);
#11777=PLANE('',#11776);
#11779=ORIENTED_EDGE('',*,*,#11778,.F.);
#11780=ORIENTED_EDGE('',*,*,#11764,.F.);
#11781=ORIENTED_EDGE('',*,*,#9103,.T.);
#11783=ORIENTED_EDGE('',*,*,#11782,.F.);
#11784=EDGE_LOOP('',(#11779,#11780,#11781,#11783));
#11785=FACE_OUTER_BOUND('',#11784,.F.);
#11787=CARTESIAN_POINT('',(0.E0,5.4998021E1,3.374472739457E1));
#11788=DIRECTION('',(0.E0,1.E0,1.382976518076E-14));
#11789=DIRECTION('',(0.E0,-1.382976518076E-14,1.E0));
#11790=AXIS2_PLACEMENT_3D('',#11787,#11788,#11789);
#11791=PLANE('',#11790);
#11792=ORIENTED_EDGE('',*,*,#11778,.T.);
#11794=ORIENTED_EDGE('',*,*,#11793,.T.);
#11795=ORIENTED_EDGE('',*,*,#11635,.F.);
#11796=ORIENTED_EDGE('',*,*,#11766,.F.);
#11797=EDGE_LOOP('',(#11792,#11794,#11795,#11796));
#11798=FACE_OUTER_BOUND('',#11797,.F.);
#11800=CARTESIAN_POINT('',(1.786E1,5.241E1,5.6691285E1));
#11801=DIRECTION('',(1.E0,0.E0,0.E0));
#11802=DIRECTION('',(0.E0,1.E0,-2.702955214810E-14));
#11803=AXIS2_PLACEMENT_3D('',#11800,#11801,#11802);
#11804=PLANE('',#11803);
#11805=ORIENTED_EDGE('',*,*,#11782,.T.);
#11806=ORIENTED_EDGE('',*,*,#9101,.F.);
#11807=ORIENTED_EDGE('',*,*,#11637,.T.);
#11808=ORIENTED_EDGE('',*,*,#11793,.F.);
#11809=EDGE_LOOP('',(#11805,#11806,#11807,#11808));
#11810=FACE_OUTER_BOUND('',#11809,.F.);
#11812=CARTESIAN_POINT('',(1.003E1,5.5E1,5.6691285E1));
#11813=DIRECTION('',(-1.E0,0.E0,0.E0));
#11814=DIRECTION('',(0.E0,-1.E0,2.702955214810E-14));
#11815=AXIS2_PLACEMENT_3D('',#11812,#11813,#11814);
#11816=PLANE('',#11815);
#11818=ORIENTED_EDGE('',*,*,#11817,.T.);
#11820=ORIENTED_EDGE('',*,*,#11819,.T.);
#11821=ORIENTED_EDGE('',*,*,#11640,.T.);
#11822=ORIENTED_EDGE('',*,*,#9097,.T.);
#11823=EDGE_LOOP('',(#11818,#11820,#11821,#11822));
#11824=FACE_OUTER_BOUND('',#11823,.F.);
#11826=CARTESIAN_POINT('',(0.E0,5.5E1,5.653E1));
#11827=DIRECTION('',(0.E0,1.382976518076E-14,-1.E0));
#11828=DIRECTION('',(0.E0,-1.E0,-1.382976518076E-14));
#11829=AXIS2_PLACEMENT_3D('',#11826,#11827,#11828);
#11830=PLANE('',#11829);
#11832=ORIENTED_EDGE('',*,*,#11831,.F.);
#11833=ORIENTED_EDGE('',*,*,#11817,.F.);
#11834=ORIENTED_EDGE('',*,*,#9095,.T.);
#11836=ORIENTED_EDGE('',*,*,#11835,.F.);
#11837=EDGE_LOOP('',(#11832,#11833,#11834,#11836));
#11838=FACE_OUTER_BOUND('',#11837,.F.);
#11840=CARTESIAN_POINT('',(0.E0,5.4998021E1,3.374472739457E1));
#11841=DIRECTION('',(0.E0,1.E0,1.382976518076E-14));
#11842=DIRECTION('',(0.E0,-1.382976518076E-14,1.E0));
#11843=AXIS2_PLACEMENT_3D('',#11840,#11841,#11842);
#11844=PLANE('',#11843);
#11845=ORIENTED_EDGE('',*,*,#11831,.T.);
#11847=ORIENTED_EDGE('',*,*,#11846,.T.);
#11848=ORIENTED_EDGE('',*,*,#11642,.F.);
#11849=ORIENTED_EDGE('',*,*,#11819,.F.);
#11850=EDGE_LOOP('',(#11845,#11847,#11848,#11849));
#11851=FACE_OUTER_BOUND('',#11850,.F.);
#11853=CARTESIAN_POINT('',(9.22E0,5.241E1,5.6691285E1));
#11854=DIRECTION('',(1.E0,0.E0,0.E0));
#11855=DIRECTION('',(0.E0,1.E0,-2.702955214810E-14));
#11856=AXIS2_PLACEMENT_3D('',#11853,#11854,#11855);
#11857=PLANE('',#11856);
#11858=ORIENTED_EDGE('',*,*,#11835,.T.);
#11859=ORIENTED_EDGE('',*,*,#9093,.F.);
#11860=ORIENTED_EDGE('',*,*,#11644,.T.);
#11861=ORIENTED_EDGE('',*,*,#11846,.F.);
#11862=EDGE_LOOP('',(#11858,#11859,#11860,#11861));
#11863=FACE_OUTER_BOUND('',#11862,.F.);
#11865=CARTESIAN_POINT('',(0.E0,5.120566E1,7.284827000001E0));
#11866=DIRECTION('',(0.E0,1.E0,1.382976518076E-14));
#11867=DIRECTION('',(0.E0,-1.382976518076E-14,1.E0));
#11868=AXIS2_PLACEMENT_3D('',#11865,#11866,#11867);
#11869=PLANE('',#11868);
#11870=ORIENTED_EDGE('',*,*,#8942,.T.);
#11871=ORIENTED_EDGE('',*,*,#11648,.T.);
#11872=ORIENTED_EDGE('',*,*,#11552,.F.);
#11874=ORIENTED_EDGE('',*,*,#11873,.F.);
#11876=ORIENTED_EDGE('',*,*,#11875,.T.);
#11877=ORIENTED_EDGE('',*,*,#8261,.F.);
#11879=ORIENTED_EDGE('',*,*,#11878,.F.);
#11881=ORIENTED_EDGE('',*,*,#11880,.F.);
#11882=EDGE_LOOP('',(#11870,#11871,#11872,#11874,#11876,#11877,#11879,#11881));
#11883=FACE_OUTER_BOUND('',#11882,.F.);
#11885=CARTESIAN_POINT('',(1.E0,5.120566E1,2.228E1));
#11886=DIRECTION('',(0.E0,-1.382976518076E-14,1.E0));
#11887=DIRECTION('',(1.E0,0.E0,0.E0));
#11888=AXIS2_PLACEMENT_3D('',#11885,#11886,#11887);
#11889=PLANE('',#11888);
#11890=ORIENTED_EDGE('',*,*,#11873,.T.);
#11891=ORIENTED_EDGE('',*,*,#11550,.F.);
#11893=ORIENTED_EDGE('',*,*,#11892,.F.);
#11895=ORIENTED_EDGE('',*,*,#11894,.F.);
#11897=ORIENTED_EDGE('',*,*,#11896,.F.);
#11899=ORIENTED_EDGE('',*,*,#11898,.T.);
#11900=EDGE_LOOP('',(#11890,#11891,#11893,#11895,#11897,#11899));
#11901=FACE_OUTER_BOUND('',#11900,.F.);
#11903=CARTESIAN_POINT('',(0.E0,5.100566E1,7.094836259320E0));
#11904=DIRECTION('',(0.E0,-1.E0,0.E0));
#11905=DIRECTION('',(0.E0,0.E0,1.E0));
#11906=AXIS2_PLACEMENT_3D('',#11903,#11904,#11905);
#11907=PLANE('',#11906);
#11908=ORIENTED_EDGE('',*,*,#7992,.F.);
#11910=ORIENTED_EDGE('',*,*,#11909,.T.);
#11911=ORIENTED_EDGE('',*,*,#11565,.T.);
#11913=ORIENTED_EDGE('',*,*,#11912,.F.);
#11915=ORIENTED_EDGE('',*,*,#11914,.T.);
#11916=ORIENTED_EDGE('',*,*,#11892,.T.);
#11917=ORIENTED_EDGE('',*,*,#11548,.T.);
#11919=ORIENTED_EDGE('',*,*,#11918,.F.);
#11920=EDGE_LOOP('',(#11908,#11910,#11911,#11913,#11915,#11916,#11917,#11919));
#11921=FACE_OUTER_BOUND('',#11920,.F.);
#11923=CARTESIAN_POINT('',(0.E0,5.7796632E1,6.746020779702E0));
#11924=DIRECTION('',(0.E0,-5.129696375403E-2,-9.986834440951E-1));
#11925=DIRECTION('',(0.E0,-9.986834440951E-1,5.129696375403E-2));
#11926=AXIS2_PLACEMENT_3D('',#11923,#11924,#11925);
#11927=PLANE('',#11926);
#11928=ORIENTED_EDGE('',*,*,#7990,.F.);
#11929=ORIENTED_EDGE('',*,*,#8145,.T.);
#11930=ORIENTED_EDGE('',*,*,#11567,.T.);
#11931=ORIENTED_EDGE('',*,*,#11909,.F.);
#11932=EDGE_LOOP('',(#11928,#11929,#11930,#11931));
#11933=FACE_OUTER_BOUND('',#11932,.F.);
#11935=CARTESIAN_POINT('',(7.881812710169E0,5.120566E1,7.280000000001E0));
#11936=DIRECTION('',(-4.026726575826E-14,1.382976518076E-14,-1.E0));
#11937=DIRECTION('',(-1.E0,0.E0,4.026726575826E-14));
#11938=AXIS2_PLACEMENT_3D('',#11935,#11936,#11937);
#11939=PLANE('',#11938);
#11940=ORIENTED_EDGE('',*,*,#8263,.T.);
#11942=ORIENTED_EDGE('',*,*,#11941,.F.);
#11944=ORIENTED_EDGE('',*,*,#11943,.F.);
#11946=ORIENTED_EDGE('',*,*,#11945,.T.);
#11947=ORIENTED_EDGE('',*,*,#11912,.T.);
#11948=ORIENTED_EDGE('',*,*,#11563,.T.);
#11949=EDGE_LOOP('',(#11940,#11942,#11944,#11946,#11947,#11948));
#11950=FACE_OUTER_BOUND('',#11949,.F.);
#11952=CARTESIAN_POINT('',(7.881812710169E0,5.120566E1,2.228E1));
#11953=DIRECTION('',(1.E0,0.E0,0.E0));
#11954=DIRECTION('',(0.E0,1.382976518076E-14,-1.E0));
#11955=AXIS2_PLACEMENT_3D('',#11952,#11953,#11954);
#11956=PLANE('',#11955);
#11957=ORIENTED_EDGE('',*,*,#11875,.F.);
#11958=ORIENTED_EDGE('',*,*,#11898,.F.);
#11960=ORIENTED_EDGE('',*,*,#11959,.F.);
#11961=ORIENTED_EDGE('',*,*,#11941,.T.);
#11962=EDGE_LOOP('',(#11957,#11958,#11960,#11961));
#11963=FACE_OUTER_BOUND('',#11962,.F.);
#11965=CARTESIAN_POINT('',(2.25E1,5.000566E1,2.990000000001E0));
#11966=DIRECTION('',(0.E0,1.E0,1.382976518076E-14));
#11967=DIRECTION('',(-1.E0,0.E0,0.E0));
#11968=AXIS2_PLACEMENT_3D('',#11965,#11966,#11967);
#11969=PLANE('',#11968);
#11970=ORIENTED_EDGE('',*,*,#11959,.T.);
#11971=ORIENTED_EDGE('',*,*,#11896,.T.);
#11973=ORIENTED_EDGE('',*,*,#11972,.T.);
#11974=ORIENTED_EDGE('',*,*,#11943,.T.);
#11975=EDGE_LOOP('',(#11970,#11971,#11973,#11974));
#11976=FACE_OUTER_BOUND('',#11975,.F.);
#11978=CARTESIAN_POINT('',(1.000002839838E0,5.120566E1,7.280000000001E0));
#11979=DIRECTION('',(-1.E0,0.E0,-1.893225364332E-7));
#11980=DIRECTION('',(-1.893225364332E-7,-1.382976518076E-14,1.E0));
#11981=AXIS2_PLACEMENT_3D('',#11978,#11979,#11980);
#11982=PLANE('',#11981);
#11983=ORIENTED_EDGE('',*,*,#11914,.F.);
#11984=ORIENTED_EDGE('',*,*,#11945,.F.);
#11985=ORIENTED_EDGE('',*,*,#11972,.F.);
#11986=ORIENTED_EDGE('',*,*,#11894,.T.);
#11987=EDGE_LOOP('',(#11983,#11984,#11985,#11986));
#11988=FACE_OUTER_BOUND('',#11987,.F.);
#11990=CARTESIAN_POINT('',(0.E0,5.100566E1,3.373814585559E1));
#11991=DIRECTION('',(0.E0,-5.174199500267E-2,9.986604858275E-1));
#11992=DIRECTION('',(0.E0,9.986604858275E-1,5.174199500267E-2));
#11993=AXIS2_PLACEMENT_3D('',#11990,#11991,#11992);
#11994=PLANE('',#11993);
#11995=ORIENTED_EDGE('',*,*,#7994,.F.);
#11996=ORIENTED_EDGE('',*,*,#11918,.T.);
#11997=ORIENTED_EDGE('',*,*,#11546,.T.);
#11998=ORIENTED_EDGE('',*,*,#9087,.F.);
#12000=ORIENTED_EDGE('',*,*,#11999,.T.);
#12002=ORIENTED_EDGE('',*,*,#12001,.F.);
#12003=EDGE_LOOP('',(#11995,#11996,#11997,#11998,#12000,#12002));
#12004=FACE_OUTER_BOUND('',#12003,.F.);
#12006=CARTESIAN_POINT('',(1.39E0,5.5E1,5.6691285E1));
#12007=DIRECTION('',(-1.E0,0.E0,0.E0));
#12008=DIRECTION('',(0.E0,-1.E0,2.702955214810E-14));
#12009=AXIS2_PLACEMENT_3D('',#12006,#12007,#12008);
#12010=PLANE('',#12009);
#12011=ORIENTED_EDGE('',*,*,#11999,.F.);
#12012=ORIENTED_EDGE('',*,*,#9085,.T.);
#12014=ORIENTED_EDGE('',*,*,#12013,.T.);
#12016=ORIENTED_EDGE('',*,*,#12015,.T.);
#12017=EDGE_LOOP('',(#12011,#12012,#12014,#12016));
#12018=FACE_OUTER_BOUND('',#12017,.F.);
#12020=CARTESIAN_POINT('',(0.E0,5.5E1,5.653E1));
#12021=DIRECTION('',(0.E0,1.382976518076E-14,-1.E0));
#12022=DIRECTION('',(0.E0,-1.E0,-1.382976518076E-14));
#12023=AXIS2_PLACEMENT_3D('',#12020,#12021,#12022);
#12024=PLANE('',#12023);
#12026=ORIENTED_EDGE('',*,*,#12025,.T.);
#12027=ORIENTED_EDGE('',*,*,#12013,.F.);
#12028=ORIENTED_EDGE('',*,*,#9083,.T.);
#12029=ORIENTED_EDGE('',*,*,#7998,.T.);
#12030=EDGE_LOOP('',(#12026,#12027,#12028,#12029));
#12031=FACE_OUTER_BOUND('',#12030,.F.);
#12033=CARTESIAN_POINT('',(0.E0,5.4798021E1,3.393463337733E1));
#12034=DIRECTION('',(0.E0,-1.E0,0.E0));
#12035=DIRECTION('',(0.E0,0.E0,1.E0));
#12036=AXIS2_PLACEMENT_3D('',#12033,#12034,#12035);
#12037=PLANE('',#12036);
#12038=ORIENTED_EDGE('',*,*,#7996,.T.);
#12039=ORIENTED_EDGE('',*,*,#12001,.T.);
#12040=ORIENTED_EDGE('',*,*,#12015,.F.);
#12041=ORIENTED_EDGE('',*,*,#12025,.F.);
#12042=EDGE_LOOP('',(#12038,#12039,#12040,#12041));
#12043=FACE_OUTER_BOUND('',#12042,.F.);
#12045=CARTESIAN_POINT('',(3.711818728990E1,5.120566E1,7.280000000001E0));
#12046=DIRECTION('',(-1.E0,0.E0,0.E0));
#12047=DIRECTION('',(0.E0,-1.382976518076E-14,1.E0));
#12048=AXIS2_PLACEMENT_3D('',#12045,#12046,#12047);
#12049=PLANE('',#12048);
#12050=ORIENTED_EDGE('',*,*,#11878,.T.);
#12052=ORIENTED_EDGE('',*,*,#12051,.F.);
#12054=ORIENTED_EDGE('',*,*,#12053,.F.);
#12056=ORIENTED_EDGE('',*,*,#12055,.T.);
#12057=EDGE_LOOP('',(#12050,#12052,#12054,#12056));
#12058=FACE_OUTER_BOUND('',#12057,.F.);
#12060=CARTESIAN_POINT('',(4.4E1,5.120566E1,7.280000000001E0));
#12061=DIRECTION('',(0.E0,1.382976518076E-14,-1.E0));
#12062=DIRECTION('',(-1.E0,0.E0,0.E0));
#12063=AXIS2_PLACEMENT_3D('',#12060,#12061,#12062);
#12064=PLANE('',#12063);
#12066=ORIENTED_EDGE('',*,*,#12065,.F.);
#12068=ORIENTED_EDGE('',*,*,#12067,.F.);
#12069=ORIENTED_EDGE('',*,*,#12051,.T.);
#12070=ORIENTED_EDGE('',*,*,#8259,.T.);
#12071=ORIENTED_EDGE('',*,*,#8920,.F.);
#12072=ORIENTED_EDGE('',*,*,#9019,.F.);
#12073=EDGE_LOOP('',(#12066,#12068,#12069,#12070,#12071,#12072));
#12074=FACE_OUTER_BOUND('',#12073,.F.);
#12076=CARTESIAN_POINT('',(4.4E1,5.120566E1,2.228E1));
#12077=DIRECTION('',(1.E0,0.E0,0.E0));
#12078=DIRECTION('',(0.E0,1.382976518076E-14,-1.E0));
#12079=AXIS2_PLACEMENT_3D('',#12076,#12077,#12078);
#12080=PLANE('',#12079);
#12081=ORIENTED_EDGE('',*,*,#9017,.F.);
#12083=ORIENTED_EDGE('',*,*,#12082,.F.);
#12085=ORIENTED_EDGE('',*,*,#12084,.F.);
#12086=ORIENTED_EDGE('',*,*,#12065,.T.);
#12087=EDGE_LOOP('',(#12081,#12083,#12085,#12086));
#12088=FACE_OUTER_BOUND('',#12087,.F.);
#12090=CARTESIAN_POINT('',(3.711818728990E1,5.120566E1,2.228E1));
#12091=DIRECTION('',(0.E0,-1.382976518076E-14,1.E0));
#12092=DIRECTION('',(1.E0,0.E0,0.E0));
#12093=AXIS2_PLACEMENT_3D('',#12090,#12091,#12092);
#12094=PLANE('',#12093);
#12095=ORIENTED_EDGE('',*,*,#11880,.T.);
#12096=ORIENTED_EDGE('',*,*,#12055,.F.);
#12098=ORIENTED_EDGE('',*,*,#12097,.F.);
#12099=ORIENTED_EDGE('',*,*,#12082,.T.);
#12100=ORIENTED_EDGE('',*,*,#9015,.T.);
#12101=ORIENTED_EDGE('',*,*,#8944,.T.);
#12102=EDGE_LOOP('',(#12095,#12096,#12098,#12099,#12100,#12101));
#12103=FACE_OUTER_BOUND('',#12102,.F.);
#12105=CARTESIAN_POINT('',(2.25E1,5.000566E1,2.990000000001E0));
#12106=DIRECTION('',(0.E0,1.E0,1.382976518076E-14));
#12107=DIRECTION('',(-1.E0,0.E0,0.E0));
#12108=AXIS2_PLACEMENT_3D('',#12105,#12106,#12107);
#12109=PLANE('',#12108);
#12110=ORIENTED_EDGE('',*,*,#12084,.T.);
#12111=ORIENTED_EDGE('',*,*,#12097,.T.);
#12112=ORIENTED_EDGE('',*,*,#12053,.T.);
#12113=ORIENTED_EDGE('',*,*,#12067,.T.);
#12114=EDGE_LOOP('',(#12110,#12111,#12112,#12113));
#12115=FACE_OUTER_BOUND('',#12114,.F.);
#12117=CARTESIAN_POINT('',(0.E0,5.7996632E1,8.522071937023E-13));
#12118=DIRECTION('',(0.E0,1.E0,0.E0));
#12119=DIRECTION('',(0.E0,0.E0,1.E0));
#12120=AXIS2_PLACEMENT_3D('',#12117,#12118,#12119);
#12121=PLANE('',#12120);
#12122=ORIENTED_EDGE('',*,*,#8923,.T.);
#12123=ORIENTED_EDGE('',*,*,#8267,.T.);
#12124=ORIENTED_EDGE('',*,*,#11571,.F.);
#12125=ORIENTED_EDGE('',*,*,#8157,.F.);
#12126=EDGE_LOOP('',(#12122,#12123,#12124,#12125));
#12127=FACE_OUTER_BOUND('',#12126,.F.);
#12129=CARTESIAN_POINT('',(0.E0,2.03368E-1,6.746020779702E0));
#12130=DIRECTION('',(0.E0,1.E0,0.E0));
#12131=DIRECTION('',(0.E0,0.E0,-1.E0));
#12132=AXIS2_PLACEMENT_3D('',#12129,#12130,#12131);
#12133=PLANE('',#12132);
#12134=ORIENTED_EDGE('',*,*,#8016,.T.);
#12136=ORIENTED_EDGE('',*,*,#12135,.T.);
#12137=ORIENTED_EDGE('',*,*,#11584,.T.);
#12138=ORIENTED_EDGE('',*,*,#10493,.F.);
#12139=EDGE_LOOP('',(#12134,#12136,#12137,#12138));
#12140=FACE_OUTER_BOUND('',#12139,.F.);
#12142=CARTESIAN_POINT('',(0.E0,6.99434E0,7.094836259320E0));
#12143=DIRECTION('',(0.E0,5.129696375403E-2,-9.986834440951E-1));
#12144=DIRECTION('',(0.E0,-9.986834440951E-1,-5.129696375403E-2));
#12145=AXIS2_PLACEMENT_3D('',#12142,#12143,#12144);
#12146=PLANE('',#12145);
#12147=ORIENTED_EDGE('',*,*,#8014,.F.);
#12149=ORIENTED_EDGE('',*,*,#12148,.T.);
#12150=ORIENTED_EDGE('',*,*,#11586,.T.);
#12151=ORIENTED_EDGE('',*,*,#12135,.F.);
#12152=EDGE_LOOP('',(#12147,#12149,#12150,#12151));
#12153=FACE_OUTER_BOUND('',#12152,.F.);
#12155=CARTESIAN_POINT('',(0.E0,6.99434E0,3.373814585559E1));
#12156=DIRECTION('',(0.E0,1.E0,0.E0));
#12157=DIRECTION('',(0.E0,0.E0,-1.E0));
#12158=AXIS2_PLACEMENT_3D('',#12155,#12156,#12157);
#12159=PLANE('',#12158);
#12160=ORIENTED_EDGE('',*,*,#8012,.F.);
#12162=ORIENTED_EDGE('',*,*,#12161,.T.);
#12163=ORIENTED_EDGE('',*,*,#11603,.T.);
#12165=ORIENTED_EDGE('',*,*,#12164,.F.);
#12167=ORIENTED_EDGE('',*,*,#12166,.T.);
#12169=ORIENTED_EDGE('',*,*,#12168,.T.);
#12170=ORIENTED_EDGE('',*,*,#11588,.T.);
#12171=ORIENTED_EDGE('',*,*,#12148,.F.);
#12172=EDGE_LOOP('',(#12160,#12162,#12163,#12165,#12167,#12169,#12170,#12171));
#12173=FACE_OUTER_BOUND('',#12172,.F.);
#12175=CARTESIAN_POINT('',(0.E0,3.201979E0,3.393463337733E1));
#12176=DIRECTION('',(0.E0,5.174199500267E-2,9.986604858275E-1));
#12177=DIRECTION('',(0.E0,9.986604858275E-1,-5.174199500267E-2));
#12178=AXIS2_PLACEMENT_3D('',#12175,#12176,#12177);
#12179=PLANE('',#12178);
#12180=ORIENTED_EDGE('',*,*,#8010,.F.);
#12182=ORIENTED_EDGE('',*,*,#12181,.T.);
#12184=ORIENTED_EDGE('',*,*,#12183,.F.);
#12185=ORIENTED_EDGE('',*,*,#10117,.T.);
#12186=ORIENTED_EDGE('',*,*,#11605,.T.);
#12187=ORIENTED_EDGE('',*,*,#12161,.F.);
#12188=EDGE_LOOP('',(#12180,#12182,#12184,#12185,#12186,#12187));
#12189=FACE_OUTER_BOUND('',#12188,.F.);
#12191=CARTESIAN_POINT('',(0.E0,3.201979E0,5.6691285E1));
#12192=DIRECTION('',(0.E0,1.E0,0.E0));
#12193=DIRECTION('',(0.E0,0.E0,-1.E0));
#12194=AXIS2_PLACEMENT_3D('',#12191,#12192,#12193);
#12195=PLANE('',#12194);
#12196=ORIENTED_EDGE('',*,*,#8008,.F.);
#12198=ORIENTED_EDGE('',*,*,#12197,.T.);
#12200=ORIENTED_EDGE('',*,*,#12199,.T.);
#12201=ORIENTED_EDGE('',*,*,#12181,.F.);
#12202=EDGE_LOOP('',(#12196,#12198,#12200,#12201));
#12203=FACE_OUTER_BOUND('',#12202,.F.);
#12205=CARTESIAN_POINT('',(0.E0,5.589999999999E0,5.653E1));
#12206=DIRECTION('',(0.E0,1.382976518076E-14,-1.E0));
#12207=DIRECTION('',(0.E0,-1.E0,-1.382976518076E-14));
#12208=AXIS2_PLACEMENT_3D('',#12205,#12206,#12207);
#12209=PLANE('',#12208);
#12210=ORIENTED_EDGE('',*,*,#12197,.F.);
#12211=ORIENTED_EDGE('',*,*,#8006,.T.);
#12212=ORIENTED_EDGE('',*,*,#10121,.F.);
#12214=ORIENTED_EDGE('',*,*,#12213,.F.);
#12215=EDGE_LOOP('',(#12210,#12211,#12212,#12214));
#12216=FACE_OUTER_BOUND('',#12215,.F.);
#12218=CARTESIAN_POINT('',(1.16E0,5.590000000002E0,5.6691285E1));
#12219=DIRECTION('',(-1.E0,0.E0,0.E0));
#12220=DIRECTION('',(0.E0,-1.E0,2.702955214810E-14));
#12221=AXIS2_PLACEMENT_3D('',#12218,#12219,#12220);
#12222=PLANE('',#12221);
#12223=ORIENTED_EDGE('',*,*,#12199,.F.);
#12224=ORIENTED_EDGE('',*,*,#12213,.T.);
#12225=ORIENTED_EDGE('',*,*,#10119,.F.);
#12226=ORIENTED_EDGE('',*,*,#12183,.T.);
#12227=EDGE_LOOP('',(#12223,#12224,#12225,#12226));
#12228=FACE_OUTER_BOUND('',#12227,.F.);
#12230=CARTESIAN_POINT('',(7.883459021531E0,6.790972E0,2.228E1));
#12231=DIRECTION('',(0.E0,-1.386358326588E-14,1.E0));
#12232=DIRECTION('',(-1.E0,0.E0,0.E0));
#12233=AXIS2_PLACEMENT_3D('',#12230,#12231,#12232);
#12234=PLANE('',#12233);
#12235=ORIENTED_EDGE('',*,*,#10199,.T.);
#12237=ORIENTED_EDGE('',*,*,#12236,.F.);
#12239=ORIENTED_EDGE('',*,*,#12238,.F.);
#12241=ORIENTED_EDGE('',*,*,#12240,.T.);
#12242=ORIENTED_EDGE('',*,*,#12164,.T.);
#12243=ORIENTED_EDGE('',*,*,#11601,.T.);
#12244=EDGE_LOOP('',(#12235,#12237,#12239,#12241,#12242,#12243));
#12245=FACE_OUTER_BOUND('',#12244,.F.);
#12247=CARTESIAN_POINT('',(7.883459021531E0,6.790972E0,7.28E0));
#12248=DIRECTION('',(1.E0,0.E0,0.E0));
#12249=DIRECTION('',(0.E0,-1.386358326588E-14,1.E0));
#12250=AXIS2_PLACEMENT_3D('',#12247,#12248,#12249);
#12251=PLANE('',#12250);
#12252=ORIENTED_EDGE('',*,*,#10197,.T.);
#12254=ORIENTED_EDGE('',*,*,#12253,.F.);
#12256=ORIENTED_EDGE('',*,*,#12255,.F.);
#12257=ORIENTED_EDGE('',*,*,#12236,.T.);
#12258=EDGE_LOOP('',(#12252,#12254,#12256,#12257));
#12259=FACE_OUTER_BOUND('',#12258,.F.);
#12261=CARTESIAN_POINT('',(1.E0,6.790972E0,7.28E0));
#12262=DIRECTION('',(0.E0,1.386358326588E-14,-1.E0));
#12263=DIRECTION('',(1.E0,0.E0,0.E0));
#12264=AXIS2_PLACEMENT_3D('',#12261,#12262,#12263);
#12265=PLANE('',#12264);
#12266=ORIENTED_EDGE('',*,*,#10666,.T.);
#12267=ORIENTED_EDGE('',*,*,#11590,.F.);
#12268=ORIENTED_EDGE('',*,*,#12168,.F.);
#12270=ORIENTED_EDGE('',*,*,#12269,.F.);
#12272=ORIENTED_EDGE('',*,*,#12271,.F.);
#12273=ORIENTED_EDGE('',*,*,#12253,.T.);
#12274=EDGE_LOOP('',(#12266,#12267,#12268,#12270,#12272,#12273));
#12275=FACE_OUTER_BOUND('',#12274,.F.);
#12277=CARTESIAN_POINT('',(1.E0,6.790972E0,2.228E1));
#12278=DIRECTION('',(-1.E0,0.E0,0.E0));
#12279=DIRECTION('',(0.E0,1.386358326588E-14,-1.E0));
#12280=AXIS2_PLACEMENT_3D('',#12277,#12278,#12279);
#12281=PLANE('',#12280);
#12282=ORIENTED_EDGE('',*,*,#12166,.F.);
#12283=ORIENTED_EDGE('',*,*,#12240,.F.);
#12285=ORIENTED_EDGE('',*,*,#12284,.F.);
#12286=ORIENTED_EDGE('',*,*,#12269,.T.);
#12287=EDGE_LOOP('',(#12282,#12283,#12285,#12286));
#12288=FACE_OUTER_BOUND('',#12287,.F.);
#12290=CARTESIAN_POINT('',(0.E0,7.990972E0,2.99E0));
#12291=DIRECTION('',(0.E0,-1.E0,-1.386358326588E-14));
#12292=DIRECTION('',(0.E0,1.386358326588E-14,-1.E0));
#12293=AXIS2_PLACEMENT_3D('',#12290,#12291,#12292);
#12294=PLANE('',#12293);
#12295=ORIENTED_EDGE('',*,*,#12255,.T.);
#12296=ORIENTED_EDGE('',*,*,#12271,.T.);
#12297=ORIENTED_EDGE('',*,*,#12284,.T.);
#12298=ORIENTED_EDGE('',*,*,#12238,.T.);
#12299=EDGE_LOOP('',(#12295,#12296,#12297,#12298));
#12300=FACE_OUTER_BOUND('',#12299,.F.);
#12302=CARTESIAN_POINT('',(3.711654097840E1,6.790972E0,7.28E0));
#12303=DIRECTION('',(0.E0,1.386358326588E-14,-1.E0));
#12304=DIRECTION('',(1.E0,0.E0,0.E0));
#12305=AXIS2_PLACEMENT_3D('',#12302,#12303,#12304);
#12306=PLANE('',#12305);
#12307=ORIENTED_EDGE('',*,*,#10669,.T.);
#12309=ORIENTED_EDGE('',*,*,#12308,.F.);
#12311=ORIENTED_EDGE('',*,*,#12310,.F.);
#12313=ORIENTED_EDGE('',*,*,#12312,.T.);
#12314=ORIENTED_EDGE('',*,*,#10237,.T.);
#12315=ORIENTED_EDGE('',*,*,#8986,.T.);
#12316=EDGE_LOOP('',(#12307,#12309,#12311,#12313,#12314,#12315));
#12317=FACE_OUTER_BOUND('',#12316,.F.);
#12319=CARTESIAN_POINT('',(3.711654097840E1,6.790972E0,2.228E1));
#12320=DIRECTION('',(-1.E0,0.E0,0.E0));
#12321=DIRECTION('',(0.E0,1.386358326588E-14,-1.E0));
#12322=AXIS2_PLACEMENT_3D('',#12319,#12320,#12321);
#12323=PLANE('',#12322);
#12324=ORIENTED_EDGE('',*,*,#10193,.F.);
#12325=ORIENTED_EDGE('',*,*,#10220,.F.);
#12327=ORIENTED_EDGE('',*,*,#12326,.F.);
#12328=ORIENTED_EDGE('',*,*,#12308,.T.);
#12329=EDGE_LOOP('',(#12324,#12325,#12327,#12328));
#12330=FACE_OUTER_BOUND('',#12329,.F.);
#12332=CARTESIAN_POINT('',(0.E0,7.990972E0,2.99E0));
#12333=DIRECTION('',(0.E0,-1.E0,-1.386358326588E-14));
#12334=DIRECTION('',(0.E0,1.386358326588E-14,-1.E0));
#12335=AXIS2_PLACEMENT_3D('',#12332,#12333,#12334);
#12336=PLANE('',#12335);
#12338=ORIENTED_EDGE('',*,*,#12337,.T.);
#12339=ORIENTED_EDGE('',*,*,#12310,.T.);
#12340=ORIENTED_EDGE('',*,*,#12326,.T.);
#12341=ORIENTED_EDGE('',*,*,#10218,.T.);
#12342=EDGE_LOOP('',(#12338,#12339,#12340,#12341));
#12343=FACE_OUTER_BOUND('',#12342,.F.);
#12345=CARTESIAN_POINT('',(4.4E1,6.790972E0,7.28E0));
#12346=DIRECTION('',(1.E0,0.E0,0.E0));
#12347=DIRECTION('',(0.E0,-1.386358326588E-14,1.E0));
#12348=AXIS2_PLACEMENT_3D('',#12345,#12346,#12347);
#12349=PLANE('',#12348);
#12350=ORIENTED_EDGE('',*,*,#10239,.F.);
#12351=ORIENTED_EDGE('',*,*,#12312,.F.);
#12352=ORIENTED_EDGE('',*,*,#12337,.F.);
#12353=ORIENTED_EDGE('',*,*,#10216,.T.);
#12354=EDGE_LOOP('',(#12350,#12351,#12352,#12353));
#12355=FACE_OUTER_BOUND('',#12354,.F.);
#12357=CARTESIAN_POINT('',(9.03E0,3.000000000002E0,5.6691285E1));
#12358=DIRECTION('',(1.E0,0.E0,0.E0));
#12359=DIRECTION('',(0.E0,1.E0,-2.702955214810E-14));
#12360=AXIS2_PLACEMENT_3D('',#12357,#12358,#12359);
#12361=PLANE('',#12360);
#12363=ORIENTED_EDGE('',*,*,#12362,.T.);
#12365=ORIENTED_EDGE('',*,*,#12364,.F.);
#12366=ORIENTED_EDGE('',*,*,#10154,.T.);
#12367=ORIENTED_EDGE('',*,*,#10111,.T.);
#12369=ORIENTED_EDGE('',*,*,#12368,.T.);
#12370=ORIENTED_EDGE('',*,*,#10103,.T.);
#12371=EDGE_LOOP('',(#12363,#12365,#12366,#12367,#12369,#12370));
#12372=FACE_OUTER_BOUND('',#12371,.F.);
#12374=CARTESIAN_POINT('',(0.E0,5.589999999999E0,5.653E1));
#12375=DIRECTION('',(0.E0,1.382976518076E-14,-1.E0));
#12376=DIRECTION('',(0.E0,-1.E0,-1.382976518076E-14));
#12377=AXIS2_PLACEMENT_3D('',#12374,#12375,#12376);
#12378=PLANE('',#12377);
#12380=ORIENTED_EDGE('',*,*,#12379,.T.);
#12381=ORIENTED_EDGE('',*,*,#12362,.F.);
#12382=ORIENTED_EDGE('',*,*,#10101,.F.);
#12384=ORIENTED_EDGE('',*,*,#12383,.F.);
#12385=EDGE_LOOP('',(#12380,#12381,#12382,#12384));
#12386=FACE_OUTER_BOUND('',#12385,.F.);
#12388=CARTESIAN_POINT('',(0.E0,3.001979E0,5.6691285E1));
#12389=DIRECTION('',(0.E0,-1.E0,-1.444906305878E-14));
#12390=DIRECTION('',(0.E0,1.444906305878E-14,-1.E0));
#12391=AXIS2_PLACEMENT_3D('',#12388,#12389,#12390);
#12392=PLANE('',#12391);
#12393=ORIENTED_EDGE('',*,*,#12379,.F.);
#12395=ORIENTED_EDGE('',*,*,#12394,.F.);
#12396=ORIENTED_EDGE('',*,*,#10156,.T.);
#12397=ORIENTED_EDGE('',*,*,#12364,.T.);
#12398=EDGE_LOOP('',(#12393,#12395,#12396,#12397));
#12399=FACE_OUTER_BOUND('',#12398,.F.);
#12401=CARTESIAN_POINT('',(9.83E0,5.590000000002E0,5.6691285E1));
#12402=DIRECTION('',(-1.E0,0.E0,0.E0));
#12403=DIRECTION('',(0.E0,-1.E0,2.702955214810E-14));
#12404=AXIS2_PLACEMENT_3D('',#12401,#12402,#12403);
#12405=PLANE('',#12404);
#12406=ORIENTED_EDGE('',*,*,#12383,.T.);
#12407=ORIENTED_EDGE('',*,*,#10099,.F.);
#12408=ORIENTED_EDGE('',*,*,#10158,.T.);
#12409=ORIENTED_EDGE('',*,*,#12394,.T.);
#12410=EDGE_LOOP('',(#12406,#12407,#12408,#12409));
#12411=FACE_OUTER_BOUND('',#12410,.F.);
#12413=CARTESIAN_POINT('',(0.E0,5.590000000002E0,5.6691285E1));
#12414=DIRECTION('',(0.E0,1.E0,-2.702955214810E-14));
#12415=DIRECTION('',(1.E0,0.E0,0.E0));
#12416=AXIS2_PLACEMENT_3D('',#12413,#12414,#12415);
#12417=PLANE('',#12416);
#12418=ORIENTED_EDGE('',*,*,#12368,.F.);
#12420=ORIENTED_EDGE('',*,*,#12419,.T.);
#12422=ORIENTED_EDGE('',*,*,#12421,.T.);
#12424=ORIENTED_EDGE('',*,*,#12423,.T.);
#12425=EDGE_LOOP('',(#12418,#12420,#12422,#12424));
#12426=FACE_OUTER_BOUND('',#12425,.F.);
#12428=CARTESIAN_POINT('',(9.04E0,5.590000000001E0,4.320625E1));
#12429=DIRECTION('',(0.E0,2.702955214810E-14,1.E0));
#12430=DIRECTION('',(-1.E0,0.E0,0.E0));
#12431=AXIS2_PLACEMENT_3D('',#12428,#12429,#12430);
#12432=PLANE('',#12431);
#12434=ORIENTED_EDGE('',*,*,#12433,.F.);
#12436=ORIENTED_EDGE('',*,*,#12435,.T.);
#12438=ORIENTED_EDGE('',*,*,#12437,.T.);
#12439=ORIENTED_EDGE('',*,*,#12419,.F.);
#12440=ORIENTED_EDGE('',*,*,#10109,.F.);
#12441=EDGE_LOOP('',(#12434,#12436,#12438,#12439,#12440));
#12442=FACE_OUTER_BOUND('',#12441,.F.);
#12444=CARTESIAN_POINT('',(1.54E0,5.590000000001E0,4.320625E1));
#12445=DIRECTION('',(1.E0,0.E0,0.E0));
#12446=DIRECTION('',(0.E0,2.702955214810E-14,1.E0));
#12447=AXIS2_PLACEMENT_3D('',#12444,#12445,#12446);
#12448=PLANE('',#12447);
#12449=ORIENTED_EDGE('',*,*,#12433,.T.);
#12450=ORIENTED_EDGE('',*,*,#10107,.F.);
#12452=ORIENTED_EDGE('',*,*,#12451,.F.);
#12454=ORIENTED_EDGE('',*,*,#12453,.T.);
#12455=EDGE_LOOP('',(#12449,#12450,#12452,#12454));
#12456=FACE_OUTER_BOUND('',#12455,.F.);
#12458=CARTESIAN_POINT('',(1.54E0,5.590000000001E0,4.8711947E1));
#12459=DIRECTION('',(0.E0,-2.702955214810E-14,-1.E0));
#12460=DIRECTION('',(1.E0,0.E0,0.E0));
#12461=AXIS2_PLACEMENT_3D('',#12458,#12459,#12460);
#12462=PLANE('',#12461);
#12463=ORIENTED_EDGE('',*,*,#12451,.T.);
#12464=ORIENTED_EDGE('',*,*,#10105,.T.);
#12465=ORIENTED_EDGE('',*,*,#12423,.F.);
#12467=ORIENTED_EDGE('',*,*,#12466,.F.);
#12469=ORIENTED_EDGE('',*,*,#12468,.T.);
#12470=EDGE_LOOP('',(#12463,#12464,#12465,#12467,#12469));
#12471=FACE_OUTER_BOUND('',#12470,.F.);
#12473=CARTESIAN_POINT('',(9.04E0,5.590000000001E0,4.8711947E1));
#12474=DIRECTION('',(-1.E0,0.E0,0.E0));
#12475=DIRECTION('',(0.E0,-2.702955214810E-14,-1.E0));
#12476=AXIS2_PLACEMENT_3D('',#12473,#12474,#12475);
#12477=PLANE('',#12476);
#12478=ORIENTED_EDGE('',*,*,#12421,.F.);
#12479=ORIENTED_EDGE('',*,*,#12437,.F.);
#12481=ORIENTED_EDGE('',*,*,#12480,.T.);
#12482=ORIENTED_EDGE('',*,*,#12466,.T.);
#12483=EDGE_LOOP('',(#12478,#12479,#12481,#12482));
#12484=FACE_OUTER_BOUND('',#12483,.F.);
#12486=CARTESIAN_POINT('',(0.E0,9.390000000002E0,5.6691285E1));
#12487=DIRECTION('',(0.E0,1.E0,-2.702955214810E-14));
#12488=DIRECTION('',(1.E0,0.E0,0.E0));
#12489=AXIS2_PLACEMENT_3D('',#12486,#12487,#12488);
#12490=PLANE('',#12489);
#12491=ORIENTED_EDGE('',*,*,#12453,.F.);
#12492=ORIENTED_EDGE('',*,*,#12468,.F.);
#12493=ORIENTED_EDGE('',*,*,#12480,.F.);
#12494=ORIENTED_EDGE('',*,*,#12435,.F.);
#12495=EDGE_LOOP('',(#12491,#12492,#12493,#12494));
#12496=FACE_OUTER_BOUND('',#12495,.F.);
#12498=ORIENTED_EDGE('',*,*,#12497,.T.);
#12500=ORIENTED_EDGE('',*,*,#12499,.T.);
#12502=ORIENTED_EDGE('',*,*,#12501,.T.);
#12504=ORIENTED_EDGE('',*,*,#12503,.T.);
#12505=EDGE_LOOP('',(#12498,#12500,#12502,#12504));
#12506=FACE_BOUND('',#12505,.F.);
#12508=CARTESIAN_POINT('',(8.9951215E0,5.590000000001E0,4.482889E1));
#12509=DIRECTION('',(2.255394466214E-13,2.702955214810E-14,1.E0));
#12510=DIRECTION('',(-1.E0,0.E0,2.255394466214E-13));
#12511=AXIS2_PLACEMENT_3D('',#12508,#12509,#12510);
#12512=PLANE('',#12511);
#12514=ORIENTED_EDGE('',*,*,#12513,.T.);
#12515=ORIENTED_EDGE('',*,*,#12497,.F.);
#12517=ORIENTED_EDGE('',*,*,#12516,.F.);
#12519=ORIENTED_EDGE('',*,*,#12518,.T.);
#12520=EDGE_LOOP('',(#12514,#12515,#12517,#12519));
#12521=FACE_OUTER_BOUND('',#12520,.F.);
#12523=CARTESIAN_POINT('',(8.9951215E0,5.590000000001E0,4.7757221E1));
#12524=DIRECTION('',(-1.E0,0.E0,0.E0));
#12525=DIRECTION('',(0.E0,-2.702955214810E-14,-1.E0));
#12526=AXIS2_PLACEMENT_3D('',#12523,#12524,#12525);
#12527=PLANE('',#12526);
#12528=ORIENTED_EDGE('',*,*,#12513,.F.);
#12530=ORIENTED_EDGE('',*,*,#12529,.T.);
#12532=ORIENTED_EDGE('',*,*,#12531,.T.);
#12533=ORIENTED_EDGE('',*,*,#12499,.F.);
#12534=EDGE_LOOP('',(#12528,#12530,#12532,#12533));
#12535=FACE_OUTER_BOUND('',#12534,.F.);
#12537=CARTESIAN_POINT('',(0.E0,1.249E1,5.6691285E1));
#12538=DIRECTION('',(0.E0,1.E0,-2.702955214810E-14));
#12539=DIRECTION('',(1.E0,0.E0,0.E0));
#12540=AXIS2_PLACEMENT_3D('',#12537,#12538,#12539);
#12541=PLANE('',#12540);
#12542=ORIENTED_EDGE('',*,*,#12518,.F.);
#12544=ORIENTED_EDGE('',*,*,#12543,.F.);
#12546=ORIENTED_EDGE('',*,*,#12545,.F.);
#12547=ORIENTED_EDGE('',*,*,#12529,.F.);
#12548=EDGE_LOOP('',(#12542,#12544,#12546,#12547));
#12549=FACE_OUTER_BOUND('',#12548,.F.);
#12551=CARTESIAN_POINT('',(1.5916475E0,5.590000000001E0,4.482889E1));
#12552=DIRECTION('',(1.E0,0.E0,0.E0));
#12553=DIRECTION('',(0.E0,2.702955214810E-14,1.E0));
#12554=AXIS2_PLACEMENT_3D('',#12551,#12552,#12553);
#12555=PLANE('',#12554);
#12556=ORIENTED_EDGE('',*,*,#12516,.T.);
#12557=ORIENTED_EDGE('',*,*,#12503,.F.);
#12559=ORIENTED_EDGE('',*,*,#12558,.F.);
#12560=ORIENTED_EDGE('',*,*,#12543,.T.);
#12561=EDGE_LOOP('',(#12556,#12557,#12559,#12560));
#12562=FACE_OUTER_BOUND('',#12561,.F.);
#12564=CARTESIAN_POINT('',(1.5916475E0,5.590000000001E0,4.7757221E1));
#12565=DIRECTION('',(0.E0,-2.702955214810E-14,-1.E0));
#12566=DIRECTION('',(1.E0,0.E0,0.E0));
#12567=AXIS2_PLACEMENT_3D('',#12564,#12565,#12566);
#12568=PLANE('',#12567);
#12569=ORIENTED_EDGE('',*,*,#12558,.T.);
#12570=ORIENTED_EDGE('',*,*,#12501,.F.);
#12571=ORIENTED_EDGE('',*,*,#12531,.F.);
#12572=ORIENTED_EDGE('',*,*,#12545,.T.);
#12573=EDGE_LOOP('',(#12569,#12570,#12571,#12572));
#12574=FACE_OUTER_BOUND('',#12573,.F.);
#12576=CARTESIAN_POINT('',(1.768E1,3.000000000002E0,5.6691285E1));
#12577=DIRECTION('',(1.E0,0.E0,0.E0));
#12578=DIRECTION('',(0.E0,1.E0,-2.702955214810E-14));
#12579=AXIS2_PLACEMENT_3D('',#12576,#12577,#12578);
#12580=PLANE('',#12579);
#12582=ORIENTED_EDGE('',*,*,#12581,.T.);
#12584=ORIENTED_EDGE('',*,*,#12583,.F.);
#12585=ORIENTED_EDGE('',*,*,#10161,.T.);
#12586=ORIENTED_EDGE('',*,*,#10095,.T.);
#12588=ORIENTED_EDGE('',*,*,#12587,.F.);
#12590=ORIENTED_EDGE('',*,*,#12589,.T.);
#12592=ORIENTED_EDGE('',*,*,#12591,.T.);
#12593=ORIENTED_EDGE('',*,*,#10087,.T.);
#12594=EDGE_LOOP('',(#12582,#12584,#12585,#12586,#12588,#12590,#12592,#12593));
#12595=FACE_OUTER_BOUND('',#12594,.F.);
#12597=CARTESIAN_POINT('',(0.E0,5.589999999999E0,5.653E1));
#12598=DIRECTION('',(0.E0,1.382976518076E-14,-1.E0));
#12599=DIRECTION('',(0.E0,-1.E0,-1.382976518076E-14));
#12600=AXIS2_PLACEMENT_3D('',#12597,#12598,#12599);
#12601=PLANE('',#12600);
#12603=ORIENTED_EDGE('',*,*,#12602,.T.);
#12604=ORIENTED_EDGE('',*,*,#12581,.F.);
#12605=ORIENTED_EDGE('',*,*,#10085,.F.);
#12607=ORIENTED_EDGE('',*,*,#12606,.F.);
#12608=EDGE_LOOP('',(#12603,#12604,#12605,#12607));
#12609=FACE_OUTER_BOUND('',#12608,.F.);
#12611=CARTESIAN_POINT('',(0.E0,3.001979E0,5.6691285E1));
#12612=DIRECTION('',(0.E0,-1.E0,-1.444906305878E-14));
#12613=DIRECTION('',(0.E0,1.444906305878E-14,-1.E0));
#12614=AXIS2_PLACEMENT_3D('',#12611,#12612,#12613);
#12615=PLANE('',#12614);
#12616=ORIENTED_EDGE('',*,*,#12602,.F.);
#12618=ORIENTED_EDGE('',*,*,#12617,.F.);
#12619=ORIENTED_EDGE('',*,*,#10163,.T.);
#12620=ORIENTED_EDGE('',*,*,#12583,.T.);
#12621=EDGE_LOOP('',(#12616,#12618,#12619,#12620));
#12622=FACE_OUTER_BOUND('',#12621,.F.);
#12624=CARTESIAN_POINT('',(1.848E1,5.590000000002E0,5.6691285E1));
#12625=DIRECTION('',(-1.E0,0.E0,0.E0));
#12626=DIRECTION('',(0.E0,-1.E0,2.702955214810E-14));
#12627=AXIS2_PLACEMENT_3D('',#12624,#12625,#12626);
#12628=PLANE('',#12627);
#12629=ORIENTED_EDGE('',*,*,#12606,.T.);
#12630=ORIENTED_EDGE('',*,*,#10083,.F.);
#12631=ORIENTED_EDGE('',*,*,#10165,.T.);
#12632=ORIENTED_EDGE('',*,*,#12617,.T.);
#12633=EDGE_LOOP('',(#12629,#12630,#12631,#12632));
#12634=FACE_OUTER_BOUND('',#12633,.F.);
#12636=CARTESIAN_POINT('',(1.7683E1,5.590000000001E0,4.320625E1));
#12637=DIRECTION('',(0.E0,2.702955214810E-14,1.E0));
#12638=DIRECTION('',(-1.E0,0.E0,0.E0));
#12639=AXIS2_PLACEMENT_3D('',#12636,#12637,#12638);
#12640=PLANE('',#12639);
#12641=ORIENTED_EDGE('',*,*,#12587,.T.);
#12642=ORIENTED_EDGE('',*,*,#10093,.F.);
#12644=ORIENTED_EDGE('',*,*,#12643,.F.);
#12646=ORIENTED_EDGE('',*,*,#12645,.T.);
#12647=EDGE_LOOP('',(#12641,#12642,#12644,#12646));
#12648=FACE_OUTER_BOUND('',#12647,.F.);
#12650=CARTESIAN_POINT('',(1.0183E1,5.590000000001E0,4.320625E1));
#12651=DIRECTION('',(1.E0,0.E0,0.E0));
#12652=DIRECTION('',(0.E0,2.702955214810E-14,1.E0));
#12653=AXIS2_PLACEMENT_3D('',#12650,#12651,#12652);
#12654=PLANE('',#12653);
#12656=ORIENTED_EDGE('',*,*,#12655,.F.);
#12658=ORIENTED_EDGE('',*,*,#12657,.T.);
#12659=ORIENTED_EDGE('',*,*,#12643,.T.);
#12660=ORIENTED_EDGE('',*,*,#10091,.F.);
#12661=EDGE_LOOP('',(#12656,#12658,#12659,#12660));
#12662=FACE_OUTER_BOUND('',#12661,.F.);
#12664=CARTESIAN_POINT('',(1.0183E1,5.590000000001E0,4.8711947E1));
#12665=DIRECTION('',(0.E0,-2.702955214810E-14,-1.E0));
#12666=DIRECTION('',(1.E0,0.E0,0.E0));
#12667=AXIS2_PLACEMENT_3D('',#12664,#12665,#12666);
#12668=PLANE('',#12667);
#12669=ORIENTED_EDGE('',*,*,#12655,.T.);
#12670=ORIENTED_EDGE('',*,*,#10089,.T.);
#12671=ORIENTED_EDGE('',*,*,#12591,.F.);
#12673=ORIENTED_EDGE('',*,*,#12672,.T.);
#12674=EDGE_LOOP('',(#12669,#12670,#12671,#12673));
#12675=FACE_OUTER_BOUND('',#12674,.F.);
#12677=CARTESIAN_POINT('',(0.E0,9.390000000002E0,5.6691285E1));
#12678=DIRECTION('',(0.E0,1.E0,-2.702955214810E-14));
#12679=DIRECTION('',(1.E0,0.E0,0.E0));
#12680=AXIS2_PLACEMENT_3D('',#12677,#12678,#12679);
#12681=PLANE('',#12680);
#12682=ORIENTED_EDGE('',*,*,#12672,.F.);
#12683=ORIENTED_EDGE('',*,*,#12589,.F.);
#12684=ORIENTED_EDGE('',*,*,#12645,.F.);
#12685=ORIENTED_EDGE('',*,*,#12657,.F.);
#12686=EDGE_LOOP('',(#12682,#12683,#12684,#12685));
#12687=FACE_OUTER_BOUND('',#12686,.F.);
#12689=ORIENTED_EDGE('',*,*,#12688,.T.);
#12691=ORIENTED_EDGE('',*,*,#12690,.T.);
#12693=ORIENTED_EDGE('',*,*,#12692,.T.);
#12695=ORIENTED_EDGE('',*,*,#12694,.T.);
#12696=EDGE_LOOP('',(#12689,#12691,#12693,#12695));
#12697=FACE_BOUND('',#12696,.F.);
#12699=CARTESIAN_POINT('',(1.02346475E1,5.590000000001E0,4.482889E1));
#12700=DIRECTION('',(1.E0,0.E0,0.E0));
#12701=DIRECTION('',(0.E0,2.702955214810E-14,1.E0));
#12702=AXIS2_PLACEMENT_3D('',#12699,#12700,#12701);
#12703=PLANE('',#12702);
#12705=ORIENTED_EDGE('',*,*,#12704,.T.);
#12706=ORIENTED_EDGE('',*,*,#12688,.F.);
#12708=ORIENTED_EDGE('',*,*,#12707,.F.);
#12710=ORIENTED_EDGE('',*,*,#12709,.T.);
#12711=EDGE_LOOP('',(#12705,#12706,#12708,#12710));
#12712=FACE_OUTER_BOUND('',#12711,.F.);
#12714=CARTESIAN_POINT('',(1.76381215E1,5.590000000001E0,4.482889E1));
#12715=DIRECTION('',(0.E0,2.702955214810E-14,1.E0));
#12716=DIRECTION('',(-1.E0,0.E0,0.E0));
#12717=AXIS2_PLACEMENT_3D('',#12714,#12715,#12716);
#12718=PLANE('',#12717);
#12719=ORIENTED_EDGE('',*,*,#12704,.F.);
#12721=ORIENTED_EDGE('',*,*,#12720,.T.);
#12723=ORIENTED_EDGE('',*,*,#12722,.T.);
#12724=ORIENTED_EDGE('',*,*,#12690,.F.);
#12725=EDGE_LOOP('',(#12719,#12721,#12723,#12724));
#12726=FACE_OUTER_BOUND('',#12725,.F.);
#12728=CARTESIAN_POINT('',(0.E0,1.249E1,5.6691285E1));
#12729=DIRECTION('',(0.E0,1.E0,-2.702955214810E-14));
#12730=DIRECTION('',(1.E0,0.E0,0.E0));
#12731=AXIS2_PLACEMENT_3D('',#12728,#12729,#12730);
#12732=PLANE('',#12731);
#12733=ORIENTED_EDGE('',*,*,#12709,.F.);
#12735=ORIENTED_EDGE('',*,*,#12734,.F.);
#12737=ORIENTED_EDGE('',*,*,#12736,.F.);
#12738=ORIENTED_EDGE('',*,*,#12720,.F.);
#12739=EDGE_LOOP('',(#12733,#12735,#12737,#12738));
#12740=FACE_OUTER_BOUND('',#12739,.F.);
#12742=CARTESIAN_POINT('',(1.02346475E1,5.590000000001E0,4.7757221E1));
#12743=DIRECTION('',(0.E0,-2.702955214810E-14,-1.E0));
#12744=DIRECTION('',(1.E0,0.E0,0.E0));
#12745=AXIS2_PLACEMENT_3D('',#12742,#12743,#12744);
#12746=PLANE('',#12745);
#12747=ORIENTED_EDGE('',*,*,#12707,.T.);
#12748=ORIENTED_EDGE('',*,*,#12694,.F.);
#12750=ORIENTED_EDGE('',*,*,#12749,.F.);
#12751=ORIENTED_EDGE('',*,*,#12734,.T.);
#12752=EDGE_LOOP('',(#12747,#12748,#12750,#12751));
#12753=FACE_OUTER_BOUND('',#12752,.F.);
#12755=CARTESIAN_POINT('',(1.76381215E1,5.590000000001E0,4.7757221E1));
#12756=DIRECTION('',(-1.E0,0.E0,0.E0));
#12757=DIRECTION('',(0.E0,-2.702955214810E-14,-1.E0));
#12758=AXIS2_PLACEMENT_3D('',#12755,#12756,#12757);
#12759=PLANE('',#12758);
#12760=ORIENTED_EDGE('',*,*,#12749,.T.);
#12761=ORIENTED_EDGE('',*,*,#12692,.F.);
#12762=ORIENTED_EDGE('',*,*,#12722,.F.);
#12763=ORIENTED_EDGE('',*,*,#12736,.T.);
#12764=EDGE_LOOP('',(#12760,#12761,#12762,#12763));
#12765=FACE_OUTER_BOUND('',#12764,.F.);
#12767=CARTESIAN_POINT('',(2.633E1,3.000000000002E0,5.6691285E1));
#12768=DIRECTION('',(1.E0,0.E0,0.E0));
#12769=DIRECTION('',(0.E0,1.E0,-2.702955214810E-14));
#12770=AXIS2_PLACEMENT_3D('',#12767,#12768,#12769);
#12771=PLANE('',#12770);
#12773=ORIENTED_EDGE('',*,*,#12772,.T.);
#12775=ORIENTED_EDGE('',*,*,#12774,.F.);
#12776=ORIENTED_EDGE('',*,*,#10168,.T.);
#12777=ORIENTED_EDGE('',*,*,#10079,.T.);
#12779=ORIENTED_EDGE('',*,*,#12778,.F.);
#12781=ORIENTED_EDGE('',*,*,#12780,.T.);
#12783=ORIENTED_EDGE('',*,*,#12782,.T.);
#12784=ORIENTED_EDGE('',*,*,#10071,.T.);
#12785=EDGE_LOOP('',(#12773,#12775,#12776,#12777,#12779,#12781,#12783,#12784));
#12786=FACE_OUTER_BOUND('',#12785,.F.);
#12788=CARTESIAN_POINT('',(0.E0,5.589999999999E0,5.653E1));
#12789=DIRECTION('',(0.E0,1.382976518076E-14,-1.E0));
#12790=DIRECTION('',(0.E0,-1.E0,-1.382976518076E-14));
#12791=AXIS2_PLACEMENT_3D('',#12788,#12789,#12790);
#12792=PLANE('',#12791);
#12794=ORIENTED_EDGE('',*,*,#12793,.T.);
#12795=ORIENTED_EDGE('',*,*,#12772,.F.);
#12796=ORIENTED_EDGE('',*,*,#10069,.F.);
#12798=ORIENTED_EDGE('',*,*,#12797,.F.);
#12799=EDGE_LOOP('',(#12794,#12795,#12796,#12798));
#12800=FACE_OUTER_BOUND('',#12799,.F.);
#12802=CARTESIAN_POINT('',(0.E0,3.001979E0,5.6691285E1));
#12803=DIRECTION('',(0.E0,-1.E0,-1.444906305878E-14));
#12804=DIRECTION('',(0.E0,1.444906305878E-14,-1.E0));
#12805=AXIS2_PLACEMENT_3D('',#12802,#12803,#12804);
#12806=PLANE('',#12805);
#12807=ORIENTED_EDGE('',*,*,#12793,.F.);
#12809=ORIENTED_EDGE('',*,*,#12808,.F.);
#12810=ORIENTED_EDGE('',*,*,#10170,.T.);
#12811=ORIENTED_EDGE('',*,*,#12774,.T.);
#12812=EDGE_LOOP('',(#12807,#12809,#12810,#12811));
#12813=FACE_OUTER_BOUND('',#12812,.F.);
#12815=CARTESIAN_POINT('',(2.714E1,5.590000000002E0,5.6691285E1));
#12816=DIRECTION('',(-1.E0,0.E0,0.E0));
#12817=DIRECTION('',(0.E0,-1.E0,2.702955214810E-14));
#12818=AXIS2_PLACEMENT_3D('',#12815,#12816,#12817);
#12819=PLANE('',#12818);
#12820=ORIENTED_EDGE('',*,*,#12797,.T.);
#12821=ORIENTED_EDGE('',*,*,#10067,.F.);
#12822=ORIENTED_EDGE('',*,*,#10172,.T.);
#12823=ORIENTED_EDGE('',*,*,#12808,.T.);
#12824=EDGE_LOOP('',(#12820,#12821,#12822,#12823));
#12825=FACE_OUTER_BOUND('',#12824,.F.);
#12827=CARTESIAN_POINT('',(2.6326E1,5.590000000001E0,4.320625E1));
#12828=DIRECTION('',(0.E0,2.702955214810E-14,1.E0));
#12829=DIRECTION('',(-1.E0,0.E0,0.E0));
#12830=AXIS2_PLACEMENT_3D('',#12827,#12828,#12829);
#12831=PLANE('',#12830);
#12832=ORIENTED_EDGE('',*,*,#12778,.T.);
#12833=ORIENTED_EDGE('',*,*,#10077,.F.);
#12835=ORIENTED_EDGE('',*,*,#12834,.F.);
#12837=ORIENTED_EDGE('',*,*,#12836,.T.);
#12838=EDGE_LOOP('',(#12832,#12833,#12835,#12837));
#12839=FACE_OUTER_BOUND('',#12838,.F.);
#12841=CARTESIAN_POINT('',(1.8826E1,5.590000000001E0,4.320625E1));
#12842=DIRECTION('',(1.E0,0.E0,0.E0));
#12843=DIRECTION('',(0.E0,2.702955214810E-14,1.E0));
#12844=AXIS2_PLACEMENT_3D('',#12841,#12842,#12843);
#12845=PLANE('',#12844);
#12847=ORIENTED_EDGE('',*,*,#12846,.F.);
#12849=ORIENTED_EDGE('',*,*,#12848,.T.);
#12850=ORIENTED_EDGE('',*,*,#12834,.T.);
#12851=ORIENTED_EDGE('',*,*,#10075,.F.);
#12852=EDGE_LOOP('',(#12847,#12849,#12850,#12851));
#12853=FACE_OUTER_BOUND('',#12852,.F.);
#12855=CARTESIAN_POINT('',(1.8826E1,5.590000000001E0,4.8711947E1));
#12856=DIRECTION('',(0.E0,-2.702955214810E-14,-1.E0));
#12857=DIRECTION('',(1.E0,0.E0,0.E0));
#12858=AXIS2_PLACEMENT_3D('',#12855,#12856,#12857);
#12859=PLANE('',#12858);
#12860=ORIENTED_EDGE('',*,*,#12846,.T.);
#12861=ORIENTED_EDGE('',*,*,#10073,.F.);
#12862=ORIENTED_EDGE('',*,*,#12782,.F.);
#12864=ORIENTED_EDGE('',*,*,#12863,.T.);
#12865=EDGE_LOOP('',(#12860,#12861,#12862,#12864));
#12866=FACE_OUTER_BOUND('',#12865,.F.);
#12868=CARTESIAN_POINT('',(0.E0,9.390000000002E0,5.6691285E1));
#12869=DIRECTION('',(0.E0,1.E0,-2.702955214810E-14));
#12870=DIRECTION('',(1.E0,0.E0,0.E0));
#12871=AXIS2_PLACEMENT_3D('',#12868,#12869,#12870);
#12872=PLANE('',#12871);
#12873=ORIENTED_EDGE('',*,*,#12863,.F.);
#12874=ORIENTED_EDGE('',*,*,#12780,.F.);
#12875=ORIENTED_EDGE('',*,*,#12836,.F.);
#12876=ORIENTED_EDGE('',*,*,#12848,.F.);
#12877=EDGE_LOOP('',(#12873,#12874,#12875,#12876));
#12878=FACE_OUTER_BOUND('',#12877,.F.);
#12880=ORIENTED_EDGE('',*,*,#12879,.T.);
#12882=ORIENTED_EDGE('',*,*,#12881,.T.);
#12884=ORIENTED_EDGE('',*,*,#12883,.T.);
#12886=ORIENTED_EDGE('',*,*,#12885,.T.);
#12887=EDGE_LOOP('',(#12880,#12882,#12884,#12886));
#12888=FACE_BOUND('',#12887,.F.);
#12890=CARTESIAN_POINT('',(2.62811215E1,5.590000000001E0,4.482889E1));
#12891=DIRECTION('',(0.E0,2.702955214810E-14,1.E0));
#12892=DIRECTION('',(-1.E0,0.E0,0.E0));
#12893=AXIS2_PLACEMENT_3D('',#12890,#12891,#12892);
#12894=PLANE('',#12893);
#12896=ORIENTED_EDGE('',*,*,#12895,.T.);
#12897=ORIENTED_EDGE('',*,*,#12879,.F.);
#12899=ORIENTED_EDGE('',*,*,#12898,.F.);
#12901=ORIENTED_EDGE('',*,*,#12900,.T.);
#12902=EDGE_LOOP('',(#12896,#12897,#12899,#12901));
#12903=FACE_OUTER_BOUND('',#12902,.F.);
#12905=CARTESIAN_POINT('',(2.62811215E1,5.590000000001E0,4.7757221E1));
#12906=DIRECTION('',(-1.E0,0.E0,0.E0));
#12907=DIRECTION('',(0.E0,-2.702955214810E-14,-1.E0));
#12908=AXIS2_PLACEMENT_3D('',#12905,#12906,#12907);
#12909=PLANE('',#12908);
#12910=ORIENTED_EDGE('',*,*,#12895,.F.);
#12912=ORIENTED_EDGE('',*,*,#12911,.T.);
#12914=ORIENTED_EDGE('',*,*,#12913,.T.);
#12915=ORIENTED_EDGE('',*,*,#12881,.F.);
#12916=EDGE_LOOP('',(#12910,#12912,#12914,#12915));
#12917=FACE_OUTER_BOUND('',#12916,.F.);
#12919=CARTESIAN_POINT('',(0.E0,1.249E1,5.6691285E1));
#12920=DIRECTION('',(0.E0,1.E0,-2.702955214810E-14));
#12921=DIRECTION('',(1.E0,0.E0,0.E0));
#12922=AXIS2_PLACEMENT_3D('',#12919,#12920,#12921);
#12923=PLANE('',#12922);
#12924=ORIENTED_EDGE('',*,*,#12900,.F.);
#12926=ORIENTED_EDGE('',*,*,#12925,.F.);
#12928=ORIENTED_EDGE('',*,*,#12927,.F.);
#12929=ORIENTED_EDGE('',*,*,#12911,.F.);
#12930=EDGE_LOOP('',(#12924,#12926,#12928,#12929));
#12931=FACE_OUTER_BOUND('',#12930,.F.);
#12933=CARTESIAN_POINT('',(1.88776475E1,5.590000000001E0,4.482889E1));
#12934=DIRECTION('',(1.E0,0.E0,0.E0));
#12935=DIRECTION('',(0.E0,2.702955214810E-14,1.E0));
#12936=AXIS2_PLACEMENT_3D('',#12933,#12934,#12935);
#12937=PLANE('',#12936);
#12938=ORIENTED_EDGE('',*,*,#12898,.T.);
#12939=ORIENTED_EDGE('',*,*,#12885,.F.);
#12941=ORIENTED_EDGE('',*,*,#12940,.F.);
#12942=ORIENTED_EDGE('',*,*,#12925,.T.);
#12943=EDGE_LOOP('',(#12938,#12939,#12941,#12942));
#12944=FACE_OUTER_BOUND('',#12943,.F.);
#12946=CARTESIAN_POINT('',(1.88776475E1,5.590000000001E0,4.7757221E1));
#12947=DIRECTION('',(-2.255394466214E-13,-2.702955214810E-14,-1.E0));
#12948=DIRECTION('',(1.E0,0.E0,-2.255394466214E-13));
#12949=AXIS2_PLACEMENT_3D('',#12946,#12947,#12948);
#12950=PLANE('',#12949);
#12951=ORIENTED_EDGE('',*,*,#12940,.T.);
#12952=ORIENTED_EDGE('',*,*,#12883,.F.);
#12953=ORIENTED_EDGE('',*,*,#12913,.F.);
#12954=ORIENTED_EDGE('',*,*,#12927,.T.);
#12955=EDGE_LOOP('',(#12951,#12952,#12953,#12954));
#12956=FACE_OUTER_BOUND('',#12955,.F.);
#12958=CARTESIAN_POINT('',(3.497E1,3.000000000002E0,5.6691285E1));
#12959=DIRECTION('',(1.E0,0.E0,0.E0));
#12960=DIRECTION('',(0.E0,1.E0,-2.702955214810E-14));
#12961=AXIS2_PLACEMENT_3D('',#12958,#12959,#12960);
#12962=PLANE('',#12961);
#12964=ORIENTED_EDGE('',*,*,#12963,.T.);
#12966=ORIENTED_EDGE('',*,*,#12965,.F.);
#12967=ORIENTED_EDGE('',*,*,#10175,.T.);
#12968=ORIENTED_EDGE('',*,*,#10063,.T.);
#12970=ORIENTED_EDGE('',*,*,#12969,.F.);
#12972=ORIENTED_EDGE('',*,*,#12971,.T.);
#12974=ORIENTED_EDGE('',*,*,#12973,.T.);
#12975=ORIENTED_EDGE('',*,*,#10055,.T.);
#12976=EDGE_LOOP('',(#12964,#12966,#12967,#12968,#12970,#12972,#12974,#12975));
#12977=FACE_OUTER_BOUND('',#12976,.F.);
#12979=CARTESIAN_POINT('',(0.E0,5.589999999999E0,5.653E1));
#12980=DIRECTION('',(0.E0,1.382976518076E-14,-1.E0));
#12981=DIRECTION('',(0.E0,-1.E0,-1.382976518076E-14));
#12982=AXIS2_PLACEMENT_3D('',#12979,#12980,#12981);
#12983=PLANE('',#12982);
#12985=ORIENTED_EDGE('',*,*,#12984,.T.);
#12986=ORIENTED_EDGE('',*,*,#12963,.F.);
#12987=ORIENTED_EDGE('',*,*,#10053,.F.);
#12989=ORIENTED_EDGE('',*,*,#12988,.F.);
#12990=EDGE_LOOP('',(#12985,#12986,#12987,#12989));
#12991=FACE_OUTER_BOUND('',#12990,.F.);
#12993=CARTESIAN_POINT('',(0.E0,3.001979E0,5.6691285E1));
#12994=DIRECTION('',(0.E0,-1.E0,-1.444906305878E-14));
#12995=DIRECTION('',(0.E0,1.444906305878E-14,-1.E0));
#12996=AXIS2_PLACEMENT_3D('',#12993,#12994,#12995);
#12997=PLANE('',#12996);
#12998=ORIENTED_EDGE('',*,*,#12984,.F.);
#13000=ORIENTED_EDGE('',*,*,#12999,.F.);
#13001=ORIENTED_EDGE('',*,*,#10177,.T.);
#13002=ORIENTED_EDGE('',*,*,#12965,.T.);
#13003=EDGE_LOOP('',(#12998,#13000,#13001,#13002));
#13004=FACE_OUTER_BOUND('',#13003,.F.);
#13006=CARTESIAN_POINT('',(3.578E1,5.590000000002E0,5.6691285E1));
#13007=DIRECTION('',(-1.E0,0.E0,0.E0));
#13008=DIRECTION('',(0.E0,-1.E0,2.702955214810E-14));
#13009=AXIS2_PLACEMENT_3D('',#13006,#13007,#13008);
#13010=PLANE('',#13009);
#13011=ORIENTED_EDGE('',*,*,#12988,.T.);
#13012=ORIENTED_EDGE('',*,*,#10051,.F.);
#13013=ORIENTED_EDGE('',*,*,#10179,.T.);
#13014=ORIENTED_EDGE('',*,*,#12999,.T.);
#13015=EDGE_LOOP('',(#13011,#13012,#13013,#13014));
#13016=FACE_OUTER_BOUND('',#13015,.F.);
#13018=CARTESIAN_POINT('',(3.4969E1,5.590000000001E0,4.320625E1));
#13019=DIRECTION('',(0.E0,2.702955214810E-14,1.E0));
#13020=DIRECTION('',(-1.E0,0.E0,0.E0));
#13021=AXIS2_PLACEMENT_3D('',#13018,#13019,#13020);
#13022=PLANE('',#13021);
#13024=ORIENTED_EDGE('',*,*,#13023,.F.);
#13026=ORIENTED_EDGE('',*,*,#13025,.T.);
#13027=ORIENTED_EDGE('',*,*,#12969,.T.);
#13028=ORIENTED_EDGE('',*,*,#10061,.F.);
#13029=EDGE_LOOP('',(#13024,#13026,#13027,#13028));
#13030=FACE_OUTER_BOUND('',#13029,.F.);
#13032=CARTESIAN_POINT('',(2.7469E1,5.590000000001E0,4.320625E1));
#13033=DIRECTION('',(1.E0,0.E0,0.E0));
#13034=DIRECTION('',(0.E0,2.702955214810E-14,1.E0));
#13035=AXIS2_PLACEMENT_3D('',#13032,#13033,#13034);
#13036=PLANE('',#13035);
#13037=ORIENTED_EDGE('',*,*,#13023,.T.);
#13038=ORIENTED_EDGE('',*,*,#10059,.F.);
#13040=ORIENTED_EDGE('',*,*,#13039,.F.);
#13042=ORIENTED_EDGE('',*,*,#13041,.T.);
#13043=EDGE_LOOP('',(#13037,#13038,#13040,#13042));
#13044=FACE_OUTER_BOUND('',#13043,.F.);
#13046=CARTESIAN_POINT('',(2.7469E1,5.590000000001E0,4.8711947E1));
#13047=DIRECTION('',(0.E0,-2.702955214810E-14,-1.E0));
#13048=DIRECTION('',(1.E0,0.E0,0.E0));
#13049=AXIS2_PLACEMENT_3D('',#13046,#13047,#13048);
#13050=PLANE('',#13049);
#13051=ORIENTED_EDGE('',*,*,#13039,.T.);
#13052=ORIENTED_EDGE('',*,*,#10057,.F.);
#13053=ORIENTED_EDGE('',*,*,#12973,.F.);
#13055=ORIENTED_EDGE('',*,*,#13054,.T.);
#13056=EDGE_LOOP('',(#13051,#13052,#13053,#13055));
#13057=FACE_OUTER_BOUND('',#13056,.F.);
#13059=CARTESIAN_POINT('',(0.E0,9.390000000002E0,5.6691285E1));
#13060=DIRECTION('',(0.E0,1.E0,-2.702955214810E-14));
#13061=DIRECTION('',(1.E0,0.E0,0.E0));
#13062=AXIS2_PLACEMENT_3D('',#13059,#13060,#13061);
#13063=PLANE('',#13062);
#13064=ORIENTED_EDGE('',*,*,#13041,.F.);
#13065=ORIENTED_EDGE('',*,*,#13054,.F.);
#13066=ORIENTED_EDGE('',*,*,#12971,.F.);
#13067=ORIENTED_EDGE('',*,*,#13025,.F.);
#13068=EDGE_LOOP('',(#13064,#13065,#13066,#13067));
#13069=FACE_OUTER_BOUND('',#13068,.F.);
#13071=ORIENTED_EDGE('',*,*,#13070,.T.);
#13073=ORIENTED_EDGE('',*,*,#13072,.T.);
#13075=ORIENTED_EDGE('',*,*,#13074,.T.);
#13077=ORIENTED_EDGE('',*,*,#13076,.T.);
#13078=EDGE_LOOP('',(#13071,#13073,#13075,#13077));
#13079=FACE_BOUND('',#13078,.F.);
#13081=CARTESIAN_POINT('',(3.49241215E1,5.590000000001E0,4.482889E1));
#13082=DIRECTION('',(2.255394466214E-13,2.702955214810E-14,1.E0));
#13083=DIRECTION('',(-1.E0,0.E0,2.255394466214E-13));
#13084=AXIS2_PLACEMENT_3D('',#13081,#13082,#13083);
#13085=PLANE('',#13084);
#13087=ORIENTED_EDGE('',*,*,#13086,.T.);
#13088=ORIENTED_EDGE('',*,*,#13070,.F.);
#13090=ORIENTED_EDGE('',*,*,#13089,.F.);
#13092=ORIENTED_EDGE('',*,*,#13091,.T.);
#13093=EDGE_LOOP('',(#13087,#13088,#13090,#13092));
#13094=FACE_OUTER_BOUND('',#13093,.F.);
#13096=CARTESIAN_POINT('',(3.49241215E1,5.590000000001E0,4.7757221E1));
#13097=DIRECTION('',(-1.E0,0.E0,0.E0));
#13098=DIRECTION('',(0.E0,-2.702955214810E-14,-1.E0));
#13099=AXIS2_PLACEMENT_3D('',#13096,#13097,#13098);
#13100=PLANE('',#13099);
#13101=ORIENTED_EDGE('',*,*,#13086,.F.);
#13103=ORIENTED_EDGE('',*,*,#13102,.T.);
#13105=ORIENTED_EDGE('',*,*,#13104,.T.);
#13106=ORIENTED_EDGE('',*,*,#13072,.F.);
#13107=EDGE_LOOP('',(#13101,#13103,#13105,#13106));
#13108=FACE_OUTER_BOUND('',#13107,.F.);
#13110=CARTESIAN_POINT('',(0.E0,1.249E1,5.6691285E1));
#13111=DIRECTION('',(0.E0,1.E0,-2.702955214810E-14));
#13112=DIRECTION('',(1.E0,0.E0,0.E0));
#13113=AXIS2_PLACEMENT_3D('',#13110,#13111,#13112);
#13114=PLANE('',#13113);
#13115=ORIENTED_EDGE('',*,*,#13091,.F.);
#13117=ORIENTED_EDGE('',*,*,#13116,.F.);
#13119=ORIENTED_EDGE('',*,*,#13118,.F.);
#13120=ORIENTED_EDGE('',*,*,#13102,.F.);
#13121=EDGE_LOOP('',(#13115,#13117,#13119,#13120));
#13122=FACE_OUTER_BOUND('',#13121,.F.);
#13124=CARTESIAN_POINT('',(2.75206475E1,5.590000000001E0,4.482889E1));
#13125=DIRECTION('',(1.E0,0.E0,0.E0));
#13126=DIRECTION('',(0.E0,2.702955214810E-14,1.E0));
#13127=AXIS2_PLACEMENT_3D('',#13124,#13125,#13126);
#13128=PLANE('',#13127);
#13129=ORIENTED_EDGE('',*,*,#13089,.T.);
#13130=ORIENTED_EDGE('',*,*,#13076,.F.);
#13132=ORIENTED_EDGE('',*,*,#13131,.F.);
#13133=ORIENTED_EDGE('',*,*,#13116,.T.);
#13134=EDGE_LOOP('',(#13129,#13130,#13132,#13133));
#13135=FACE_OUTER_BOUND('',#13134,.F.);
#13137=CARTESIAN_POINT('',(2.75206475E1,5.590000000001E0,4.7757221E1));
#13138=DIRECTION('',(0.E0,-2.702955214810E-14,-1.E0));
#13139=DIRECTION('',(1.E0,0.E0,0.E0));
#13140=AXIS2_PLACEMENT_3D('',#13137,#13138,#13139);
#13141=PLANE('',#13140);
#13142=ORIENTED_EDGE('',*,*,#13131,.T.);
#13143=ORIENTED_EDGE('',*,*,#13074,.F.);
#13144=ORIENTED_EDGE('',*,*,#13104,.F.);
#13145=ORIENTED_EDGE('',*,*,#13118,.T.);
#13146=EDGE_LOOP('',(#13142,#13143,#13144,#13145));
#13147=FACE_OUTER_BOUND('',#13146,.F.);
#13149=CARTESIAN_POINT('',(5.29E0,4.563E1,5.6691285E1));
#13150=DIRECTION('',(0.E0,2.702955214810E-14,1.E0));
#13151=DIRECTION('',(1.E0,0.E0,0.E0));
#13152=AXIS2_PLACEMENT_3D('',#13149,#13150,#13151);
#13153=CYLINDRICAL_SURFACE('',#13152,3.E0);
#13154=ORIENTED_EDGE('',*,*,#9934,.F.);
#13155=ORIENTED_EDGE('',*,*,#9932,.F.);
#13157=ORIENTED_EDGE('',*,*,#13156,.F.);
#13159=ORIENTED_EDGE('',*,*,#13158,.F.);
#13161=ORIENTED_EDGE('',*,*,#13160,.F.);
#13163=ORIENTED_EDGE('',*,*,#13162,.T.);
#13164=EDGE_LOOP('',(#13154,#13155,#13157,#13159,#13161,#13163));
#13165=FACE_OUTER_BOUND('',#13164,.F.);
#13167=CARTESIAN_POINT('',(5.29E0,4.563E1,5.6691285E1));
#13168=DIRECTION('',(0.E0,2.702955214810E-14,1.E0));
#13169=DIRECTION('',(1.E0,0.E0,0.E0));
#13170=AXIS2_PLACEMENT_3D('',#13167,#13168,#13169);
#13171=CYLINDRICAL_SURFACE('',#13170,3.E0);
#13172=ORIENTED_EDGE('',*,*,#9938,.F.);
#13173=ORIENTED_EDGE('',*,*,#9936,.F.);
#13174=ORIENTED_EDGE('',*,*,#13162,.F.);
#13176=ORIENTED_EDGE('',*,*,#13175,.F.);
#13178=ORIENTED_EDGE('',*,*,#13177,.F.);
#13179=ORIENTED_EDGE('',*,*,#13156,.T.);
#13180=EDGE_LOOP('',(#13172,#13173,#13174,#13176,#13178,#13179));
#13181=FACE_OUTER_BOUND('',#13180,.F.);
#13183=CARTESIAN_POINT('',(0.E0,1.15E1,5.2691285E1));
#13184=DIRECTION('',(0.E0,2.702955214810E-14,1.E0));
#13185=DIRECTION('',(1.E0,0.E0,0.E0));
#13186=AXIS2_PLACEMENT_3D('',#13183,#13184,#13185);
#13187=PLANE('',#13186);
#13188=ORIENTED_EDGE('',*,*,#13160,.T.);
#13189=ORIENTED_EDGE('',*,*,#13158,.T.);
#13190=ORIENTED_EDGE('',*,*,#13177,.T.);
#13191=ORIENTED_EDGE('',*,*,#13175,.T.);
#13192=EDGE_LOOP('',(#13188,#13189,#13190,#13191));
#13193=FACE_OUTER_BOUND('',#13192,.F.);
#13195=ORIENTED_EDGE('',*,*,#13194,.F.);
#13197=ORIENTED_EDGE('',*,*,#13196,.F.);
#13199=ORIENTED_EDGE('',*,*,#13198,.F.);
#13201=ORIENTED_EDGE('',*,*,#13200,.F.);
#13203=ORIENTED_EDGE('',*,*,#13202,.F.);
#13205=ORIENTED_EDGE('',*,*,#13204,.F.);
#13207=ORIENTED_EDGE('',*,*,#13206,.F.);
#13209=ORIENTED_EDGE('',*,*,#13208,.F.);
#13211=ORIENTED_EDGE('',*,*,#13210,.F.);
#13213=ORIENTED_EDGE('',*,*,#13212,.F.);
#13215=ORIENTED_EDGE('',*,*,#13214,.F.);
#13217=ORIENTED_EDGE('',*,*,#13216,.F.);
#13218=EDGE_LOOP('',(#13195,#13197,#13199,#13201,#13203,#13205,#13207,#13209,
#13211,#13213,#13215,#13217));
#13219=FACE_BOUND('',#13218,.F.);
#13221=CARTESIAN_POINT('',(5.69E0,4.7905314E1,5.2691285E1));
#13222=DIRECTION('',(-1.776356839400E-14,1.E0,-2.702955214810E-14));
#13223=DIRECTION('',(-1.E0,-1.776356839400E-14,0.E0));
#13224=AXIS2_PLACEMENT_3D('',#13221,#13222,#13223);
#13225=PLANE('',#13224);
#13226=ORIENTED_EDGE('',*,*,#13194,.T.);
#13228=ORIENTED_EDGE('',*,*,#13227,.F.);
#13230=ORIENTED_EDGE('',*,*,#13229,.F.);
#13232=ORIENTED_EDGE('',*,*,#13231,.T.);
#13233=EDGE_LOOP('',(#13226,#13228,#13230,#13232));
#13234=FACE_OUTER_BOUND('',#13233,.F.);
#13236=CARTESIAN_POINT('',(5.69E0,4.603E1,5.2691285E1));
#13237=DIRECTION('',(1.E0,0.E0,0.E0));
#13238=DIRECTION('',(0.E0,1.E0,-2.702955214810E-14));
#13239=AXIS2_PLACEMENT_3D('',#13236,#13237,#13238);
#13240=PLANE('',#13239);
#13241=ORIENTED_EDGE('',*,*,#13216,.T.);
#13243=ORIENTED_EDGE('',*,*,#13242,.F.);
#13245=ORIENTED_EDGE('',*,*,#13244,.F.);
#13246=ORIENTED_EDGE('',*,*,#13227,.T.);
#13247=EDGE_LOOP('',(#13241,#13243,#13245,#13246));
#13248=FACE_OUTER_BOUND('',#13247,.F.);
#13250=CARTESIAN_POINT('',(6.895E0,4.603E1,5.2691285E1));
#13251=DIRECTION('',(0.E0,1.E0,-2.702955214810E-14));
#13252=DIRECTION('',(-1.E0,0.E0,0.E0));
#13253=AXIS2_PLACEMENT_3D('',#13250,#13251,#13252);
#13254=PLANE('',#13253);
#13255=ORIENTED_EDGE('',*,*,#13214,.T.);
#13257=ORIENTED_EDGE('',*,*,#13256,.F.);
#13259=ORIENTED_EDGE('',*,*,#13258,.F.);
#13260=ORIENTED_EDGE('',*,*,#13242,.T.);
#13261=EDGE_LOOP('',(#13255,#13257,#13259,#13260));
#13262=FACE_OUTER_BOUND('',#13261,.F.);
#13264=CARTESIAN_POINT('',(6.895E0,4.523E1,5.2691285E1));
#13265=DIRECTION('',(1.E0,0.E0,0.E0));
#13266=DIRECTION('',(0.E0,1.E0,-2.702955214810E-14));
#13267=AXIS2_PLACEMENT_3D('',#13264,#13265,#13266);
#13268=PLANE('',#13267);
#13269=ORIENTED_EDGE('',*,*,#13212,.T.);
#13271=ORIENTED_EDGE('',*,*,#13270,.F.);
#13273=ORIENTED_EDGE('',*,*,#13272,.F.);
#13274=ORIENTED_EDGE('',*,*,#13256,.T.);
#13275=EDGE_LOOP('',(#13269,#13271,#13273,#13274));
#13276=FACE_OUTER_BOUND('',#13275,.F.);
#13278=CARTESIAN_POINT('',(5.69E0,4.523E1,5.2691285E1));
#13279=DIRECTION('',(0.E0,-1.E0,2.702955214810E-14));
#13280=DIRECTION('',(1.E0,0.E0,0.E0));
#13281=AXIS2_PLACEMENT_3D('',#13278,#13279,#13280);
#13282=PLANE('',#13281);
#13283=ORIENTED_EDGE('',*,*,#13210,.T.);
#13285=ORIENTED_EDGE('',*,*,#13284,.F.);
#13287=ORIENTED_EDGE('',*,*,#13286,.F.);
#13288=ORIENTED_EDGE('',*,*,#13270,.T.);
#13289=EDGE_LOOP('',(#13283,#13285,#13287,#13288));
#13290=FACE_OUTER_BOUND('',#13289,.F.);
#13292=CARTESIAN_POINT('',(5.69E0,4.3354686E1,5.2691285E1));
#13293=DIRECTION('',(1.E0,0.E0,0.E0));
#13294=DIRECTION('',(0.E0,1.E0,-2.702955214810E-14));
#13295=AXIS2_PLACEMENT_3D('',#13292,#13293,#13294);
#13296=PLANE('',#13295);
#13297=ORIENTED_EDGE('',*,*,#13208,.T.);
#13299=ORIENTED_EDGE('',*,*,#13298,.F.);
#13301=ORIENTED_EDGE('',*,*,#13300,.F.);
#13302=ORIENTED_EDGE('',*,*,#13284,.T.);
#13303=EDGE_LOOP('',(#13297,#13299,#13301,#13302));
#13304=FACE_OUTER_BOUND('',#13303,.F.);
#13306=CARTESIAN_POINT('',(4.89E0,4.3354686E1,5.2691285E1));
#13307=DIRECTION('',(0.E0,-1.E0,2.702955214810E-14));
#13308=DIRECTION('',(1.E0,0.E0,0.E0));
#13309=AXIS2_PLACEMENT_3D('',#13306,#13307,#13308);
#13310=PLANE('',#13309);
#13311=ORIENTED_EDGE('',*,*,#13206,.T.);
#13313=ORIENTED_EDGE('',*,*,#13312,.F.);
#13315=ORIENTED_EDGE('',*,*,#13314,.F.);
#13316=ORIENTED_EDGE('',*,*,#13298,.T.);
#13317=EDGE_LOOP('',(#13311,#13313,#13315,#13316));
#13318=FACE_OUTER_BOUND('',#13317,.F.);
#13320=CARTESIAN_POINT('',(4.89E0,4.523E1,5.2691285E1));
#13321=DIRECTION('',(-1.E0,0.E0,0.E0));
#13322=DIRECTION('',(0.E0,-1.E0,2.702955214810E-14));
#13323=AXIS2_PLACEMENT_3D('',#13320,#13321,#13322);
#13324=PLANE('',#13323);
#13325=ORIENTED_EDGE('',*,*,#13204,.T.);
#13327=ORIENTED_EDGE('',*,*,#13326,.F.);
#13329=ORIENTED_EDGE('',*,*,#13328,.F.);
#13330=ORIENTED_EDGE('',*,*,#13312,.T.);
#13331=EDGE_LOOP('',(#13325,#13327,#13329,#13330));
#13332=FACE_OUTER_BOUND('',#13331,.F.);
#13334=CARTESIAN_POINT('',(3.685E0,4.523E1,5.2691285E1));
#13335=DIRECTION('',(0.E0,-1.E0,2.702955214810E-14));
#13336=DIRECTION('',(1.E0,0.E0,0.E0));
#13337=AXIS2_PLACEMENT_3D('',#13334,#13335,#13336);
#13338=PLANE('',#13337);
#13339=ORIENTED_EDGE('',*,*,#13202,.T.);
#13341=ORIENTED_EDGE('',*,*,#13340,.F.);
#13343=ORIENTED_EDGE('',*,*,#13342,.F.);
#13344=ORIENTED_EDGE('',*,*,#13326,.T.);
#13345=EDGE_LOOP('',(#13339,#13341,#13343,#13344));
#13346=FACE_OUTER_BOUND('',#13345,.F.);
#13348=CARTESIAN_POINT('',(3.685E0,4.603E1,5.2691285E1));
#13349=DIRECTION('',(-1.E0,0.E0,0.E0));
#13350=DIRECTION('',(0.E0,-1.E0,2.702955214810E-14));
#13351=AXIS2_PLACEMENT_3D('',#13348,#13349,#13350);
#13352=PLANE('',#13351);
#13353=ORIENTED_EDGE('',*,*,#13200,.T.);
#13355=ORIENTED_EDGE('',*,*,#13354,.F.);
#13357=ORIENTED_EDGE('',*,*,#13356,.F.);
#13358=ORIENTED_EDGE('',*,*,#13340,.T.);
#13359=EDGE_LOOP('',(#13353,#13355,#13357,#13358));
#13360=FACE_OUTER_BOUND('',#13359,.F.);
#13362=CARTESIAN_POINT('',(4.89E0,4.603E1,5.2691285E1));
#13363=DIRECTION('',(-1.768986064133E-14,1.E0,-2.702955214810E-14));
#13364=DIRECTION('',(-1.E0,-1.768986064133E-14,0.E0));
#13365=AXIS2_PLACEMENT_3D('',#13362,#13363,#13364);
#13366=PLANE('',#13365);
#13367=ORIENTED_EDGE('',*,*,#13198,.T.);
#13369=ORIENTED_EDGE('',*,*,#13368,.F.);
#13371=ORIENTED_EDGE('',*,*,#13370,.F.);
#13372=ORIENTED_EDGE('',*,*,#13354,.T.);
#13373=EDGE_LOOP('',(#13367,#13369,#13371,#13372));
#13374=FACE_OUTER_BOUND('',#13373,.F.);
#13376=CARTESIAN_POINT('',(4.89E0,4.7905314E1,5.2691285E1));
#13377=DIRECTION('',(-1.E0,0.E0,0.E0));
#13378=DIRECTION('',(0.E0,-1.E0,2.702955214810E-14));
#13379=AXIS2_PLACEMENT_3D('',#13376,#13377,#13378);
#13380=PLANE('',#13379);
#13381=ORIENTED_EDGE('',*,*,#13196,.T.);
#13382=ORIENTED_EDGE('',*,*,#13231,.F.);
#13384=ORIENTED_EDGE('',*,*,#13383,.F.);
#13385=ORIENTED_EDGE('',*,*,#13368,.T.);
#13386=EDGE_LOOP('',(#13381,#13382,#13384,#13385));
#13387=FACE_OUTER_BOUND('',#13386,.F.);
#13389=CARTESIAN_POINT('',(0.E0,1.15E1,5.1191285E1));
#13390=DIRECTION('',(0.E0,2.702955214810E-14,1.E0));
#13391=DIRECTION('',(1.E0,0.E0,0.E0));
#13392=AXIS2_PLACEMENT_3D('',#13389,#13390,#13391);
#13393=PLANE('',#13392);
#13394=ORIENTED_EDGE('',*,*,#13229,.T.);
#13395=ORIENTED_EDGE('',*,*,#13244,.T.);
#13396=ORIENTED_EDGE('',*,*,#13258,.T.);
#13397=ORIENTED_EDGE('',*,*,#13272,.T.);
#13398=ORIENTED_EDGE('',*,*,#13286,.T.);
#13399=ORIENTED_EDGE('',*,*,#13300,.T.);
#13400=ORIENTED_EDGE('',*,*,#13314,.T.);
#13401=ORIENTED_EDGE('',*,*,#13328,.T.);
#13402=ORIENTED_EDGE('',*,*,#13342,.T.);
#13403=ORIENTED_EDGE('',*,*,#13356,.T.);
#13404=ORIENTED_EDGE('',*,*,#13370,.T.);
#13405=ORIENTED_EDGE('',*,*,#13383,.T.);
#13406=EDGE_LOOP('',(#13394,#13395,#13396,#13397,#13398,#13399,#13400,#13401,
#13402,#13403,#13404,#13405));
#13407=FACE_OUTER_BOUND('',#13406,.F.);
#13409=CARTESIAN_POINT('',(1.393E1,4.563E1,5.6691285E1));
#13410=DIRECTION('',(0.E0,2.702955214810E-14,1.E0));
#13411=DIRECTION('',(1.E0,0.E0,0.E0));
#13412=AXIS2_PLACEMENT_3D('',#13409,#13410,#13411);
#13413=CYLINDRICAL_SURFACE('',#13412,3.E0);
#13414=ORIENTED_EDGE('',*,*,#9944,.F.);
#13415=ORIENTED_EDGE('',*,*,#9942,.F.);
#13417=ORIENTED_EDGE('',*,*,#13416,.F.);
#13419=ORIENTED_EDGE('',*,*,#13418,.F.);
#13421=ORIENTED_EDGE('',*,*,#13420,.F.);
#13423=ORIENTED_EDGE('',*,*,#13422,.T.);
#13424=EDGE_LOOP('',(#13414,#13415,#13417,#13419,#13421,#13423));
#13425=FACE_OUTER_BOUND('',#13424,.F.);
#13427=CARTESIAN_POINT('',(1.393E1,4.563E1,5.6691285E1));
#13428=DIRECTION('',(0.E0,2.702955214810E-14,1.E0));
#13429=DIRECTION('',(1.E0,0.E0,0.E0));
#13430=AXIS2_PLACEMENT_3D('',#13427,#13428,#13429);
#13431=CYLINDRICAL_SURFACE('',#13430,3.E0);
#13432=ORIENTED_EDGE('',*,*,#9948,.F.);
#13433=ORIENTED_EDGE('',*,*,#9946,.F.);
#13434=ORIENTED_EDGE('',*,*,#13422,.F.);
#13436=ORIENTED_EDGE('',*,*,#13435,.F.);
#13438=ORIENTED_EDGE('',*,*,#13437,.F.);
#13439=ORIENTED_EDGE('',*,*,#13416,.T.);
#13440=EDGE_LOOP('',(#13432,#13433,#13434,#13436,#13438,#13439));
#13441=FACE_OUTER_BOUND('',#13440,.F.);
#13443=CARTESIAN_POINT('',(0.E0,1.15E1,5.2691285E1));
#13444=DIRECTION('',(0.E0,2.702955214810E-14,1.E0));
#13445=DIRECTION('',(1.E0,0.E0,0.E0));
#13446=AXIS2_PLACEMENT_3D('',#13443,#13444,#13445);
#13447=PLANE('',#13446);
#13448=ORIENTED_EDGE('',*,*,#13420,.T.);
#13449=ORIENTED_EDGE('',*,*,#13418,.T.);
#13450=ORIENTED_EDGE('',*,*,#13437,.T.);
#13451=ORIENTED_EDGE('',*,*,#13435,.T.);
#13452=EDGE_LOOP('',(#13448,#13449,#13450,#13451));
#13453=FACE_OUTER_BOUND('',#13452,.F.);
#13455=ORIENTED_EDGE('',*,*,#13454,.F.);
#13457=ORIENTED_EDGE('',*,*,#13456,.F.);
#13459=ORIENTED_EDGE('',*,*,#13458,.F.);
#13461=ORIENTED_EDGE('',*,*,#13460,.F.);
#13463=ORIENTED_EDGE('',*,*,#13462,.F.);
#13465=ORIENTED_EDGE('',*,*,#13464,.F.);
#13467=ORIENTED_EDGE('',*,*,#13466,.F.);
#13469=ORIENTED_EDGE('',*,*,#13468,.F.);
#13471=ORIENTED_EDGE('',*,*,#13470,.F.);
#13473=ORIENTED_EDGE('',*,*,#13472,.F.);
#13475=ORIENTED_EDGE('',*,*,#13474,.F.);
#13477=ORIENTED_EDGE('',*,*,#13476,.F.);
#13478=EDGE_LOOP('',(#13455,#13457,#13459,#13461,#13463,#13465,#13467,#13469,
#13471,#13473,#13475,#13477));
#13479=FACE_BOUND('',#13478,.F.);
#13481=CARTESIAN_POINT('',(1.433E1,4.7905314E1,5.2691285E1));
#13482=DIRECTION('',(-2.664535259100E-14,1.E0,-2.702955214810E-14));
#13483=DIRECTION('',(-1.E0,-2.664535259100E-14,0.E0));
#13484=AXIS2_PLACEMENT_3D('',#13481,#13482,#13483);
#13485=PLANE('',#13484);
#13486=ORIENTED_EDGE('',*,*,#13454,.T.);
#13488=ORIENTED_EDGE('',*,*,#13487,.F.);
#13490=ORIENTED_EDGE('',*,*,#13489,.F.);
#13492=ORIENTED_EDGE('',*,*,#13491,.T.);
#13493=EDGE_LOOP('',(#13486,#13488,#13490,#13492));
#13494=FACE_OUTER_BOUND('',#13493,.F.);
#13496=CARTESIAN_POINT('',(1.433E1,4.603E1,5.2691285E1));
#13497=DIRECTION('',(1.E0,0.E0,0.E0));
#13498=DIRECTION('',(0.E0,1.E0,-2.702955214810E-14));
#13499=AXIS2_PLACEMENT_3D('',#13496,#13497,#13498);
#13500=PLANE('',#13499);
#13501=ORIENTED_EDGE('',*,*,#13476,.T.);
#13503=ORIENTED_EDGE('',*,*,#13502,.F.);
#13505=ORIENTED_EDGE('',*,*,#13504,.F.);
#13506=ORIENTED_EDGE('',*,*,#13487,.T.);
#13507=EDGE_LOOP('',(#13501,#13503,#13505,#13506));
#13508=FACE_OUTER_BOUND('',#13507,.F.);
#13510=CARTESIAN_POINT('',(1.5535E1,4.603E1,5.2691285E1));
#13511=DIRECTION('',(0.E0,1.E0,-2.702955214810E-14));
#13512=DIRECTION('',(-1.E0,0.E0,0.E0));
#13513=AXIS2_PLACEMENT_3D('',#13510,#13511,#13512);
#13514=PLANE('',#13513);
#13515=ORIENTED_EDGE('',*,*,#13474,.T.);
#13517=ORIENTED_EDGE('',*,*,#13516,.F.);
#13519=ORIENTED_EDGE('',*,*,#13518,.F.);
#13520=ORIENTED_EDGE('',*,*,#13502,.T.);
#13521=EDGE_LOOP('',(#13515,#13517,#13519,#13520));
#13522=FACE_OUTER_BOUND('',#13521,.F.);
#13524=CARTESIAN_POINT('',(1.5535E1,4.523E1,5.2691285E1));
#13525=DIRECTION('',(1.E0,0.E0,0.E0));
#13526=DIRECTION('',(0.E0,1.E0,-2.702955214810E-14));
#13527=AXIS2_PLACEMENT_3D('',#13524,#13525,#13526);
#13528=PLANE('',#13527);
#13529=ORIENTED_EDGE('',*,*,#13472,.T.);
#13531=ORIENTED_EDGE('',*,*,#13530,.F.);
#13533=ORIENTED_EDGE('',*,*,#13532,.F.);
#13534=ORIENTED_EDGE('',*,*,#13516,.T.);
#13535=EDGE_LOOP('',(#13529,#13531,#13533,#13534));
#13536=FACE_OUTER_BOUND('',#13535,.F.);
#13538=CARTESIAN_POINT('',(1.433E1,4.523E1,5.2691285E1));
#13539=DIRECTION('',(0.E0,-1.E0,2.702955214810E-14));
#13540=DIRECTION('',(1.E0,0.E0,0.E0));
#13541=AXIS2_PLACEMENT_3D('',#13538,#13539,#13540);
#13542=PLANE('',#13541);
#13543=ORIENTED_EDGE('',*,*,#13470,.T.);
#13545=ORIENTED_EDGE('',*,*,#13544,.F.);
#13547=ORIENTED_EDGE('',*,*,#13546,.F.);
#13548=ORIENTED_EDGE('',*,*,#13530,.T.);
#13549=EDGE_LOOP('',(#13543,#13545,#13547,#13548));
#13550=FACE_OUTER_BOUND('',#13549,.F.);
#13552=CARTESIAN_POINT('',(1.433E1,4.3354686E1,5.2691285E1));
#13553=DIRECTION('',(1.E0,0.E0,0.E0));
#13554=DIRECTION('',(0.E0,1.E0,-2.702955214810E-14));
#13555=AXIS2_PLACEMENT_3D('',#13552,#13553,#13554);
#13556=PLANE('',#13555);
#13557=ORIENTED_EDGE('',*,*,#13468,.T.);
#13559=ORIENTED_EDGE('',*,*,#13558,.F.);
#13561=ORIENTED_EDGE('',*,*,#13560,.F.);
#13562=ORIENTED_EDGE('',*,*,#13544,.T.);
#13563=EDGE_LOOP('',(#13557,#13559,#13561,#13562));
#13564=FACE_OUTER_BOUND('',#13563,.F.);
#13566=CARTESIAN_POINT('',(1.353E1,4.3354686E1,5.2691285E1));
#13567=DIRECTION('',(-1.776356839400E-14,-1.E0,2.702955214810E-14));
#13568=DIRECTION('',(1.E0,-1.776356839400E-14,0.E0));
#13569=AXIS2_PLACEMENT_3D('',#13566,#13567,#13568);
#13570=PLANE('',#13569);
#13571=ORIENTED_EDGE('',*,*,#13466,.T.);
#13573=ORIENTED_EDGE('',*,*,#13572,.F.);
#13575=ORIENTED_EDGE('',*,*,#13574,.F.);
#13576=ORIENTED_EDGE('',*,*,#13558,.T.);
#13577=EDGE_LOOP('',(#13571,#13573,#13575,#13576));
#13578=FACE_OUTER_BOUND('',#13577,.F.);
#13580=CARTESIAN_POINT('',(1.353E1,4.523E1,5.2691285E1));
#13581=DIRECTION('',(-1.E0,0.E0,0.E0));
#13582=DIRECTION('',(0.E0,-1.E0,2.702955214810E-14));
#13583=AXIS2_PLACEMENT_3D('',#13580,#13581,#13582);
#13584=PLANE('',#13583);
#13585=ORIENTED_EDGE('',*,*,#13464,.T.);
#13587=ORIENTED_EDGE('',*,*,#13586,.F.);
#13589=ORIENTED_EDGE('',*,*,#13588,.F.);
#13590=ORIENTED_EDGE('',*,*,#13572,.T.);
#13591=EDGE_LOOP('',(#13585,#13587,#13589,#13590));
#13592=FACE_OUTER_BOUND('',#13591,.F.);
#13594=CARTESIAN_POINT('',(1.2325E1,4.523E1,5.2691285E1));
#13595=DIRECTION('',(0.E0,-1.E0,2.702955214810E-14));
#13596=DIRECTION('',(1.E0,0.E0,0.E0));
#13597=AXIS2_PLACEMENT_3D('',#13594,#13595,#13596);
#13598=PLANE('',#13597);
#13599=ORIENTED_EDGE('',*,*,#13462,.T.);
#13601=ORIENTED_EDGE('',*,*,#13600,.F.);
#13603=ORIENTED_EDGE('',*,*,#13602,.F.);
#13604=ORIENTED_EDGE('',*,*,#13586,.T.);
#13605=EDGE_LOOP('',(#13599,#13601,#13603,#13604));
#13606=FACE_OUTER_BOUND('',#13605,.F.);
#13608=CARTESIAN_POINT('',(1.2325E1,4.603E1,5.2691285E1));
#13609=DIRECTION('',(-1.E0,0.E0,0.E0));
#13610=DIRECTION('',(0.E0,-1.E0,2.702955214810E-14));
#13611=AXIS2_PLACEMENT_3D('',#13608,#13609,#13610);
#13612=PLANE('',#13611);
#13613=ORIENTED_EDGE('',*,*,#13460,.T.);
#13615=ORIENTED_EDGE('',*,*,#13614,.F.);
#13617=ORIENTED_EDGE('',*,*,#13616,.F.);
#13618=ORIENTED_EDGE('',*,*,#13600,.T.);
#13619=EDGE_LOOP('',(#13613,#13615,#13617,#13618));
#13620=FACE_OUTER_BOUND('',#13619,.F.);
#13622=CARTESIAN_POINT('',(1.353E1,4.603E1,5.2691285E1));
#13623=DIRECTION('',(1.179324042755E-14,1.E0,-2.702955214810E-14));
#13624=DIRECTION('',(-1.E0,1.179324042755E-14,0.E0));
#13625=AXIS2_PLACEMENT_3D('',#13622,#13623,#13624);
#13626=PLANE('',#13625);
#13627=ORIENTED_EDGE('',*,*,#13458,.T.);
#13629=ORIENTED_EDGE('',*,*,#13628,.F.);
#13631=ORIENTED_EDGE('',*,*,#13630,.F.);
#13632=ORIENTED_EDGE('',*,*,#13614,.T.);
#13633=EDGE_LOOP('',(#13627,#13629,#13631,#13632));
#13634=FACE_OUTER_BOUND('',#13633,.F.);
#13636=CARTESIAN_POINT('',(1.353E1,4.7905314E1,5.2691285E1));
#13637=DIRECTION('',(-1.E0,0.E0,0.E0));
#13638=DIRECTION('',(0.E0,-1.E0,2.702955214810E-14));
#13639=AXIS2_PLACEMENT_3D('',#13636,#13637,#13638);
#13640=PLANE('',#13639);
#13641=ORIENTED_EDGE('',*,*,#13456,.T.);
#13642=ORIENTED_EDGE('',*,*,#13491,.F.);
#13644=ORIENTED_EDGE('',*,*,#13643,.F.);
#13645=ORIENTED_EDGE('',*,*,#13628,.T.);
#13646=EDGE_LOOP('',(#13641,#13642,#13644,#13645));
#13647=FACE_OUTER_BOUND('',#13646,.F.);
#13649=CARTESIAN_POINT('',(0.E0,1.15E1,5.1191285E1));
#13650=DIRECTION('',(0.E0,2.702955214810E-14,1.E0));
#13651=DIRECTION('',(1.E0,0.E0,0.E0));
#13652=AXIS2_PLACEMENT_3D('',#13649,#13650,#13651);
#13653=PLANE('',#13652);
#13654=ORIENTED_EDGE('',*,*,#13489,.T.);
#13655=ORIENTED_EDGE('',*,*,#13504,.T.);
#13656=ORIENTED_EDGE('',*,*,#13518,.T.);
#13657=ORIENTED_EDGE('',*,*,#13532,.T.);
#13658=ORIENTED_EDGE('',*,*,#13546,.T.);
#13659=ORIENTED_EDGE('',*,*,#13560,.T.);
#13660=ORIENTED_EDGE('',*,*,#13574,.T.);
#13661=ORIENTED_EDGE('',*,*,#13588,.T.);
#13662=ORIENTED_EDGE('',*,*,#13602,.T.);
#13663=ORIENTED_EDGE('',*,*,#13616,.T.);
#13664=ORIENTED_EDGE('',*,*,#13630,.T.);
#13665=ORIENTED_EDGE('',*,*,#13643,.T.);
#13666=EDGE_LOOP('',(#13654,#13655,#13656,#13657,#13658,#13659,#13660,#13661,
#13662,#13663,#13664,#13665));
#13667=FACE_OUTER_BOUND('',#13666,.F.);
#13669=CARTESIAN_POINT('',(2.258E1,4.563E1,5.6691285E1));
#13670=DIRECTION('',(0.E0,2.702955214810E-14,1.E0));
#13671=DIRECTION('',(1.E0,0.E0,0.E0));
#13672=AXIS2_PLACEMENT_3D('',#13669,#13670,#13671);
#13673=CYLINDRICAL_SURFACE('',#13672,3.E0);
#13674=ORIENTED_EDGE('',*,*,#9954,.F.);
#13675=ORIENTED_EDGE('',*,*,#9952,.F.);
#13677=ORIENTED_EDGE('',*,*,#13676,.F.);
#13679=ORIENTED_EDGE('',*,*,#13678,.F.);
#13681=ORIENTED_EDGE('',*,*,#13680,.F.);
#13683=ORIENTED_EDGE('',*,*,#13682,.T.);
#13684=EDGE_LOOP('',(#13674,#13675,#13677,#13679,#13681,#13683));
#13685=FACE_OUTER_BOUND('',#13684,.F.);
#13687=CARTESIAN_POINT('',(2.258E1,4.563E1,5.6691285E1));
#13688=DIRECTION('',(0.E0,2.702955214810E-14,1.E0));
#13689=DIRECTION('',(1.E0,0.E0,0.E0));
#13690=AXIS2_PLACEMENT_3D('',#13687,#13688,#13689);
#13691=CYLINDRICAL_SURFACE('',#13690,3.E0);
#13692=ORIENTED_EDGE('',*,*,#9958,.F.);
#13693=ORIENTED_EDGE('',*,*,#9956,.F.);
#13694=ORIENTED_EDGE('',*,*,#13682,.F.);
#13696=ORIENTED_EDGE('',*,*,#13695,.F.);
#13698=ORIENTED_EDGE('',*,*,#13697,.F.);
#13699=ORIENTED_EDGE('',*,*,#13676,.T.);
#13700=EDGE_LOOP('',(#13692,#13693,#13694,#13696,#13698,#13699));
#13701=FACE_OUTER_BOUND('',#13700,.F.);
#13703=CARTESIAN_POINT('',(0.E0,1.15E1,5.2691285E1));
#13704=DIRECTION('',(0.E0,2.702955214810E-14,1.E0));
#13705=DIRECTION('',(1.E0,0.E0,0.E0));
#13706=AXIS2_PLACEMENT_3D('',#13703,#13704,#13705);
#13707=PLANE('',#13706);
#13708=ORIENTED_EDGE('',*,*,#13680,.T.);
#13709=ORIENTED_EDGE('',*,*,#13678,.T.);
#13710=ORIENTED_EDGE('',*,*,#13697,.T.);
#13711=ORIENTED_EDGE('',*,*,#13695,.T.);
#13712=EDGE_LOOP('',(#13708,#13709,#13710,#13711));
#13713=FACE_OUTER_BOUND('',#13712,.F.);
#13715=ORIENTED_EDGE('',*,*,#13714,.F.);
#13717=ORIENTED_EDGE('',*,*,#13716,.F.);
#13719=ORIENTED_EDGE('',*,*,#13718,.F.);
#13721=ORIENTED_EDGE('',*,*,#13720,.F.);
#13723=ORIENTED_EDGE('',*,*,#13722,.F.);
#13725=ORIENTED_EDGE('',*,*,#13724,.F.);
#13727=ORIENTED_EDGE('',*,*,#13726,.F.);
#13729=ORIENTED_EDGE('',*,*,#13728,.F.);
#13731=ORIENTED_EDGE('',*,*,#13730,.F.);
#13733=ORIENTED_EDGE('',*,*,#13732,.F.);
#13735=ORIENTED_EDGE('',*,*,#13734,.F.);
#13737=ORIENTED_EDGE('',*,*,#13736,.F.);
#13738=EDGE_LOOP('',(#13715,#13717,#13719,#13721,#13723,#13725,#13727,#13729,
#13731,#13733,#13735,#13737));
#13739=FACE_BOUND('',#13738,.F.);
#13741=CARTESIAN_POINT('',(2.298E1,4.7905314E1,5.2691285E1));
#13742=DIRECTION('',(-4.440892098501E-14,1.E0,-2.702955214810E-14));
#13743=DIRECTION('',(-1.E0,-4.440892098501E-14,0.E0));
#13744=AXIS2_PLACEMENT_3D('',#13741,#13742,#13743);
#13745=PLANE('',#13744);
#13746=ORIENTED_EDGE('',*,*,#13714,.T.);
#13748=ORIENTED_EDGE('',*,*,#13747,.F.);
#13750=ORIENTED_EDGE('',*,*,#13749,.F.);
#13752=ORIENTED_EDGE('',*,*,#13751,.T.);
#13753=EDGE_LOOP('',(#13746,#13748,#13750,#13752));
#13754=FACE_OUTER_BOUND('',#13753,.F.);
#13756=CARTESIAN_POINT('',(2.298E1,4.603E1,5.2691285E1));
#13757=DIRECTION('',(1.E0,0.E0,0.E0));
#13758=DIRECTION('',(0.E0,1.E0,-2.702955214810E-14));
#13759=AXIS2_PLACEMENT_3D('',#13756,#13757,#13758);
#13760=PLANE('',#13759);
#13761=ORIENTED_EDGE('',*,*,#13736,.T.);
#13763=ORIENTED_EDGE('',*,*,#13762,.F.);
#13765=ORIENTED_EDGE('',*,*,#13764,.F.);
#13766=ORIENTED_EDGE('',*,*,#13747,.T.);
#13767=EDGE_LOOP('',(#13761,#13763,#13765,#13766));
#13768=FACE_OUTER_BOUND('',#13767,.F.);
#13770=CARTESIAN_POINT('',(2.4185E1,4.603E1,5.2691285E1));
#13771=DIRECTION('',(0.E0,1.E0,-2.702955214810E-14));
#13772=DIRECTION('',(-1.E0,0.E0,0.E0));
#13773=AXIS2_PLACEMENT_3D('',#13770,#13771,#13772);
#13774=PLANE('',#13773);
#13775=ORIENTED_EDGE('',*,*,#13734,.T.);
#13777=ORIENTED_EDGE('',*,*,#13776,.F.);
#13779=ORIENTED_EDGE('',*,*,#13778,.F.);
#13780=ORIENTED_EDGE('',*,*,#13762,.T.);
#13781=EDGE_LOOP('',(#13775,#13777,#13779,#13780));
#13782=FACE_OUTER_BOUND('',#13781,.F.);
#13784=CARTESIAN_POINT('',(2.4185E1,4.523E1,5.2691285E1));
#13785=DIRECTION('',(1.E0,0.E0,0.E0));
#13786=DIRECTION('',(0.E0,1.E0,-2.702955214810E-14));
#13787=AXIS2_PLACEMENT_3D('',#13784,#13785,#13786);
#13788=PLANE('',#13787);
#13789=ORIENTED_EDGE('',*,*,#13732,.T.);
#13791=ORIENTED_EDGE('',*,*,#13790,.F.);
#13793=ORIENTED_EDGE('',*,*,#13792,.F.);
#13794=ORIENTED_EDGE('',*,*,#13776,.T.);
#13795=EDGE_LOOP('',(#13789,#13791,#13793,#13794));
#13796=FACE_OUTER_BOUND('',#13795,.F.);
#13798=CARTESIAN_POINT('',(2.298E1,4.523E1,5.2691285E1));
#13799=DIRECTION('',(0.E0,-1.E0,2.702955214810E-14));
#13800=DIRECTION('',(1.E0,0.E0,0.E0));
#13801=AXIS2_PLACEMENT_3D('',#13798,#13799,#13800);
#13802=PLANE('',#13801);
#13803=ORIENTED_EDGE('',*,*,#13730,.T.);
#13805=ORIENTED_EDGE('',*,*,#13804,.F.);
#13807=ORIENTED_EDGE('',*,*,#13806,.F.);
#13808=ORIENTED_EDGE('',*,*,#13790,.T.);
#13809=EDGE_LOOP('',(#13803,#13805,#13807,#13808));
#13810=FACE_OUTER_BOUND('',#13809,.F.);
#13812=CARTESIAN_POINT('',(2.298E1,4.3354686E1,5.2691285E1));
#13813=DIRECTION('',(1.E0,0.E0,0.E0));
#13814=DIRECTION('',(0.E0,1.E0,-2.702955214810E-14));
#13815=AXIS2_PLACEMENT_3D('',#13812,#13813,#13814);
#13816=PLANE('',#13815);
#13817=ORIENTED_EDGE('',*,*,#13728,.T.);
#13819=ORIENTED_EDGE('',*,*,#13818,.F.);
#13821=ORIENTED_EDGE('',*,*,#13820,.F.);
#13822=ORIENTED_EDGE('',*,*,#13804,.T.);
#13823=EDGE_LOOP('',(#13817,#13819,#13821,#13822));
#13824=FACE_OUTER_BOUND('',#13823,.F.);
#13826=CARTESIAN_POINT('',(2.218E1,4.3354686E1,5.2691285E1));
#13827=DIRECTION('',(-2.664535259100E-14,-1.E0,2.702955214810E-14));
#13828=DIRECTION('',(1.E0,-2.664535259100E-14,0.E0));
#13829=AXIS2_PLACEMENT_3D('',#13826,#13827,#13828);
#13830=PLANE('',#13829);
#13831=ORIENTED_EDGE('',*,*,#13726,.T.);
#13833=ORIENTED_EDGE('',*,*,#13832,.F.);
#13835=ORIENTED_EDGE('',*,*,#13834,.F.);
#13836=ORIENTED_EDGE('',*,*,#13818,.T.);
#13837=EDGE_LOOP('',(#13831,#13833,#13835,#13836));
#13838=FACE_OUTER_BOUND('',#13837,.F.);
#13840=CARTESIAN_POINT('',(2.218E1,4.523E1,5.2691285E1));
#13841=DIRECTION('',(-1.E0,0.E0,0.E0));
#13842=DIRECTION('',(0.E0,-1.E0,2.702955214810E-14));
#13843=AXIS2_PLACEMENT_3D('',#13840,#13841,#13842);
#13844=PLANE('',#13843);
#13845=ORIENTED_EDGE('',*,*,#13724,.T.);
#13847=ORIENTED_EDGE('',*,*,#13846,.F.);
#13849=ORIENTED_EDGE('',*,*,#13848,.F.);
#13850=ORIENTED_EDGE('',*,*,#13832,.T.);
#13851=EDGE_LOOP('',(#13845,#13847,#13849,#13850));
#13852=FACE_OUTER_BOUND('',#13851,.F.);
#13854=CARTESIAN_POINT('',(2.0975E1,4.523E1,5.2691285E1));
#13855=DIRECTION('',(-1.768986064133E-14,-1.E0,2.702955214810E-14));
#13856=DIRECTION('',(1.E0,-1.768986064133E-14,0.E0));
#13857=AXIS2_PLACEMENT_3D('',#13854,#13855,#13856);
#13858=PLANE('',#13857);
#13859=ORIENTED_EDGE('',*,*,#13722,.T.);
#13861=ORIENTED_EDGE('',*,*,#13860,.F.);
#13863=ORIENTED_EDGE('',*,*,#13862,.F.);
#13864=ORIENTED_EDGE('',*,*,#13846,.T.);
#13865=EDGE_LOOP('',(#13859,#13861,#13863,#13864));
#13866=FACE_OUTER_BOUND('',#13865,.F.);
#13868=CARTESIAN_POINT('',(2.0975E1,4.603E1,5.2691285E1));
#13869=DIRECTION('',(-1.E0,0.E0,0.E0));
#13870=DIRECTION('',(0.E0,-1.E0,2.702955214810E-14));
#13871=AXIS2_PLACEMENT_3D('',#13868,#13869,#13870);
#13872=PLANE('',#13871);
#13873=ORIENTED_EDGE('',*,*,#13720,.T.);
#13875=ORIENTED_EDGE('',*,*,#13874,.F.);
#13877=ORIENTED_EDGE('',*,*,#13876,.F.);
#13878=ORIENTED_EDGE('',*,*,#13860,.T.);
#13879=EDGE_LOOP('',(#13873,#13875,#13877,#13878));
#13880=FACE_OUTER_BOUND('',#13879,.F.);
#13882=CARTESIAN_POINT('',(2.218E1,4.603E1,5.2691285E1));
#13883=DIRECTION('',(1.179324042755E-14,1.E0,-2.702955214810E-14));
#13884=DIRECTION('',(-1.E0,1.179324042755E-14,0.E0));
#13885=AXIS2_PLACEMENT_3D('',#13882,#13883,#13884);
#13886=PLANE('',#13885);
#13887=ORIENTED_EDGE('',*,*,#13718,.T.);
#13889=ORIENTED_EDGE('',*,*,#13888,.F.);
#13891=ORIENTED_EDGE('',*,*,#13890,.F.);
#13892=ORIENTED_EDGE('',*,*,#13874,.T.);
#13893=EDGE_LOOP('',(#13887,#13889,#13891,#13892));
#13894=FACE_OUTER_BOUND('',#13893,.F.);
#13896=CARTESIAN_POINT('',(2.218E1,4.7905314E1,5.2691285E1));
#13897=DIRECTION('',(-1.E0,0.E0,0.E0));
#13898=DIRECTION('',(0.E0,-1.E0,2.702955214810E-14));
#13899=AXIS2_PLACEMENT_3D('',#13896,#13897,#13898);
#13900=PLANE('',#13899);
#13901=ORIENTED_EDGE('',*,*,#13716,.T.);
#13902=ORIENTED_EDGE('',*,*,#13751,.F.);
#13904=ORIENTED_EDGE('',*,*,#13903,.F.);
#13905=ORIENTED_EDGE('',*,*,#13888,.T.);
#13906=EDGE_LOOP('',(#13901,#13902,#13904,#13905));
#13907=FACE_OUTER_BOUND('',#13906,.F.);
#13909=CARTESIAN_POINT('',(0.E0,1.15E1,5.1191285E1));
#13910=DIRECTION('',(0.E0,2.702955214810E-14,1.E0));
#13911=DIRECTION('',(1.E0,0.E0,0.E0));
#13912=AXIS2_PLACEMENT_3D('',#13909,#13910,#13911);
#13913=PLANE('',#13912);
#13914=ORIENTED_EDGE('',*,*,#13749,.T.);
#13915=ORIENTED_EDGE('',*,*,#13764,.T.);
#13916=ORIENTED_EDGE('',*,*,#13778,.T.);
#13917=ORIENTED_EDGE('',*,*,#13792,.T.);
#13918=ORIENTED_EDGE('',*,*,#13806,.T.);
#13919=ORIENTED_EDGE('',*,*,#13820,.T.);
#13920=ORIENTED_EDGE('',*,*,#13834,.T.);
#13921=ORIENTED_EDGE('',*,*,#13848,.T.);
#13922=ORIENTED_EDGE('',*,*,#13862,.T.);
#13923=ORIENTED_EDGE('',*,*,#13876,.T.);
#13924=ORIENTED_EDGE('',*,*,#13890,.T.);
#13925=ORIENTED_EDGE('',*,*,#13903,.T.);
#13926=EDGE_LOOP('',(#13914,#13915,#13916,#13917,#13918,#13919,#13920,#13921,
#13922,#13923,#13924,#13925));
#13927=FACE_OUTER_BOUND('',#13926,.F.);
#13929=CARTESIAN_POINT('',(3.122E1,4.563E1,5.6691285E1));
#13930=DIRECTION('',(0.E0,2.702955214810E-14,1.E0));
#13931=DIRECTION('',(1.E0,0.E0,0.E0));
#13932=AXIS2_PLACEMENT_3D('',#13929,#13930,#13931);
#13933=CYLINDRICAL_SURFACE('',#13932,3.E0);
#13934=ORIENTED_EDGE('',*,*,#9964,.F.);
#13935=ORIENTED_EDGE('',*,*,#9962,.F.);
#13937=ORIENTED_EDGE('',*,*,#13936,.F.);
#13939=ORIENTED_EDGE('',*,*,#13938,.F.);
#13941=ORIENTED_EDGE('',*,*,#13940,.F.);
#13943=ORIENTED_EDGE('',*,*,#13942,.T.);
#13944=EDGE_LOOP('',(#13934,#13935,#13937,#13939,#13941,#13943));
#13945=FACE_OUTER_BOUND('',#13944,.F.);
#13947=CARTESIAN_POINT('',(3.122E1,4.563E1,5.6691285E1));
#13948=DIRECTION('',(0.E0,2.702955214810E-14,1.E0));
#13949=DIRECTION('',(1.E0,0.E0,0.E0));
#13950=AXIS2_PLACEMENT_3D('',#13947,#13948,#13949);
#13951=CYLINDRICAL_SURFACE('',#13950,3.E0);
#13952=ORIENTED_EDGE('',*,*,#9968,.F.);
#13953=ORIENTED_EDGE('',*,*,#9966,.F.);
#13954=ORIENTED_EDGE('',*,*,#13942,.F.);
#13956=ORIENTED_EDGE('',*,*,#13955,.F.);
#13958=ORIENTED_EDGE('',*,*,#13957,.F.);
#13959=ORIENTED_EDGE('',*,*,#13936,.T.);
#13960=EDGE_LOOP('',(#13952,#13953,#13954,#13956,#13958,#13959));
#13961=FACE_OUTER_BOUND('',#13960,.F.);
#13963=CARTESIAN_POINT('',(0.E0,1.15E1,5.2691285E1));
#13964=DIRECTION('',(0.E0,2.702955214810E-14,1.E0));
#13965=DIRECTION('',(1.E0,0.E0,0.E0));
#13966=AXIS2_PLACEMENT_3D('',#13963,#13964,#13965);
#13967=PLANE('',#13966);
#13968=ORIENTED_EDGE('',*,*,#13940,.T.);
#13969=ORIENTED_EDGE('',*,*,#13938,.T.);
#13970=ORIENTED_EDGE('',*,*,#13957,.T.);
#13971=ORIENTED_EDGE('',*,*,#13955,.T.);
#13972=EDGE_LOOP('',(#13968,#13969,#13970,#13971));
#13973=FACE_OUTER_BOUND('',#13972,.F.);
#13975=ORIENTED_EDGE('',*,*,#13974,.F.);
#13977=ORIENTED_EDGE('',*,*,#13976,.F.);
#13979=ORIENTED_EDGE('',*,*,#13978,.F.);
#13981=ORIENTED_EDGE('',*,*,#13980,.F.);
#13983=ORIENTED_EDGE('',*,*,#13982,.F.);
#13985=ORIENTED_EDGE('',*,*,#13984,.F.);
#13987=ORIENTED_EDGE('',*,*,#13986,.F.);
#13989=ORIENTED_EDGE('',*,*,#13988,.F.);
#13991=ORIENTED_EDGE('',*,*,#13990,.F.);
#13993=ORIENTED_EDGE('',*,*,#13992,.F.);
#13995=ORIENTED_EDGE('',*,*,#13994,.F.);
#13997=ORIENTED_EDGE('',*,*,#13996,.F.);
#13998=EDGE_LOOP('',(#13975,#13977,#13979,#13981,#13983,#13985,#13987,#13989,
#13991,#13993,#13995,#13997));
#13999=FACE_BOUND('',#13998,.F.);
#14001=CARTESIAN_POINT('',(3.162E1,4.7905314E1,5.2691285E1));
#14002=DIRECTION('',(-3.552713678801E-14,1.E0,-2.702955214810E-14));
#14003=DIRECTION('',(-1.E0,-3.552713678801E-14,0.E0));
#14004=AXIS2_PLACEMENT_3D('',#14001,#14002,#14003);
#14005=PLANE('',#14004);
#14006=ORIENTED_EDGE('',*,*,#13974,.T.);
#14008=ORIENTED_EDGE('',*,*,#14007,.F.);
#14010=ORIENTED_EDGE('',*,*,#14009,.F.);
#14012=ORIENTED_EDGE('',*,*,#14011,.T.);
#14013=EDGE_LOOP('',(#14006,#14008,#14010,#14012));
#14014=FACE_OUTER_BOUND('',#14013,.F.);
#14016=CARTESIAN_POINT('',(3.162E1,4.603E1,5.2691285E1));
#14017=DIRECTION('',(1.E0,0.E0,0.E0));
#14018=DIRECTION('',(0.E0,1.E0,-2.702955214810E-14));
#14019=AXIS2_PLACEMENT_3D('',#14016,#14017,#14018);
#14020=PLANE('',#14019);
#14021=ORIENTED_EDGE('',*,*,#13996,.T.);
#14023=ORIENTED_EDGE('',*,*,#14022,.F.);
#14025=ORIENTED_EDGE('',*,*,#14024,.F.);
#14026=ORIENTED_EDGE('',*,*,#14007,.T.);
#14027=EDGE_LOOP('',(#14021,#14023,#14025,#14026));
#14028=FACE_OUTER_BOUND('',#14027,.F.);
#14030=CARTESIAN_POINT('',(3.2825E1,4.603E1,5.2691285E1));
#14031=DIRECTION('',(0.E0,1.E0,-2.702955214810E-14));
#14032=DIRECTION('',(-1.E0,0.E0,0.E0));
#14033=AXIS2_PLACEMENT_3D('',#14030,#14031,#14032);
#14034=PLANE('',#14033);
#14035=ORIENTED_EDGE('',*,*,#13994,.T.);
#14037=ORIENTED_EDGE('',*,*,#14036,.F.);
#14039=ORIENTED_EDGE('',*,*,#14038,.F.);
#14040=ORIENTED_EDGE('',*,*,#14022,.T.);
#14041=EDGE_LOOP('',(#14035,#14037,#14039,#14040));
#14042=FACE_OUTER_BOUND('',#14041,.F.);
#14044=CARTESIAN_POINT('',(3.2825E1,4.523E1,5.2691285E1));
#14045=DIRECTION('',(1.E0,0.E0,0.E0));
#14046=DIRECTION('',(0.E0,1.E0,-2.702955214810E-14));
#14047=AXIS2_PLACEMENT_3D('',#14044,#14045,#14046);
#14048=PLANE('',#14047);
#14049=ORIENTED_EDGE('',*,*,#13992,.T.);
#14051=ORIENTED_EDGE('',*,*,#14050,.F.);
#14053=ORIENTED_EDGE('',*,*,#14052,.F.);
#14054=ORIENTED_EDGE('',*,*,#14036,.T.);
#14055=EDGE_LOOP('',(#14049,#14051,#14053,#14054));
#14056=FACE_OUTER_BOUND('',#14055,.F.);
#14058=CARTESIAN_POINT('',(3.162E1,4.523E1,5.2691285E1));
#14059=DIRECTION('',(0.E0,-1.E0,2.702955214810E-14));
#14060=DIRECTION('',(1.E0,0.E0,0.E0));
#14061=AXIS2_PLACEMENT_3D('',#14058,#14059,#14060);
#14062=PLANE('',#14061);
#14063=ORIENTED_EDGE('',*,*,#13990,.T.);
#14065=ORIENTED_EDGE('',*,*,#14064,.F.);
#14067=ORIENTED_EDGE('',*,*,#14066,.F.);
#14068=ORIENTED_EDGE('',*,*,#14050,.T.);
#14069=EDGE_LOOP('',(#14063,#14065,#14067,#14068));
#14070=FACE_OUTER_BOUND('',#14069,.F.);
#14072=CARTESIAN_POINT('',(3.162E1,4.3354686E1,5.2691285E1));
#14073=DIRECTION('',(1.E0,0.E0,0.E0));
#14074=DIRECTION('',(0.E0,1.E0,-2.702955214810E-14));
#14075=AXIS2_PLACEMENT_3D('',#14072,#14073,#14074);
#14076=PLANE('',#14075);
#14077=ORIENTED_EDGE('',*,*,#13988,.T.);
#14079=ORIENTED_EDGE('',*,*,#14078,.F.);
#14081=ORIENTED_EDGE('',*,*,#14080,.F.);
#14082=ORIENTED_EDGE('',*,*,#14064,.T.);
#14083=EDGE_LOOP('',(#14077,#14079,#14081,#14082));
#14084=FACE_OUTER_BOUND('',#14083,.F.);
#14086=CARTESIAN_POINT('',(3.082E1,4.3354686E1,5.2691285E1));
#14087=DIRECTION('',(0.E0,-1.E0,2.702955214810E-14));
#14088=DIRECTION('',(1.E0,0.E0,0.E0));
#14089=AXIS2_PLACEMENT_3D('',#14086,#14087,#14088);
#14090=PLANE('',#14089);
#14091=ORIENTED_EDGE('',*,*,#13986,.T.);
#14093=ORIENTED_EDGE('',*,*,#14092,.F.);
#14095=ORIENTED_EDGE('',*,*,#14094,.F.);
#14096=ORIENTED_EDGE('',*,*,#14078,.T.);
#14097=EDGE_LOOP('',(#14091,#14093,#14095,#14096));
#14098=FACE_OUTER_BOUND('',#14097,.F.);
#14100=CARTESIAN_POINT('',(3.082E1,4.523E1,5.2691285E1));
#14101=DIRECTION('',(-1.E0,0.E0,0.E0));
#14102=DIRECTION('',(0.E0,-1.E0,2.702955214810E-14));
#14103=AXIS2_PLACEMENT_3D('',#14100,#14101,#14102);
#14104=PLANE('',#14103);
#14105=ORIENTED_EDGE('',*,*,#13984,.T.);
#14107=ORIENTED_EDGE('',*,*,#14106,.F.);
#14109=ORIENTED_EDGE('',*,*,#14108,.F.);
#14110=ORIENTED_EDGE('',*,*,#14092,.T.);
#14111=EDGE_LOOP('',(#14105,#14107,#14109,#14110));
#14112=FACE_OUTER_BOUND('',#14111,.F.);
#14114=CARTESIAN_POINT('',(2.9615E1,4.523E1,5.2691285E1));
#14115=DIRECTION('',(-1.768986064133E-14,-1.E0,2.702955214810E-14));
#14116=DIRECTION('',(1.E0,-1.768986064133E-14,0.E0));
#14117=AXIS2_PLACEMENT_3D('',#14114,#14115,#14116);
#14118=PLANE('',#14117);
#14119=ORIENTED_EDGE('',*,*,#13982,.T.);
#14121=ORIENTED_EDGE('',*,*,#14120,.F.);
#14123=ORIENTED_EDGE('',*,*,#14122,.F.);
#14124=ORIENTED_EDGE('',*,*,#14106,.T.);
#14125=EDGE_LOOP('',(#14119,#14121,#14123,#14124));
#14126=FACE_OUTER_BOUND('',#14125,.F.);
#14128=CARTESIAN_POINT('',(2.9615E1,4.603E1,5.2691285E1));
#14129=DIRECTION('',(-1.E0,0.E0,0.E0));
#14130=DIRECTION('',(0.E0,-1.E0,2.702955214810E-14));
#14131=AXIS2_PLACEMENT_3D('',#14128,#14129,#14130);
#14132=PLANE('',#14131);
#14133=ORIENTED_EDGE('',*,*,#13980,.T.);
#14135=ORIENTED_EDGE('',*,*,#14134,.F.);
#14137=ORIENTED_EDGE('',*,*,#14136,.F.);
#14138=ORIENTED_EDGE('',*,*,#14120,.T.);
#14139=EDGE_LOOP('',(#14133,#14135,#14137,#14138));
#14140=FACE_OUTER_BOUND('',#14139,.F.);
#14142=CARTESIAN_POINT('',(3.082E1,4.603E1,5.2691285E1));
#14143=DIRECTION('',(0.E0,1.E0,-2.702955214810E-14));
#14144=DIRECTION('',(-1.E0,0.E0,0.E0));
#14145=AXIS2_PLACEMENT_3D('',#14142,#14143,#14144);
#14146=PLANE('',#14145);
#14147=ORIENTED_EDGE('',*,*,#13978,.T.);
#14149=ORIENTED_EDGE('',*,*,#14148,.F.);
#14151=ORIENTED_EDGE('',*,*,#14150,.F.);
#14152=ORIENTED_EDGE('',*,*,#14134,.T.);
#14153=EDGE_LOOP('',(#14147,#14149,#14151,#14152));
#14154=FACE_OUTER_BOUND('',#14153,.F.);
#14156=CARTESIAN_POINT('',(3.082E1,4.7905314E1,5.2691285E1));
#14157=DIRECTION('',(-1.E0,0.E0,0.E0));
#14158=DIRECTION('',(0.E0,-1.E0,2.702955214810E-14));
#14159=AXIS2_PLACEMENT_3D('',#14156,#14157,#14158);
#14160=PLANE('',#14159);
#14161=ORIENTED_EDGE('',*,*,#13976,.T.);
#14162=ORIENTED_EDGE('',*,*,#14011,.F.);
#14164=ORIENTED_EDGE('',*,*,#14163,.F.);
#14165=ORIENTED_EDGE('',*,*,#14148,.T.);
#14166=EDGE_LOOP('',(#14161,#14162,#14164,#14165));
#14167=FACE_OUTER_BOUND('',#14166,.F.);
#14169=CARTESIAN_POINT('',(0.E0,1.15E1,5.1191285E1));
#14170=DIRECTION('',(0.E0,2.702955214810E-14,1.E0));
#14171=DIRECTION('',(1.E0,0.E0,0.E0));
#14172=AXIS2_PLACEMENT_3D('',#14169,#14170,#14171);
#14173=PLANE('',#14172);
#14174=ORIENTED_EDGE('',*,*,#14009,.T.);
#14175=ORIENTED_EDGE('',*,*,#14024,.T.);
#14176=ORIENTED_EDGE('',*,*,#14038,.T.);
#14177=ORIENTED_EDGE('',*,*,#14052,.T.);
#14178=ORIENTED_EDGE('',*,*,#14066,.T.);
#14179=ORIENTED_EDGE('',*,*,#14080,.T.);
#14180=ORIENTED_EDGE('',*,*,#14094,.T.);
#14181=ORIENTED_EDGE('',*,*,#14108,.T.);
#14182=ORIENTED_EDGE('',*,*,#14122,.T.);
#14183=ORIENTED_EDGE('',*,*,#14136,.T.);
#14184=ORIENTED_EDGE('',*,*,#14150,.T.);
#14185=ORIENTED_EDGE('',*,*,#14163,.T.);
#14186=EDGE_LOOP('',(#14174,#14175,#14176,#14177,#14178,#14179,#14180,#14181,
#14182,#14183,#14184,#14185));
#14187=FACE_OUTER_BOUND('',#14186,.F.);
#14189=CARTESIAN_POINT('',(3.99E1,4.643E1,5.6691285E1));
#14190=DIRECTION('',(0.E0,2.702955214810E-14,1.E0));
#14191=DIRECTION('',(1.E0,0.E0,0.E0));
#14192=AXIS2_PLACEMENT_3D('',#14189,#14190,#14191);
#14193=CYLINDRICAL_SURFACE('',#14192,3.E0);
#14194=ORIENTED_EDGE('',*,*,#9974,.F.);
#14195=ORIENTED_EDGE('',*,*,#9972,.F.);
#14197=ORIENTED_EDGE('',*,*,#14196,.F.);
#14199=ORIENTED_EDGE('',*,*,#14198,.F.);
#14201=ORIENTED_EDGE('',*,*,#14200,.F.);
#14203=ORIENTED_EDGE('',*,*,#14202,.T.);
#14204=EDGE_LOOP('',(#14194,#14195,#14197,#14199,#14201,#14203));
#14205=FACE_OUTER_BOUND('',#14204,.F.);
#14207=CARTESIAN_POINT('',(3.99E1,4.643E1,5.6691285E1));
#14208=DIRECTION('',(0.E0,2.702955214810E-14,1.E0));
#14209=DIRECTION('',(1.E0,0.E0,0.E0));
#14210=AXIS2_PLACEMENT_3D('',#14207,#14208,#14209);
#14211=CYLINDRICAL_SURFACE('',#14210,3.E0);
#14212=ORIENTED_EDGE('',*,*,#9978,.F.);
#14213=ORIENTED_EDGE('',*,*,#9976,.F.);
#14214=ORIENTED_EDGE('',*,*,#14202,.F.);
#14216=ORIENTED_EDGE('',*,*,#14215,.F.);
#14218=ORIENTED_EDGE('',*,*,#14217,.F.);
#14219=ORIENTED_EDGE('',*,*,#14196,.T.);
#14220=EDGE_LOOP('',(#14212,#14213,#14214,#14216,#14218,#14219));
#14221=FACE_OUTER_BOUND('',#14220,.F.);
#14223=CARTESIAN_POINT('',(0.E0,1.15E1,5.2691285E1));
#14224=DIRECTION('',(0.E0,2.702955214810E-14,1.E0));
#14225=DIRECTION('',(1.E0,0.E0,0.E0));
#14226=AXIS2_PLACEMENT_3D('',#14223,#14224,#14225);
#14227=PLANE('',#14226);
#14228=ORIENTED_EDGE('',*,*,#14200,.T.);
#14229=ORIENTED_EDGE('',*,*,#14198,.T.);
#14230=ORIENTED_EDGE('',*,*,#14217,.T.);
#14231=ORIENTED_EDGE('',*,*,#14215,.T.);
#14232=EDGE_LOOP('',(#14228,#14229,#14230,#14231));
#14233=FACE_OUTER_BOUND('',#14232,.F.);
#14235=ORIENTED_EDGE('',*,*,#14234,.F.);
#14237=ORIENTED_EDGE('',*,*,#14236,.F.);
#14239=ORIENTED_EDGE('',*,*,#14238,.F.);
#14241=ORIENTED_EDGE('',*,*,#14240,.F.);
#14243=ORIENTED_EDGE('',*,*,#14242,.F.);
#14245=ORIENTED_EDGE('',*,*,#14244,.F.);
#14247=ORIENTED_EDGE('',*,*,#14246,.F.);
#14249=ORIENTED_EDGE('',*,*,#14248,.F.);
#14251=ORIENTED_EDGE('',*,*,#14250,.F.);
#14253=ORIENTED_EDGE('',*,*,#14252,.F.);
#14255=ORIENTED_EDGE('',*,*,#14254,.F.);
#14257=ORIENTED_EDGE('',*,*,#14256,.F.);
#14258=EDGE_LOOP('',(#14235,#14237,#14239,#14241,#14243,#14245,#14247,#14249,
#14251,#14253,#14255,#14257));
#14259=FACE_BOUND('',#14258,.F.);
#14261=CARTESIAN_POINT('',(4.03E1,4.8705314E1,5.2691285E1));
#14262=DIRECTION('',(0.E0,1.E0,-2.702955214810E-14));
#14263=DIRECTION('',(-1.E0,0.E0,0.E0));
#14264=AXIS2_PLACEMENT_3D('',#14261,#14262,#14263);
#14265=PLANE('',#14264);
#14266=ORIENTED_EDGE('',*,*,#14234,.T.);
#14268=ORIENTED_EDGE('',*,*,#14267,.F.);
#14270=ORIENTED_EDGE('',*,*,#14269,.F.);
#14272=ORIENTED_EDGE('',*,*,#14271,.T.);
#14273=EDGE_LOOP('',(#14266,#14268,#14270,#14272));
#14274=FACE_OUTER_BOUND('',#14273,.F.);
#14276=CARTESIAN_POINT('',(4.03E1,4.683E1,5.2691285E1));
#14277=DIRECTION('',(1.E0,0.E0,0.E0));
#14278=DIRECTION('',(0.E0,1.E0,-2.702955214810E-14));
#14279=AXIS2_PLACEMENT_3D('',#14276,#14277,#14278);
#14280=PLANE('',#14279);
#14281=ORIENTED_EDGE('',*,*,#14256,.T.);
#14283=ORIENTED_EDGE('',*,*,#14282,.F.);
#14285=ORIENTED_EDGE('',*,*,#14284,.F.);
#14286=ORIENTED_EDGE('',*,*,#14267,.T.);
#14287=EDGE_LOOP('',(#14281,#14283,#14285,#14286));
#14288=FACE_OUTER_BOUND('',#14287,.F.);
#14290=CARTESIAN_POINT('',(4.1505E1,4.683E1,5.2691285E1));
#14291=DIRECTION('',(0.E0,1.E0,-2.702955214810E-14));
#14292=DIRECTION('',(-1.E0,0.E0,0.E0));
#14293=AXIS2_PLACEMENT_3D('',#14290,#14291,#14292);
#14294=PLANE('',#14293);
#14295=ORIENTED_EDGE('',*,*,#14254,.T.);
#14297=ORIENTED_EDGE('',*,*,#14296,.F.);
#14299=ORIENTED_EDGE('',*,*,#14298,.F.);
#14300=ORIENTED_EDGE('',*,*,#14282,.T.);
#14301=EDGE_LOOP('',(#14295,#14297,#14299,#14300));
#14302=FACE_OUTER_BOUND('',#14301,.F.);
#14304=CARTESIAN_POINT('',(4.1505E1,4.603E1,5.2691285E1));
#14305=DIRECTION('',(1.E0,0.E0,0.E0));
#14306=DIRECTION('',(0.E0,1.E0,-2.702955214810E-14));
#14307=AXIS2_PLACEMENT_3D('',#14304,#14305,#14306);
#14308=PLANE('',#14307);
#14309=ORIENTED_EDGE('',*,*,#14252,.T.);
#14311=ORIENTED_EDGE('',*,*,#14310,.F.);
#14313=ORIENTED_EDGE('',*,*,#14312,.F.);
#14314=ORIENTED_EDGE('',*,*,#14296,.T.);
#14315=EDGE_LOOP('',(#14309,#14311,#14313,#14314));
#14316=FACE_OUTER_BOUND('',#14315,.F.);
#14318=CARTESIAN_POINT('',(4.03E1,4.603E1,5.2691285E1));
#14319=DIRECTION('',(2.358648085511E-14,-1.E0,2.702955214810E-14));
#14320=DIRECTION('',(1.E0,2.358648085511E-14,0.E0));
#14321=AXIS2_PLACEMENT_3D('',#14318,#14319,#14320);
#14322=PLANE('',#14321);
#14323=ORIENTED_EDGE('',*,*,#14250,.T.);
#14325=ORIENTED_EDGE('',*,*,#14324,.F.);
#14327=ORIENTED_EDGE('',*,*,#14326,.F.);
#14328=ORIENTED_EDGE('',*,*,#14310,.T.);
#14329=EDGE_LOOP('',(#14323,#14325,#14327,#14328));
#14330=FACE_OUTER_BOUND('',#14329,.F.);
#14332=CARTESIAN_POINT('',(4.03E1,4.4154686E1,5.2691285E1));
#14333=DIRECTION('',(1.E0,0.E0,0.E0));
#14334=DIRECTION('',(0.E0,1.E0,-2.702955214810E-14));
#14335=AXIS2_PLACEMENT_3D('',#14332,#14333,#14334);
#14336=PLANE('',#14335);
#14337=ORIENTED_EDGE('',*,*,#14248,.T.);
#14339=ORIENTED_EDGE('',*,*,#14338,.F.);
#14341=ORIENTED_EDGE('',*,*,#14340,.F.);
#14342=ORIENTED_EDGE('',*,*,#14324,.T.);
#14343=EDGE_LOOP('',(#14337,#14339,#14341,#14342));
#14344=FACE_OUTER_BOUND('',#14343,.F.);
#14346=CARTESIAN_POINT('',(3.95E1,4.4154686E1,5.2691285E1));
#14347=DIRECTION('',(0.E0,-1.E0,2.702955214810E-14));
#14348=DIRECTION('',(1.E0,0.E0,0.E0));
#14349=AXIS2_PLACEMENT_3D('',#14346,#14347,#14348);
#14350=PLANE('',#14349);
#14351=ORIENTED_EDGE('',*,*,#14246,.T.);
#14353=ORIENTED_EDGE('',*,*,#14352,.F.);
#14355=ORIENTED_EDGE('',*,*,#14354,.F.);
#14356=ORIENTED_EDGE('',*,*,#14338,.T.);
#14357=EDGE_LOOP('',(#14351,#14353,#14355,#14356));
#14358=FACE_OUTER_BOUND('',#14357,.F.);
#14360=CARTESIAN_POINT('',(3.95E1,4.603E1,5.2691285E1));
#14361=DIRECTION('',(-1.E0,0.E0,0.E0));
#14362=DIRECTION('',(0.E0,-1.E0,2.702955214810E-14));
#14363=AXIS2_PLACEMENT_3D('',#14360,#14361,#14362);
#14364=PLANE('',#14363);
#14365=ORIENTED_EDGE('',*,*,#14244,.T.);
#14367=ORIENTED_EDGE('',*,*,#14366,.F.);
#14369=ORIENTED_EDGE('',*,*,#14368,.F.);
#14370=ORIENTED_EDGE('',*,*,#14352,.T.);
#14371=EDGE_LOOP('',(#14365,#14367,#14369,#14370));
#14372=FACE_OUTER_BOUND('',#14371,.F.);
#14374=CARTESIAN_POINT('',(3.8295E1,4.603E1,5.2691285E1));
#14375=DIRECTION('',(-2.358648085511E-14,-1.E0,2.702955214810E-14));
#14376=DIRECTION('',(1.E0,-2.358648085511E-14,0.E0));
#14377=AXIS2_PLACEMENT_3D('',#14374,#14375,#14376);
#14378=PLANE('',#14377);
#14379=ORIENTED_EDGE('',*,*,#14242,.T.);
#14381=ORIENTED_EDGE('',*,*,#14380,.F.);
#14383=ORIENTED_EDGE('',*,*,#14382,.F.);
#14384=ORIENTED_EDGE('',*,*,#14366,.T.);
#14385=EDGE_LOOP('',(#14379,#14381,#14383,#14384));
#14386=FACE_OUTER_BOUND('',#14385,.F.);
#14388=CARTESIAN_POINT('',(3.8295E1,4.683E1,5.2691285E1));
#14389=DIRECTION('',(-1.E0,0.E0,0.E0));
#14390=DIRECTION('',(0.E0,-1.E0,2.702955214810E-14));
#14391=AXIS2_PLACEMENT_3D('',#14388,#14389,#14390);
#14392=PLANE('',#14391);
#14393=ORIENTED_EDGE('',*,*,#14240,.T.);
#14395=ORIENTED_EDGE('',*,*,#14394,.F.);
#14397=ORIENTED_EDGE('',*,*,#14396,.F.);
#14398=ORIENTED_EDGE('',*,*,#14380,.T.);
#14399=EDGE_LOOP('',(#14393,#14395,#14397,#14398));
#14400=FACE_OUTER_BOUND('',#14399,.F.);
#14402=CARTESIAN_POINT('',(3.95E1,4.683E1,5.2691285E1));
#14403=DIRECTION('',(0.E0,1.E0,-2.702955214810E-14));
#14404=DIRECTION('',(-1.E0,0.E0,0.E0));
#14405=AXIS2_PLACEMENT_3D('',#14402,#14403,#14404);
#14406=PLANE('',#14405);
#14407=ORIENTED_EDGE('',*,*,#14238,.T.);
#14409=ORIENTED_EDGE('',*,*,#14408,.F.);
#14411=ORIENTED_EDGE('',*,*,#14410,.F.);
#14412=ORIENTED_EDGE('',*,*,#14394,.T.);
#14413=EDGE_LOOP('',(#14407,#14409,#14411,#14412));
#14414=FACE_OUTER_BOUND('',#14413,.F.);
#14416=CARTESIAN_POINT('',(3.95E1,4.8705314E1,5.2691285E1));
#14417=DIRECTION('',(-1.E0,0.E0,0.E0));
#14418=DIRECTION('',(0.E0,-1.E0,2.702955214810E-14));
#14419=AXIS2_PLACEMENT_3D('',#14416,#14417,#14418);
#14420=PLANE('',#14419);
#14421=ORIENTED_EDGE('',*,*,#14236,.T.);
#14422=ORIENTED_EDGE('',*,*,#14271,.F.);
#14424=ORIENTED_EDGE('',*,*,#14423,.F.);
#14425=ORIENTED_EDGE('',*,*,#14408,.T.);
#14426=EDGE_LOOP('',(#14421,#14422,#14424,#14425));
#14427=FACE_OUTER_BOUND('',#14426,.F.);
#14429=CARTESIAN_POINT('',(0.E0,1.15E1,5.1191285E1));
#14430=DIRECTION('',(0.E0,2.702955214810E-14,1.E0));
#14431=DIRECTION('',(1.E0,0.E0,0.E0));
#14432=AXIS2_PLACEMENT_3D('',#14429,#14430,#14431);
#14433=PLANE('',#14432);
#14434=ORIENTED_EDGE('',*,*,#14269,.T.);
#14435=ORIENTED_EDGE('',*,*,#14284,.T.);
#14436=ORIENTED_EDGE('',*,*,#14298,.T.);
#14437=ORIENTED_EDGE('',*,*,#14312,.T.);
#14438=ORIENTED_EDGE('',*,*,#14326,.T.);
#14439=ORIENTED_EDGE('',*,*,#14340,.T.);
#14440=ORIENTED_EDGE('',*,*,#14354,.T.);
#14441=ORIENTED_EDGE('',*,*,#14368,.T.);
#14442=ORIENTED_EDGE('',*,*,#14382,.T.);
#14443=ORIENTED_EDGE('',*,*,#14396,.T.);
#14444=ORIENTED_EDGE('',*,*,#14410,.T.);
#14445=ORIENTED_EDGE('',*,*,#14423,.T.);
#14446=EDGE_LOOP('',(#14434,#14435,#14436,#14437,#14438,#14439,#14440,#14441,
#14442,#14443,#14444,#14445));
#14447=FACE_OUTER_BOUND('',#14446,.F.);
#14449=CARTESIAN_POINT('',(5.29E0,1.236E1,5.6691285E1));
#14450=DIRECTION('',(0.E0,2.702955214810E-14,1.E0));
#14451=DIRECTION('',(1.E0,0.E0,0.E0));
#14452=AXIS2_PLACEMENT_3D('',#14449,#14450,#14451);
#14453=CYLINDRICAL_SURFACE('',#14452,3.E0);
#14454=ORIENTED_EDGE('',*,*,#9984,.F.);
#14455=ORIENTED_EDGE('',*,*,#9982,.F.);
#14457=ORIENTED_EDGE('',*,*,#14456,.F.);
#14459=ORIENTED_EDGE('',*,*,#14458,.F.);
#14461=ORIENTED_EDGE('',*,*,#14460,.F.);
#14463=ORIENTED_EDGE('',*,*,#14462,.T.);
#14464=EDGE_LOOP('',(#14454,#14455,#14457,#14459,#14461,#14463));
#14465=FACE_OUTER_BOUND('',#14464,.F.);
#14467=CARTESIAN_POINT('',(5.29E0,1.236E1,5.6691285E1));
#14468=DIRECTION('',(0.E0,2.702955214810E-14,1.E0));
#14469=DIRECTION('',(1.E0,0.E0,0.E0));
#14470=AXIS2_PLACEMENT_3D('',#14467,#14468,#14469);
#14471=CYLINDRICAL_SURFACE('',#14470,3.E0);
#14472=ORIENTED_EDGE('',*,*,#9988,.F.);
#14473=ORIENTED_EDGE('',*,*,#9986,.F.);
#14474=ORIENTED_EDGE('',*,*,#14462,.F.);
#14476=ORIENTED_EDGE('',*,*,#14475,.F.);
#14478=ORIENTED_EDGE('',*,*,#14477,.F.);
#14479=ORIENTED_EDGE('',*,*,#14456,.T.);
#14480=EDGE_LOOP('',(#14472,#14473,#14474,#14476,#14478,#14479));
#14481=FACE_OUTER_BOUND('',#14480,.F.);
#14483=CARTESIAN_POINT('',(0.E0,1.15E1,5.2691285E1));
#14484=DIRECTION('',(0.E0,2.702955214810E-14,1.E0));
#14485=DIRECTION('',(1.E0,0.E0,0.E0));
#14486=AXIS2_PLACEMENT_3D('',#14483,#14484,#14485);
#14487=PLANE('',#14486);
#14488=ORIENTED_EDGE('',*,*,#14460,.T.);
#14489=ORIENTED_EDGE('',*,*,#14458,.T.);
#14490=ORIENTED_EDGE('',*,*,#14477,.T.);
#14491=ORIENTED_EDGE('',*,*,#14475,.T.);
#14492=EDGE_LOOP('',(#14488,#14489,#14490,#14491));
#14493=FACE_OUTER_BOUND('',#14492,.F.);
#14495=ORIENTED_EDGE('',*,*,#14494,.F.);
#14497=ORIENTED_EDGE('',*,*,#14496,.F.);
#14499=ORIENTED_EDGE('',*,*,#14498,.F.);
#14501=ORIENTED_EDGE('',*,*,#14500,.F.);
#14503=ORIENTED_EDGE('',*,*,#14502,.F.);
#14505=ORIENTED_EDGE('',*,*,#14504,.F.);
#14507=ORIENTED_EDGE('',*,*,#14506,.F.);
#14509=ORIENTED_EDGE('',*,*,#14508,.F.);
#14511=ORIENTED_EDGE('',*,*,#14510,.F.);
#14513=ORIENTED_EDGE('',*,*,#14512,.F.);
#14515=ORIENTED_EDGE('',*,*,#14514,.F.);
#14517=ORIENTED_EDGE('',*,*,#14516,.F.);
#14518=EDGE_LOOP('',(#14495,#14497,#14499,#14501,#14503,#14505,#14507,#14509,
#14511,#14513,#14515,#14517));
#14519=FACE_BOUND('',#14518,.F.);
#14521=CARTESIAN_POINT('',(5.69E0,1.4635314E1,5.2691285E1));
#14522=DIRECTION('',(0.E0,1.E0,-2.702955214810E-14));
#14523=DIRECTION('',(-1.E0,0.E0,0.E0));
#14524=AXIS2_PLACEMENT_3D('',#14521,#14522,#14523);
#14525=PLANE('',#14524);
#14526=ORIENTED_EDGE('',*,*,#14494,.T.);
#14528=ORIENTED_EDGE('',*,*,#14527,.F.);
#14530=ORIENTED_EDGE('',*,*,#14529,.F.);
#14532=ORIENTED_EDGE('',*,*,#14531,.T.);
#14533=EDGE_LOOP('',(#14526,#14528,#14530,#14532));
#14534=FACE_OUTER_BOUND('',#14533,.F.);
#14536=CARTESIAN_POINT('',(5.69E0,1.276E1,5.2691285E1));
#14537=DIRECTION('',(1.E0,0.E0,0.E0));
#14538=DIRECTION('',(0.E0,1.E0,-2.702955214810E-14));
#14539=AXIS2_PLACEMENT_3D('',#14536,#14537,#14538);
#14540=PLANE('',#14539);
#14541=ORIENTED_EDGE('',*,*,#14516,.T.);
#14543=ORIENTED_EDGE('',*,*,#14542,.F.);
#14545=ORIENTED_EDGE('',*,*,#14544,.F.);
#14546=ORIENTED_EDGE('',*,*,#14527,.T.);
#14547=EDGE_LOOP('',(#14541,#14543,#14545,#14546));
#14548=FACE_OUTER_BOUND('',#14547,.F.);
#14550=CARTESIAN_POINT('',(6.895E0,1.276E1,5.2691285E1));
#14551=DIRECTION('',(0.E0,1.E0,-2.702955214810E-14));
#14552=DIRECTION('',(-1.E0,0.E0,0.E0));
#14553=AXIS2_PLACEMENT_3D('',#14550,#14551,#14552);
#14554=PLANE('',#14553);
#14555=ORIENTED_EDGE('',*,*,#14514,.T.);
#14557=ORIENTED_EDGE('',*,*,#14556,.F.);
#14559=ORIENTED_EDGE('',*,*,#14558,.F.);
#14560=ORIENTED_EDGE('',*,*,#14542,.T.);
#14561=EDGE_LOOP('',(#14555,#14557,#14559,#14560));
#14562=FACE_OUTER_BOUND('',#14561,.F.);
#14564=CARTESIAN_POINT('',(6.895E0,1.196E1,5.2691285E1));
#14565=DIRECTION('',(1.E0,0.E0,0.E0));
#14566=DIRECTION('',(0.E0,1.E0,-2.702955214810E-14));
#14567=AXIS2_PLACEMENT_3D('',#14564,#14565,#14566);
#14568=PLANE('',#14567);
#14569=ORIENTED_EDGE('',*,*,#14512,.T.);
#14571=ORIENTED_EDGE('',*,*,#14570,.F.);
#14573=ORIENTED_EDGE('',*,*,#14572,.F.);
#14574=ORIENTED_EDGE('',*,*,#14556,.T.);
#14575=EDGE_LOOP('',(#14569,#14571,#14573,#14574));
#14576=FACE_OUTER_BOUND('',#14575,.F.);
#14578=CARTESIAN_POINT('',(5.69E0,1.196E1,5.2691285E1));
#14579=DIRECTION('',(0.E0,-1.E0,2.702955214810E-14));
#14580=DIRECTION('',(1.E0,0.E0,0.E0));
#14581=AXIS2_PLACEMENT_3D('',#14578,#14579,#14580);
#14582=PLANE('',#14581);
#14583=ORIENTED_EDGE('',*,*,#14510,.T.);
#14585=ORIENTED_EDGE('',*,*,#14584,.F.);
#14587=ORIENTED_EDGE('',*,*,#14586,.F.);
#14588=ORIENTED_EDGE('',*,*,#14570,.T.);
#14589=EDGE_LOOP('',(#14583,#14585,#14587,#14588));
#14590=FACE_OUTER_BOUND('',#14589,.F.);
#14592=CARTESIAN_POINT('',(5.69E0,1.0084686E1,5.2691285E1));
#14593=DIRECTION('',(1.E0,0.E0,0.E0));
#14594=DIRECTION('',(0.E0,1.E0,-2.702955214810E-14));
#14595=AXIS2_PLACEMENT_3D('',#14592,#14593,#14594);
#14596=PLANE('',#14595);
#14597=ORIENTED_EDGE('',*,*,#14508,.T.);
#14599=ORIENTED_EDGE('',*,*,#14598,.F.);
#14601=ORIENTED_EDGE('',*,*,#14600,.F.);
#14602=ORIENTED_EDGE('',*,*,#14584,.T.);
#14603=EDGE_LOOP('',(#14597,#14599,#14601,#14602));
#14604=FACE_OUTER_BOUND('',#14603,.F.);
#14606=CARTESIAN_POINT('',(4.89E0,1.0084686E1,5.2691285E1));
#14607=DIRECTION('',(0.E0,-1.E0,2.702955214810E-14));
#14608=DIRECTION('',(1.E0,0.E0,0.E0));
#14609=AXIS2_PLACEMENT_3D('',#14606,#14607,#14608);
#14610=PLANE('',#14609);
#14611=ORIENTED_EDGE('',*,*,#14506,.T.);
#14613=ORIENTED_EDGE('',*,*,#14612,.F.);
#14615=ORIENTED_EDGE('',*,*,#14614,.F.);
#14616=ORIENTED_EDGE('',*,*,#14598,.T.);
#14617=EDGE_LOOP('',(#14611,#14613,#14615,#14616));
#14618=FACE_OUTER_BOUND('',#14617,.F.);
#14620=CARTESIAN_POINT('',(4.89E0,1.196E1,5.2691285E1));
#14621=DIRECTION('',(-1.E0,0.E0,0.E0));
#14622=DIRECTION('',(0.E0,-1.E0,2.702955214810E-14));
#14623=AXIS2_PLACEMENT_3D('',#14620,#14621,#14622);
#14624=PLANE('',#14623);
#14625=ORIENTED_EDGE('',*,*,#14504,.T.);
#14627=ORIENTED_EDGE('',*,*,#14626,.F.);
#14629=ORIENTED_EDGE('',*,*,#14628,.F.);
#14630=ORIENTED_EDGE('',*,*,#14612,.T.);
#14631=EDGE_LOOP('',(#14625,#14627,#14629,#14630));
#14632=FACE_OUTER_BOUND('',#14631,.F.);
#14634=CARTESIAN_POINT('',(3.685E0,1.196E1,5.2691285E1));
#14635=DIRECTION('',(0.E0,-1.E0,2.702955214810E-14));
#14636=DIRECTION('',(1.E0,0.E0,0.E0));
#14637=AXIS2_PLACEMENT_3D('',#14634,#14635,#14636);
#14638=PLANE('',#14637);
#14639=ORIENTED_EDGE('',*,*,#14502,.T.);
#14641=ORIENTED_EDGE('',*,*,#14640,.F.);
#14643=ORIENTED_EDGE('',*,*,#14642,.F.);
#14644=ORIENTED_EDGE('',*,*,#14626,.T.);
#14645=EDGE_LOOP('',(#14639,#14641,#14643,#14644));
#14646=FACE_OUTER_BOUND('',#14645,.F.);
#14648=CARTESIAN_POINT('',(3.685E0,1.276E1,5.2691285E1));
#14649=DIRECTION('',(-1.E0,0.E0,0.E0));
#14650=DIRECTION('',(0.E0,-1.E0,2.702955214810E-14));
#14651=AXIS2_PLACEMENT_3D('',#14648,#14649,#14650);
#14652=PLANE('',#14651);
#14653=ORIENTED_EDGE('',*,*,#14500,.T.);
#14655=ORIENTED_EDGE('',*,*,#14654,.F.);
#14657=ORIENTED_EDGE('',*,*,#14656,.F.);
#14658=ORIENTED_EDGE('',*,*,#14640,.T.);
#14659=EDGE_LOOP('',(#14653,#14655,#14657,#14658));
#14660=FACE_OUTER_BOUND('',#14659,.F.);
#14662=CARTESIAN_POINT('',(4.89E0,1.276E1,5.2691285E1));
#14663=DIRECTION('',(0.E0,1.E0,-2.702955214810E-14));
#14664=DIRECTION('',(-1.E0,0.E0,0.E0));
#14665=AXIS2_PLACEMENT_3D('',#14662,#14663,#14664);
#14666=PLANE('',#14665);
#14667=ORIENTED_EDGE('',*,*,#14498,.T.);
#14669=ORIENTED_EDGE('',*,*,#14668,.F.);
#14671=ORIENTED_EDGE('',*,*,#14670,.F.);
#14672=ORIENTED_EDGE('',*,*,#14654,.T.);
#14673=EDGE_LOOP('',(#14667,#14669,#14671,#14672));
#14674=FACE_OUTER_BOUND('',#14673,.F.);
#14676=CARTESIAN_POINT('',(4.89E0,1.4635314E1,5.2691285E1));
#14677=DIRECTION('',(-1.E0,0.E0,0.E0));
#14678=DIRECTION('',(0.E0,-1.E0,2.702955214810E-14));
#14679=AXIS2_PLACEMENT_3D('',#14676,#14677,#14678);
#14680=PLANE('',#14679);
#14681=ORIENTED_EDGE('',*,*,#14496,.T.);
#14682=ORIENTED_EDGE('',*,*,#14531,.F.);
#14684=ORIENTED_EDGE('',*,*,#14683,.F.);
#14685=ORIENTED_EDGE('',*,*,#14668,.T.);
#14686=EDGE_LOOP('',(#14681,#14682,#14684,#14685));
#14687=FACE_OUTER_BOUND('',#14686,.F.);
#14689=CARTESIAN_POINT('',(0.E0,1.15E1,5.1191285E1));
#14690=DIRECTION('',(0.E0,2.702955214810E-14,1.E0));
#14691=DIRECTION('',(1.E0,0.E0,0.E0));
#14692=AXIS2_PLACEMENT_3D('',#14689,#14690,#14691);
#14693=PLANE('',#14692);
#14694=ORIENTED_EDGE('',*,*,#14529,.T.);
#14695=ORIENTED_EDGE('',*,*,#14544,.T.);
#14696=ORIENTED_EDGE('',*,*,#14558,.T.);
#14697=ORIENTED_EDGE('',*,*,#14572,.T.);
#14698=ORIENTED_EDGE('',*,*,#14586,.T.);
#14699=ORIENTED_EDGE('',*,*,#14600,.T.);
#14700=ORIENTED_EDGE('',*,*,#14614,.T.);
#14701=ORIENTED_EDGE('',*,*,#14628,.T.);
#14702=ORIENTED_EDGE('',*,*,#14642,.T.);
#14703=ORIENTED_EDGE('',*,*,#14656,.T.);
#14704=ORIENTED_EDGE('',*,*,#14670,.T.);
#14705=ORIENTED_EDGE('',*,*,#14683,.T.);
#14706=EDGE_LOOP('',(#14694,#14695,#14696,#14697,#14698,#14699,#14700,#14701,
#14702,#14703,#14704,#14705));
#14707=FACE_OUTER_BOUND('',#14706,.F.);
#14709=CARTESIAN_POINT('',(1.393E1,1.236E1,5.6691285E1));
#14710=DIRECTION('',(0.E0,2.702955214810E-14,1.E0));
#14711=DIRECTION('',(1.E0,0.E0,0.E0));
#14712=AXIS2_PLACEMENT_3D('',#14709,#14710,#14711);
#14713=CYLINDRICAL_SURFACE('',#14712,3.E0);
#14714=ORIENTED_EDGE('',*,*,#9994,.F.);
#14715=ORIENTED_EDGE('',*,*,#9992,.F.);
#14717=ORIENTED_EDGE('',*,*,#14716,.F.);
#14719=ORIENTED_EDGE('',*,*,#14718,.F.);
#14721=ORIENTED_EDGE('',*,*,#14720,.F.);
#14723=ORIENTED_EDGE('',*,*,#14722,.T.);
#14724=EDGE_LOOP('',(#14714,#14715,#14717,#14719,#14721,#14723));
#14725=FACE_OUTER_BOUND('',#14724,.F.);
#14727=CARTESIAN_POINT('',(1.393E1,1.236E1,5.6691285E1));
#14728=DIRECTION('',(0.E0,2.702955214810E-14,1.E0));
#14729=DIRECTION('',(1.E0,0.E0,0.E0));
#14730=AXIS2_PLACEMENT_3D('',#14727,#14728,#14729);
#14731=CYLINDRICAL_SURFACE('',#14730,3.E0);
#14732=ORIENTED_EDGE('',*,*,#9998,.F.);
#14733=ORIENTED_EDGE('',*,*,#9996,.F.);
#14734=ORIENTED_EDGE('',*,*,#14722,.F.);
#14736=ORIENTED_EDGE('',*,*,#14735,.F.);
#14738=ORIENTED_EDGE('',*,*,#14737,.F.);
#14739=ORIENTED_EDGE('',*,*,#14716,.T.);
#14740=EDGE_LOOP('',(#14732,#14733,#14734,#14736,#14738,#14739));
#14741=FACE_OUTER_BOUND('',#14740,.F.);
#14743=CARTESIAN_POINT('',(0.E0,1.15E1,5.2691285E1));
#14744=DIRECTION('',(0.E0,2.702955214810E-14,1.E0));
#14745=DIRECTION('',(1.E0,0.E0,0.E0));
#14746=AXIS2_PLACEMENT_3D('',#14743,#14744,#14745);
#14747=PLANE('',#14746);
#14748=ORIENTED_EDGE('',*,*,#14720,.T.);
#14749=ORIENTED_EDGE('',*,*,#14718,.T.);
#14750=ORIENTED_EDGE('',*,*,#14737,.T.);
#14751=ORIENTED_EDGE('',*,*,#14735,.T.);
#14752=EDGE_LOOP('',(#14748,#14749,#14750,#14751));
#14753=FACE_OUTER_BOUND('',#14752,.F.);
#14755=ORIENTED_EDGE('',*,*,#14754,.F.);
#14757=ORIENTED_EDGE('',*,*,#14756,.F.);
#14759=ORIENTED_EDGE('',*,*,#14758,.F.);
#14761=ORIENTED_EDGE('',*,*,#14760,.F.);
#14763=ORIENTED_EDGE('',*,*,#14762,.F.);
#14765=ORIENTED_EDGE('',*,*,#14764,.F.);
#14767=ORIENTED_EDGE('',*,*,#14766,.F.);
#14769=ORIENTED_EDGE('',*,*,#14768,.F.);
#14771=ORIENTED_EDGE('',*,*,#14770,.F.);
#14773=ORIENTED_EDGE('',*,*,#14772,.F.);
#14775=ORIENTED_EDGE('',*,*,#14774,.F.);
#14777=ORIENTED_EDGE('',*,*,#14776,.F.);
#14778=EDGE_LOOP('',(#14755,#14757,#14759,#14761,#14763,#14765,#14767,#14769,
#14771,#14773,#14775,#14777));
#14779=FACE_BOUND('',#14778,.F.);
#14781=CARTESIAN_POINT('',(1.433E1,1.4635314E1,5.2691285E1));
#14782=DIRECTION('',(0.E0,1.E0,-2.702955214810E-14));
#14783=DIRECTION('',(-1.E0,0.E0,0.E0));
#14784=AXIS2_PLACEMENT_3D('',#14781,#14782,#14783);
#14785=PLANE('',#14784);
#14786=ORIENTED_EDGE('',*,*,#14754,.T.);
#14788=ORIENTED_EDGE('',*,*,#14787,.F.);
#14790=ORIENTED_EDGE('',*,*,#14789,.F.);
#14792=ORIENTED_EDGE('',*,*,#14791,.T.);
#14793=EDGE_LOOP('',(#14786,#14788,#14790,#14792));
#14794=FACE_OUTER_BOUND('',#14793,.F.);
#14796=CARTESIAN_POINT('',(1.433E1,1.276E1,5.2691285E1));
#14797=DIRECTION('',(1.E0,0.E0,0.E0));
#14798=DIRECTION('',(0.E0,1.E0,-2.702955214810E-14));
#14799=AXIS2_PLACEMENT_3D('',#14796,#14797,#14798);
#14800=PLANE('',#14799);
#14801=ORIENTED_EDGE('',*,*,#14776,.T.);
#14803=ORIENTED_EDGE('',*,*,#14802,.F.);
#14805=ORIENTED_EDGE('',*,*,#14804,.F.);
#14806=ORIENTED_EDGE('',*,*,#14787,.T.);
#14807=EDGE_LOOP('',(#14801,#14803,#14805,#14806));
#14808=FACE_OUTER_BOUND('',#14807,.F.);
#14810=CARTESIAN_POINT('',(1.5535E1,1.276E1,5.2691285E1));
#14811=DIRECTION('',(0.E0,1.E0,-2.702955214810E-14));
#14812=DIRECTION('',(-1.E0,0.E0,0.E0));
#14813=AXIS2_PLACEMENT_3D('',#14810,#14811,#14812);
#14814=PLANE('',#14813);
#14815=ORIENTED_EDGE('',*,*,#14774,.T.);
#14817=ORIENTED_EDGE('',*,*,#14816,.F.);
#14819=ORIENTED_EDGE('',*,*,#14818,.F.);
#14820=ORIENTED_EDGE('',*,*,#14802,.T.);
#14821=EDGE_LOOP('',(#14815,#14817,#14819,#14820));
#14822=FACE_OUTER_BOUND('',#14821,.F.);
#14824=CARTESIAN_POINT('',(1.5535E1,1.196E1,5.2691285E1));
#14825=DIRECTION('',(1.E0,0.E0,0.E0));
#14826=DIRECTION('',(0.E0,1.E0,-2.702955214810E-14));
#14827=AXIS2_PLACEMENT_3D('',#14824,#14825,#14826);
#14828=PLANE('',#14827);
#14829=ORIENTED_EDGE('',*,*,#14772,.T.);
#14831=ORIENTED_EDGE('',*,*,#14830,.F.);
#14833=ORIENTED_EDGE('',*,*,#14832,.F.);
#14834=ORIENTED_EDGE('',*,*,#14816,.T.);
#14835=EDGE_LOOP('',(#14829,#14831,#14833,#14834));
#14836=FACE_OUTER_BOUND('',#14835,.F.);
#14838=CARTESIAN_POINT('',(1.433E1,1.196E1,5.2691285E1));
#14839=DIRECTION('',(0.E0,-1.E0,2.702955214810E-14));
#14840=DIRECTION('',(1.E0,0.E0,0.E0));
#14841=AXIS2_PLACEMENT_3D('',#14838,#14839,#14840);
#14842=PLANE('',#14841);
#14843=ORIENTED_EDGE('',*,*,#14770,.T.);
#14845=ORIENTED_EDGE('',*,*,#14844,.F.);
#14847=ORIENTED_EDGE('',*,*,#14846,.F.);
#14848=ORIENTED_EDGE('',*,*,#14830,.T.);
#14849=EDGE_LOOP('',(#14843,#14845,#14847,#14848));
#14850=FACE_OUTER_BOUND('',#14849,.F.);
#14852=CARTESIAN_POINT('',(1.433E1,1.0084686E1,5.2691285E1));
#14853=DIRECTION('',(1.E0,0.E0,0.E0));
#14854=DIRECTION('',(0.E0,1.E0,-2.702955214810E-14));
#14855=AXIS2_PLACEMENT_3D('',#14852,#14853,#14854);
#14856=PLANE('',#14855);
#14857=ORIENTED_EDGE('',*,*,#14768,.T.);
#14859=ORIENTED_EDGE('',*,*,#14858,.F.);
#14861=ORIENTED_EDGE('',*,*,#14860,.F.);
#14862=ORIENTED_EDGE('',*,*,#14844,.T.);
#14863=EDGE_LOOP('',(#14857,#14859,#14861,#14862));
#14864=FACE_OUTER_BOUND('',#14863,.F.);
#14866=CARTESIAN_POINT('',(1.353E1,1.0084686E1,5.2691285E1));
#14867=DIRECTION('',(0.E0,-1.E0,2.702955214810E-14));
#14868=DIRECTION('',(1.E0,0.E0,0.E0));
#14869=AXIS2_PLACEMENT_3D('',#14866,#14867,#14868);
#14870=PLANE('',#14869);
#14871=ORIENTED_EDGE('',*,*,#14766,.T.);
#14873=ORIENTED_EDGE('',*,*,#14872,.F.);
#14875=ORIENTED_EDGE('',*,*,#14874,.F.);
#14876=ORIENTED_EDGE('',*,*,#14858,.T.);
#14877=EDGE_LOOP('',(#14871,#14873,#14875,#14876));
#14878=FACE_OUTER_BOUND('',#14877,.F.);
#14880=CARTESIAN_POINT('',(1.353E1,1.196E1,5.2691285E1));
#14881=DIRECTION('',(-1.E0,0.E0,0.E0));
#14882=DIRECTION('',(0.E0,-1.E0,2.702955214810E-14));
#14883=AXIS2_PLACEMENT_3D('',#14880,#14881,#14882);
#14884=PLANE('',#14883);
#14885=ORIENTED_EDGE('',*,*,#14764,.T.);
#14887=ORIENTED_EDGE('',*,*,#14886,.F.);
#14889=ORIENTED_EDGE('',*,*,#14888,.F.);
#14890=ORIENTED_EDGE('',*,*,#14872,.T.);
#14891=EDGE_LOOP('',(#14885,#14887,#14889,#14890));
#14892=FACE_OUTER_BOUND('',#14891,.F.);
#14894=CARTESIAN_POINT('',(1.2325E1,1.196E1,5.2691285E1));
#14895=DIRECTION('',(0.E0,-1.E0,2.702955214810E-14));
#14896=DIRECTION('',(1.E0,0.E0,0.E0));
#14897=AXIS2_PLACEMENT_3D('',#14894,#14895,#14896);
#14898=PLANE('',#14897);
#14899=ORIENTED_EDGE('',*,*,#14762,.T.);
#14901=ORIENTED_EDGE('',*,*,#14900,.F.);
#14903=ORIENTED_EDGE('',*,*,#14902,.F.);
#14904=ORIENTED_EDGE('',*,*,#14886,.T.);
#14905=EDGE_LOOP('',(#14899,#14901,#14903,#14904));
#14906=FACE_OUTER_BOUND('',#14905,.F.);
#14908=CARTESIAN_POINT('',(1.2325E1,1.276E1,5.2691285E1));
#14909=DIRECTION('',(-1.E0,0.E0,0.E0));
#14910=DIRECTION('',(0.E0,-1.E0,2.702955214810E-14));
#14911=AXIS2_PLACEMENT_3D('',#14908,#14909,#14910);
#14912=PLANE('',#14911);
#14913=ORIENTED_EDGE('',*,*,#14760,.T.);
#14915=ORIENTED_EDGE('',*,*,#14914,.F.);
#14917=ORIENTED_EDGE('',*,*,#14916,.F.);
#14918=ORIENTED_EDGE('',*,*,#14900,.T.);
#14919=EDGE_LOOP('',(#14913,#14915,#14917,#14918));
#14920=FACE_OUTER_BOUND('',#14919,.F.);
#14922=CARTESIAN_POINT('',(1.353E1,1.276E1,5.2691285E1));
#14923=DIRECTION('',(0.E0,1.E0,-2.702955214810E-14));
#14924=DIRECTION('',(-1.E0,0.E0,0.E0));
#14925=AXIS2_PLACEMENT_3D('',#14922,#14923,#14924);
#14926=PLANE('',#14925);
#14927=ORIENTED_EDGE('',*,*,#14758,.T.);
#14929=ORIENTED_EDGE('',*,*,#14928,.F.);
#14931=ORIENTED_EDGE('',*,*,#14930,.F.);
#14932=ORIENTED_EDGE('',*,*,#14914,.T.);
#14933=EDGE_LOOP('',(#14927,#14929,#14931,#14932));
#14934=FACE_OUTER_BOUND('',#14933,.F.);
#14936=CARTESIAN_POINT('',(1.353E1,1.4635314E1,5.2691285E1));
#14937=DIRECTION('',(-1.E0,0.E0,0.E0));
#14938=DIRECTION('',(0.E0,-1.E0,2.702955214810E-14));
#14939=AXIS2_PLACEMENT_3D('',#14936,#14937,#14938);
#14940=PLANE('',#14939);
#14941=ORIENTED_EDGE('',*,*,#14756,.T.);
#14942=ORIENTED_EDGE('',*,*,#14791,.F.);
#14944=ORIENTED_EDGE('',*,*,#14943,.F.);
#14945=ORIENTED_EDGE('',*,*,#14928,.T.);
#14946=EDGE_LOOP('',(#14941,#14942,#14944,#14945));
#14947=FACE_OUTER_BOUND('',#14946,.F.);
#14949=CARTESIAN_POINT('',(0.E0,1.15E1,5.1191285E1));
#14950=DIRECTION('',(0.E0,2.702955214810E-14,1.E0));
#14951=DIRECTION('',(1.E0,0.E0,0.E0));
#14952=AXIS2_PLACEMENT_3D('',#14949,#14950,#14951);
#14953=PLANE('',#14952);
#14954=ORIENTED_EDGE('',*,*,#14789,.T.);
#14955=ORIENTED_EDGE('',*,*,#14804,.T.);
#14956=ORIENTED_EDGE('',*,*,#14818,.T.);
#14957=ORIENTED_EDGE('',*,*,#14832,.T.);
#14958=ORIENTED_EDGE('',*,*,#14846,.T.);
#14959=ORIENTED_EDGE('',*,*,#14860,.T.);
#14960=ORIENTED_EDGE('',*,*,#14874,.T.);
#14961=ORIENTED_EDGE('',*,*,#14888,.T.);
#14962=ORIENTED_EDGE('',*,*,#14902,.T.);
#14963=ORIENTED_EDGE('',*,*,#14916,.T.);
#14964=ORIENTED_EDGE('',*,*,#14930,.T.);
#14965=ORIENTED_EDGE('',*,*,#14943,.T.);
#14966=EDGE_LOOP('',(#14954,#14955,#14956,#14957,#14958,#14959,#14960,#14961,
#14962,#14963,#14964,#14965));
#14967=FACE_OUTER_BOUND('',#14966,.F.);
#14969=CARTESIAN_POINT('',(2.258E1,1.236E1,5.6691285E1));
#14970=DIRECTION('',(0.E0,2.702955214810E-14,1.E0));
#14971=DIRECTION('',(1.E0,0.E0,0.E0));
#14972=AXIS2_PLACEMENT_3D('',#14969,#14970,#14971);
#14973=CYLINDRICAL_SURFACE('',#14972,3.E0);
#14974=ORIENTED_EDGE('',*,*,#10004,.F.);
#14975=ORIENTED_EDGE('',*,*,#10002,.F.);
#14977=ORIENTED_EDGE('',*,*,#14976,.F.);
#14979=ORIENTED_EDGE('',*,*,#14978,.F.);
#14981=ORIENTED_EDGE('',*,*,#14980,.F.);
#14983=ORIENTED_EDGE('',*,*,#14982,.T.);
#14984=EDGE_LOOP('',(#14974,#14975,#14977,#14979,#14981,#14983));
#14985=FACE_OUTER_BOUND('',#14984,.F.);
#14987=CARTESIAN_POINT('',(2.258E1,1.236E1,5.6691285E1));
#14988=DIRECTION('',(0.E0,2.702955214810E-14,1.E0));
#14989=DIRECTION('',(1.E0,0.E0,0.E0));
#14990=AXIS2_PLACEMENT_3D('',#14987,#14988,#14989);
#14991=CYLINDRICAL_SURFACE('',#14990,3.E0);
#14992=ORIENTED_EDGE('',*,*,#10008,.F.);
#14993=ORIENTED_EDGE('',*,*,#10006,.F.);
#14994=ORIENTED_EDGE('',*,*,#14982,.F.);
#14996=ORIENTED_EDGE('',*,*,#14995,.F.);
#14998=ORIENTED_EDGE('',*,*,#14997,.F.);
#14999=ORIENTED_EDGE('',*,*,#14976,.T.);
#15000=EDGE_LOOP('',(#14992,#14993,#14994,#14996,#14998,#14999));
#15001=FACE_OUTER_BOUND('',#15000,.F.);
#15003=CARTESIAN_POINT('',(0.E0,1.15E1,5.2691285E1));
#15004=DIRECTION('',(0.E0,2.702955214810E-14,1.E0));
#15005=DIRECTION('',(1.E0,0.E0,0.E0));
#15006=AXIS2_PLACEMENT_3D('',#15003,#15004,#15005);
#15007=PLANE('',#15006);
#15008=ORIENTED_EDGE('',*,*,#14980,.T.);
#15009=ORIENTED_EDGE('',*,*,#14978,.T.);
#15010=ORIENTED_EDGE('',*,*,#14997,.T.);
#15011=ORIENTED_EDGE('',*,*,#14995,.T.);
#15012=EDGE_LOOP('',(#15008,#15009,#15010,#15011));
#15013=FACE_OUTER_BOUND('',#15012,.F.);
#15015=ORIENTED_EDGE('',*,*,#15014,.F.);
#15017=ORIENTED_EDGE('',*,*,#15016,.F.);
#15019=ORIENTED_EDGE('',*,*,#15018,.F.);
#15021=ORIENTED_EDGE('',*,*,#15020,.F.);
#15023=ORIENTED_EDGE('',*,*,#15022,.F.);
#15025=ORIENTED_EDGE('',*,*,#15024,.F.);
#15027=ORIENTED_EDGE('',*,*,#15026,.F.);
#15029=ORIENTED_EDGE('',*,*,#15028,.F.);
#15031=ORIENTED_EDGE('',*,*,#15030,.F.);
#15033=ORIENTED_EDGE('',*,*,#15032,.F.);
#15035=ORIENTED_EDGE('',*,*,#15034,.F.);
#15037=ORIENTED_EDGE('',*,*,#15036,.F.);
#15038=EDGE_LOOP('',(#15015,#15017,#15019,#15021,#15023,#15025,#15027,#15029,
#15031,#15033,#15035,#15037));
#15039=FACE_BOUND('',#15038,.F.);
#15041=CARTESIAN_POINT('',(2.298E1,1.4635314E1,5.2691285E1));
#15042=DIRECTION('',(0.E0,1.E0,-2.702955214810E-14));
#15043=DIRECTION('',(-1.E0,0.E0,0.E0));
#15044=AXIS2_PLACEMENT_3D('',#15041,#15042,#15043);
#15045=PLANE('',#15044);
#15046=ORIENTED_EDGE('',*,*,#15014,.T.);
#15048=ORIENTED_EDGE('',*,*,#15047,.F.);
#15050=ORIENTED_EDGE('',*,*,#15049,.F.);
#15052=ORIENTED_EDGE('',*,*,#15051,.T.);
#15053=EDGE_LOOP('',(#15046,#15048,#15050,#15052));
#15054=FACE_OUTER_BOUND('',#15053,.F.);
#15056=CARTESIAN_POINT('',(2.298E1,1.276E1,5.2691285E1));
#15057=DIRECTION('',(1.E0,0.E0,0.E0));
#15058=DIRECTION('',(0.E0,1.E0,-2.702955214810E-14));
#15059=AXIS2_PLACEMENT_3D('',#15056,#15057,#15058);
#15060=PLANE('',#15059);
#15061=ORIENTED_EDGE('',*,*,#15036,.T.);
#15063=ORIENTED_EDGE('',*,*,#15062,.F.);
#15065=ORIENTED_EDGE('',*,*,#15064,.F.);
#15066=ORIENTED_EDGE('',*,*,#15047,.T.);
#15067=EDGE_LOOP('',(#15061,#15063,#15065,#15066));
#15068=FACE_OUTER_BOUND('',#15067,.F.);
#15070=CARTESIAN_POINT('',(2.4185E1,1.276E1,5.2691285E1));
#15071=DIRECTION('',(0.E0,1.E0,-2.702955214810E-14));
#15072=DIRECTION('',(-1.E0,0.E0,0.E0));
#15073=AXIS2_PLACEMENT_3D('',#15070,#15071,#15072);
#15074=PLANE('',#15073);
#15075=ORIENTED_EDGE('',*,*,#15034,.T.);
#15077=ORIENTED_EDGE('',*,*,#15076,.F.);
#15079=ORIENTED_EDGE('',*,*,#15078,.F.);
#15080=ORIENTED_EDGE('',*,*,#15062,.T.);
#15081=EDGE_LOOP('',(#15075,#15077,#15079,#15080));
#15082=FACE_OUTER_BOUND('',#15081,.F.);
#15084=CARTESIAN_POINT('',(2.4185E1,1.196E1,5.2691285E1));
#15085=DIRECTION('',(1.E0,0.E0,0.E0));
#15086=DIRECTION('',(0.E0,1.E0,-2.702955214810E-14));
#15087=AXIS2_PLACEMENT_3D('',#15084,#15085,#15086);
#15088=PLANE('',#15087);
#15089=ORIENTED_EDGE('',*,*,#15032,.T.);
#15091=ORIENTED_EDGE('',*,*,#15090,.F.);
#15093=ORIENTED_EDGE('',*,*,#15092,.F.);
#15094=ORIENTED_EDGE('',*,*,#15076,.T.);
#15095=EDGE_LOOP('',(#15089,#15091,#15093,#15094));
#15096=FACE_OUTER_BOUND('',#15095,.F.);
#15098=CARTESIAN_POINT('',(2.298E1,1.196E1,5.2691285E1));
#15099=DIRECTION('',(0.E0,-1.E0,2.702955214810E-14));
#15100=DIRECTION('',(1.E0,0.E0,0.E0));
#15101=AXIS2_PLACEMENT_3D('',#15098,#15099,#15100);
#15102=PLANE('',#15101);
#15103=ORIENTED_EDGE('',*,*,#15030,.T.);
#15105=ORIENTED_EDGE('',*,*,#15104,.F.);
#15107=ORIENTED_EDGE('',*,*,#15106,.F.);
#15108=ORIENTED_EDGE('',*,*,#15090,.T.);
#15109=EDGE_LOOP('',(#15103,#15105,#15107,#15108));
#15110=FACE_OUTER_BOUND('',#15109,.F.);
#15112=CARTESIAN_POINT('',(2.298E1,1.0084686E1,5.2691285E1));
#15113=DIRECTION('',(1.E0,0.E0,0.E0));
#15114=DIRECTION('',(0.E0,1.E0,-2.702955214810E-14));
#15115=AXIS2_PLACEMENT_3D('',#15112,#15113,#15114);
#15116=PLANE('',#15115);
#15117=ORIENTED_EDGE('',*,*,#15028,.T.);
#15119=ORIENTED_EDGE('',*,*,#15118,.F.);
#15121=ORIENTED_EDGE('',*,*,#15120,.F.);
#15122=ORIENTED_EDGE('',*,*,#15104,.T.);
#15123=EDGE_LOOP('',(#15117,#15119,#15121,#15122));
#15124=FACE_OUTER_BOUND('',#15123,.F.);
#15126=CARTESIAN_POINT('',(2.218E1,1.0084686E1,5.2691285E1));
#15127=DIRECTION('',(0.E0,-1.E0,2.702955214810E-14));
#15128=DIRECTION('',(1.E0,0.E0,0.E0));
#15129=AXIS2_PLACEMENT_3D('',#15126,#15127,#15128);
#15130=PLANE('',#15129);
#15131=ORIENTED_EDGE('',*,*,#15026,.T.);
#15133=ORIENTED_EDGE('',*,*,#15132,.F.);
#15135=ORIENTED_EDGE('',*,*,#15134,.F.);
#15136=ORIENTED_EDGE('',*,*,#15118,.T.);
#15137=EDGE_LOOP('',(#15131,#15133,#15135,#15136));
#15138=FACE_OUTER_BOUND('',#15137,.F.);
#15140=CARTESIAN_POINT('',(2.218E1,1.196E1,5.2691285E1));
#15141=DIRECTION('',(-1.E0,0.E0,0.E0));
#15142=DIRECTION('',(0.E0,-1.E0,2.702955214810E-14));
#15143=AXIS2_PLACEMENT_3D('',#15140,#15141,#15142);
#15144=PLANE('',#15143);
#15145=ORIENTED_EDGE('',*,*,#15024,.T.);
#15147=ORIENTED_EDGE('',*,*,#15146,.F.);
#15149=ORIENTED_EDGE('',*,*,#15148,.F.);
#15150=ORIENTED_EDGE('',*,*,#15132,.T.);
#15151=EDGE_LOOP('',(#15145,#15147,#15149,#15150));
#15152=FACE_OUTER_BOUND('',#15151,.F.);
#15154=CARTESIAN_POINT('',(2.0975E1,1.196E1,5.2691285E1));
#15155=DIRECTION('',(0.E0,-1.E0,2.702955214810E-14));
#15156=DIRECTION('',(1.E0,0.E0,0.E0));
#15157=AXIS2_PLACEMENT_3D('',#15154,#15155,#15156);
#15158=PLANE('',#15157);
#15159=ORIENTED_EDGE('',*,*,#15022,.T.);
#15161=ORIENTED_EDGE('',*,*,#15160,.F.);
#15163=ORIENTED_EDGE('',*,*,#15162,.F.);
#15164=ORIENTED_EDGE('',*,*,#15146,.T.);
#15165=EDGE_LOOP('',(#15159,#15161,#15163,#15164));
#15166=FACE_OUTER_BOUND('',#15165,.F.);
#15168=CARTESIAN_POINT('',(2.0975E1,1.276E1,5.2691285E1));
#15169=DIRECTION('',(-1.E0,0.E0,0.E0));
#15170=DIRECTION('',(0.E0,-1.E0,2.702955214810E-14));
#15171=AXIS2_PLACEMENT_3D('',#15168,#15169,#15170);
#15172=PLANE('',#15171);
#15173=ORIENTED_EDGE('',*,*,#15020,.T.);
#15175=ORIENTED_EDGE('',*,*,#15174,.F.);
#15177=ORIENTED_EDGE('',*,*,#15176,.F.);
#15178=ORIENTED_EDGE('',*,*,#15160,.T.);
#15179=EDGE_LOOP('',(#15173,#15175,#15177,#15178));
#15180=FACE_OUTER_BOUND('',#15179,.F.);
#15182=CARTESIAN_POINT('',(2.218E1,1.276E1,5.2691285E1));
#15183=DIRECTION('',(0.E0,1.E0,-2.702955214810E-14));
#15184=DIRECTION('',(-1.E0,0.E0,0.E0));
#15185=AXIS2_PLACEMENT_3D('',#15182,#15183,#15184);
#15186=PLANE('',#15185);
#15187=ORIENTED_EDGE('',*,*,#15018,.T.);
#15189=ORIENTED_EDGE('',*,*,#15188,.F.);
#15191=ORIENTED_EDGE('',*,*,#15190,.F.);
#15192=ORIENTED_EDGE('',*,*,#15174,.T.);
#15193=EDGE_LOOP('',(#15187,#15189,#15191,#15192));
#15194=FACE_OUTER_BOUND('',#15193,.F.);
#15196=CARTESIAN_POINT('',(2.218E1,1.4635314E1,5.2691285E1));
#15197=DIRECTION('',(-1.E0,0.E0,0.E0));
#15198=DIRECTION('',(0.E0,-1.E0,2.702955214810E-14));
#15199=AXIS2_PLACEMENT_3D('',#15196,#15197,#15198);
#15200=PLANE('',#15199);
#15201=ORIENTED_EDGE('',*,*,#15016,.T.);
#15202=ORIENTED_EDGE('',*,*,#15051,.F.);
#15204=ORIENTED_EDGE('',*,*,#15203,.F.);
#15205=ORIENTED_EDGE('',*,*,#15188,.T.);
#15206=EDGE_LOOP('',(#15201,#15202,#15204,#15205));
#15207=FACE_OUTER_BOUND('',#15206,.F.);
#15209=CARTESIAN_POINT('',(0.E0,1.15E1,5.1191285E1));
#15210=DIRECTION('',(0.E0,2.702955214810E-14,1.E0));
#15211=DIRECTION('',(1.E0,0.E0,0.E0));
#15212=AXIS2_PLACEMENT_3D('',#15209,#15210,#15211);
#15213=PLANE('',#15212);
#15214=ORIENTED_EDGE('',*,*,#15049,.T.);
#15215=ORIENTED_EDGE('',*,*,#15064,.T.);
#15216=ORIENTED_EDGE('',*,*,#15078,.T.);
#15217=ORIENTED_EDGE('',*,*,#15092,.T.);
#15218=ORIENTED_EDGE('',*,*,#15106,.T.);
#15219=ORIENTED_EDGE('',*,*,#15120,.T.);
#15220=ORIENTED_EDGE('',*,*,#15134,.T.);
#15221=ORIENTED_EDGE('',*,*,#15148,.T.);
#15222=ORIENTED_EDGE('',*,*,#15162,.T.);
#15223=ORIENTED_EDGE('',*,*,#15176,.T.);
#15224=ORIENTED_EDGE('',*,*,#15190,.T.);
#15225=ORIENTED_EDGE('',*,*,#15203,.T.);
#15226=EDGE_LOOP('',(#15214,#15215,#15216,#15217,#15218,#15219,#15220,#15221,
#15222,#15223,#15224,#15225));
#15227=FACE_OUTER_BOUND('',#15226,.F.);
#15229=CARTESIAN_POINT('',(3.122E1,1.236E1,5.6691285E1));
#15230=DIRECTION('',(0.E0,2.702955214810E-14,1.E0));
#15231=DIRECTION('',(1.E0,0.E0,0.E0));
#15232=AXIS2_PLACEMENT_3D('',#15229,#15230,#15231);
#15233=CYLINDRICAL_SURFACE('',#15232,3.E0);
#15234=ORIENTED_EDGE('',*,*,#10014,.F.);
#15235=ORIENTED_EDGE('',*,*,#10012,.F.);
#15237=ORIENTED_EDGE('',*,*,#15236,.F.);
#15239=ORIENTED_EDGE('',*,*,#15238,.F.);
#15241=ORIENTED_EDGE('',*,*,#15240,.F.);
#15243=ORIENTED_EDGE('',*,*,#15242,.T.);
#15244=EDGE_LOOP('',(#15234,#15235,#15237,#15239,#15241,#15243));
#15245=FACE_OUTER_BOUND('',#15244,.F.);
#15247=CARTESIAN_POINT('',(3.122E1,1.236E1,5.6691285E1));
#15248=DIRECTION('',(0.E0,2.702955214810E-14,1.E0));
#15249=DIRECTION('',(1.E0,0.E0,0.E0));
#15250=AXIS2_PLACEMENT_3D('',#15247,#15248,#15249);
#15251=CYLINDRICAL_SURFACE('',#15250,3.E0);
#15252=ORIENTED_EDGE('',*,*,#10018,.F.);
#15253=ORIENTED_EDGE('',*,*,#10016,.F.);
#15254=ORIENTED_EDGE('',*,*,#15242,.F.);
#15256=ORIENTED_EDGE('',*,*,#15255,.F.);
#15258=ORIENTED_EDGE('',*,*,#15257,.F.);
#15259=ORIENTED_EDGE('',*,*,#15236,.T.);
#15260=EDGE_LOOP('',(#15252,#15253,#15254,#15256,#15258,#15259));
#15261=FACE_OUTER_BOUND('',#15260,.F.);
#15263=CARTESIAN_POINT('',(0.E0,1.15E1,5.2691285E1));
#15264=DIRECTION('',(0.E0,2.702955214810E-14,1.E0));
#15265=DIRECTION('',(1.E0,0.E0,0.E0));
#15266=AXIS2_PLACEMENT_3D('',#15263,#15264,#15265);
#15267=PLANE('',#15266);
#15268=ORIENTED_EDGE('',*,*,#15240,.T.);
#15269=ORIENTED_EDGE('',*,*,#15238,.T.);
#15270=ORIENTED_EDGE('',*,*,#15257,.T.);
#15271=ORIENTED_EDGE('',*,*,#15255,.T.);
#15272=EDGE_LOOP('',(#15268,#15269,#15270,#15271));
#15273=FACE_OUTER_BOUND('',#15272,.F.);
#15275=ORIENTED_EDGE('',*,*,#15274,.F.);
#15277=ORIENTED_EDGE('',*,*,#15276,.F.);
#15279=ORIENTED_EDGE('',*,*,#15278,.F.);
#15281=ORIENTED_EDGE('',*,*,#15280,.F.);
#15283=ORIENTED_EDGE('',*,*,#15282,.F.);
#15285=ORIENTED_EDGE('',*,*,#15284,.F.);
#15287=ORIENTED_EDGE('',*,*,#15286,.F.);
#15289=ORIENTED_EDGE('',*,*,#15288,.F.);
#15291=ORIENTED_EDGE('',*,*,#15290,.F.);
#15293=ORIENTED_EDGE('',*,*,#15292,.F.);
#15295=ORIENTED_EDGE('',*,*,#15294,.F.);
#15297=ORIENTED_EDGE('',*,*,#15296,.F.);
#15298=EDGE_LOOP('',(#15275,#15277,#15279,#15281,#15283,#15285,#15287,#15289,
#15291,#15293,#15295,#15297));
#15299=FACE_BOUND('',#15298,.F.);
#15301=CARTESIAN_POINT('',(3.162E1,1.4635314E1,5.2691285E1));
#15302=DIRECTION('',(0.E0,1.E0,-2.702955214810E-14));
#15303=DIRECTION('',(-1.E0,0.E0,0.E0));
#15304=AXIS2_PLACEMENT_3D('',#15301,#15302,#15303);
#15305=PLANE('',#15304);
#15306=ORIENTED_EDGE('',*,*,#15274,.T.);
#15308=ORIENTED_EDGE('',*,*,#15307,.F.);
#15310=ORIENTED_EDGE('',*,*,#15309,.F.);
#15312=ORIENTED_EDGE('',*,*,#15311,.T.);
#15313=EDGE_LOOP('',(#15306,#15308,#15310,#15312));
#15314=FACE_OUTER_BOUND('',#15313,.F.);
#15316=CARTESIAN_POINT('',(3.162E1,1.276E1,5.2691285E1));
#15317=DIRECTION('',(1.E0,0.E0,0.E0));
#15318=DIRECTION('',(0.E0,1.E0,-2.702955214810E-14));
#15319=AXIS2_PLACEMENT_3D('',#15316,#15317,#15318);
#15320=PLANE('',#15319);
#15321=ORIENTED_EDGE('',*,*,#15296,.T.);
#15323=ORIENTED_EDGE('',*,*,#15322,.F.);
#15325=ORIENTED_EDGE('',*,*,#15324,.F.);
#15326=ORIENTED_EDGE('',*,*,#15307,.T.);
#15327=EDGE_LOOP('',(#15321,#15323,#15325,#15326));
#15328=FACE_OUTER_BOUND('',#15327,.F.);
#15330=CARTESIAN_POINT('',(3.2825E1,1.276E1,5.2691285E1));
#15331=DIRECTION('',(0.E0,1.E0,-2.702955214810E-14));
#15332=DIRECTION('',(-1.E0,0.E0,0.E0));
#15333=AXIS2_PLACEMENT_3D('',#15330,#15331,#15332);
#15334=PLANE('',#15333);
#15335=ORIENTED_EDGE('',*,*,#15294,.T.);
#15337=ORIENTED_EDGE('',*,*,#15336,.F.);
#15339=ORIENTED_EDGE('',*,*,#15338,.F.);
#15340=ORIENTED_EDGE('',*,*,#15322,.T.);
#15341=EDGE_LOOP('',(#15335,#15337,#15339,#15340));
#15342=FACE_OUTER_BOUND('',#15341,.F.);
#15344=CARTESIAN_POINT('',(3.2825E1,1.196E1,5.2691285E1));
#15345=DIRECTION('',(1.E0,0.E0,0.E0));
#15346=DIRECTION('',(0.E0,1.E0,-2.702955214810E-14));
#15347=AXIS2_PLACEMENT_3D('',#15344,#15345,#15346);
#15348=PLANE('',#15347);
#15349=ORIENTED_EDGE('',*,*,#15292,.T.);
#15351=ORIENTED_EDGE('',*,*,#15350,.F.);
#15353=ORIENTED_EDGE('',*,*,#15352,.F.);
#15354=ORIENTED_EDGE('',*,*,#15336,.T.);
#15355=EDGE_LOOP('',(#15349,#15351,#15353,#15354));
#15356=FACE_OUTER_BOUND('',#15355,.F.);
#15358=CARTESIAN_POINT('',(3.162E1,1.196E1,5.2691285E1));
#15359=DIRECTION('',(0.E0,-1.E0,2.702955214810E-14));
#15360=DIRECTION('',(1.E0,0.E0,0.E0));
#15361=AXIS2_PLACEMENT_3D('',#15358,#15359,#15360);
#15362=PLANE('',#15361);
#15363=ORIENTED_EDGE('',*,*,#15290,.T.);
#15365=ORIENTED_EDGE('',*,*,#15364,.F.);
#15367=ORIENTED_EDGE('',*,*,#15366,.F.);
#15368=ORIENTED_EDGE('',*,*,#15350,.T.);
#15369=EDGE_LOOP('',(#15363,#15365,#15367,#15368));
#15370=FACE_OUTER_BOUND('',#15369,.F.);
#15372=CARTESIAN_POINT('',(3.162E1,1.0084686E1,5.2691285E1));
#15373=DIRECTION('',(1.E0,0.E0,0.E0));
#15374=DIRECTION('',(0.E0,1.E0,-2.702955214810E-14));
#15375=AXIS2_PLACEMENT_3D('',#15372,#15373,#15374);
#15376=PLANE('',#15375);
#15377=ORIENTED_EDGE('',*,*,#15288,.T.);
#15379=ORIENTED_EDGE('',*,*,#15378,.F.);
#15381=ORIENTED_EDGE('',*,*,#15380,.F.);
#15382=ORIENTED_EDGE('',*,*,#15364,.T.);
#15383=EDGE_LOOP('',(#15377,#15379,#15381,#15382));
#15384=FACE_OUTER_BOUND('',#15383,.F.);
#15386=CARTESIAN_POINT('',(3.082E1,1.0084686E1,5.2691285E1));
#15387=DIRECTION('',(0.E0,-1.E0,2.702955214810E-14));
#15388=DIRECTION('',(1.E0,0.E0,0.E0));
#15389=AXIS2_PLACEMENT_3D('',#15386,#15387,#15388);
#15390=PLANE('',#15389);
#15391=ORIENTED_EDGE('',*,*,#15286,.T.);
#15393=ORIENTED_EDGE('',*,*,#15392,.F.);
#15395=ORIENTED_EDGE('',*,*,#15394,.F.);
#15396=ORIENTED_EDGE('',*,*,#15378,.T.);
#15397=EDGE_LOOP('',(#15391,#15393,#15395,#15396));
#15398=FACE_OUTER_BOUND('',#15397,.F.);
#15400=CARTESIAN_POINT('',(3.082E1,1.196E1,5.2691285E1));
#15401=DIRECTION('',(-1.E0,0.E0,0.E0));
#15402=DIRECTION('',(0.E0,-1.E0,2.702955214810E-14));
#15403=AXIS2_PLACEMENT_3D('',#15400,#15401,#15402);
#15404=PLANE('',#15403);
#15405=ORIENTED_EDGE('',*,*,#15284,.T.);
#15407=ORIENTED_EDGE('',*,*,#15406,.F.);
#15409=ORIENTED_EDGE('',*,*,#15408,.F.);
#15410=ORIENTED_EDGE('',*,*,#15392,.T.);
#15411=EDGE_LOOP('',(#15405,#15407,#15409,#15410));
#15412=FACE_OUTER_BOUND('',#15411,.F.);
#15414=CARTESIAN_POINT('',(2.9615E1,1.196E1,5.2691285E1));
#15415=DIRECTION('',(0.E0,-1.E0,2.702955214810E-14));
#15416=DIRECTION('',(1.E0,0.E0,0.E0));
#15417=AXIS2_PLACEMENT_3D('',#15414,#15415,#15416);
#15418=PLANE('',#15417);
#15419=ORIENTED_EDGE('',*,*,#15282,.T.);
#15421=ORIENTED_EDGE('',*,*,#15420,.F.);
#15423=ORIENTED_EDGE('',*,*,#15422,.F.);
#15424=ORIENTED_EDGE('',*,*,#15406,.T.);
#15425=EDGE_LOOP('',(#15419,#15421,#15423,#15424));
#15426=FACE_OUTER_BOUND('',#15425,.F.);
#15428=CARTESIAN_POINT('',(2.9615E1,1.276E1,5.2691285E1));
#15429=DIRECTION('',(-1.E0,0.E0,0.E0));
#15430=DIRECTION('',(0.E0,-1.E0,2.702955214810E-14));
#15431=AXIS2_PLACEMENT_3D('',#15428,#15429,#15430);
#15432=PLANE('',#15431);
#15433=ORIENTED_EDGE('',*,*,#15280,.T.);
#15435=ORIENTED_EDGE('',*,*,#15434,.F.);
#15437=ORIENTED_EDGE('',*,*,#15436,.F.);
#15438=ORIENTED_EDGE('',*,*,#15420,.T.);
#15439=EDGE_LOOP('',(#15433,#15435,#15437,#15438));
#15440=FACE_OUTER_BOUND('',#15439,.F.);
#15442=CARTESIAN_POINT('',(3.082E1,1.276E1,5.2691285E1));
#15443=DIRECTION('',(0.E0,1.E0,-2.702955214810E-14));
#15444=DIRECTION('',(-1.E0,0.E0,0.E0));
#15445=AXIS2_PLACEMENT_3D('',#15442,#15443,#15444);
#15446=PLANE('',#15445);
#15447=ORIENTED_EDGE('',*,*,#15278,.T.);
#15449=ORIENTED_EDGE('',*,*,#15448,.F.);
#15451=ORIENTED_EDGE('',*,*,#15450,.F.);
#15452=ORIENTED_EDGE('',*,*,#15434,.T.);
#15453=EDGE_LOOP('',(#15447,#15449,#15451,#15452));
#15454=FACE_OUTER_BOUND('',#15453,.F.);
#15456=CARTESIAN_POINT('',(3.082E1,1.4635314E1,5.2691285E1));
#15457=DIRECTION('',(-1.E0,0.E0,0.E0));
#15458=DIRECTION('',(0.E0,-1.E0,2.702955214810E-14));
#15459=AXIS2_PLACEMENT_3D('',#15456,#15457,#15458);
#15460=PLANE('',#15459);
#15461=ORIENTED_EDGE('',*,*,#15276,.T.);
#15462=ORIENTED_EDGE('',*,*,#15311,.F.);
#15464=ORIENTED_EDGE('',*,*,#15463,.F.);
#15465=ORIENTED_EDGE('',*,*,#15448,.T.);
#15466=EDGE_LOOP('',(#15461,#15462,#15464,#15465));
#15467=FACE_OUTER_BOUND('',#15466,.F.);
#15469=CARTESIAN_POINT('',(0.E0,1.15E1,5.1191285E1));
#15470=DIRECTION('',(0.E0,2.702955214810E-14,1.E0));
#15471=DIRECTION('',(1.E0,0.E0,0.E0));
#15472=AXIS2_PLACEMENT_3D('',#15469,#15470,#15471);
#15473=PLANE('',#15472);
#15474=ORIENTED_EDGE('',*,*,#15309,.T.);
#15475=ORIENTED_EDGE('',*,*,#15324,.T.);
#15476=ORIENTED_EDGE('',*,*,#15338,.T.);
#15477=ORIENTED_EDGE('',*,*,#15352,.T.);
#15478=ORIENTED_EDGE('',*,*,#15366,.T.);
#15479=ORIENTED_EDGE('',*,*,#15380,.T.);
#15480=ORIENTED_EDGE('',*,*,#15394,.T.);
#15481=ORIENTED_EDGE('',*,*,#15408,.T.);
#15482=ORIENTED_EDGE('',*,*,#15422,.T.);
#15483=ORIENTED_EDGE('',*,*,#15436,.T.);
#15484=ORIENTED_EDGE('',*,*,#15450,.T.);
#15485=ORIENTED_EDGE('',*,*,#15463,.T.);
#15486=EDGE_LOOP('',(#15474,#15475,#15476,#15477,#15478,#15479,#15480,#15481,
#15482,#15483,#15484,#15485));
#15487=FACE_OUTER_BOUND('',#15486,.F.);
#15489=CARTESIAN_POINT('',(3.99E1,1.157E1,5.6691285E1));
#15490=DIRECTION('',(0.E0,2.702955214810E-14,1.E0));
#15491=DIRECTION('',(1.E0,0.E0,0.E0));
#15492=AXIS2_PLACEMENT_3D('',#15489,#15490,#15491);
#15493=CYLINDRICAL_SURFACE('',#15492,3.E0);
#15494=ORIENTED_EDGE('',*,*,#10024,.F.);
#15495=ORIENTED_EDGE('',*,*,#10022,.F.);
#15497=ORIENTED_EDGE('',*,*,#15496,.F.);
#15499=ORIENTED_EDGE('',*,*,#15498,.F.);
#15501=ORIENTED_EDGE('',*,*,#15500,.F.);
#15503=ORIENTED_EDGE('',*,*,#15502,.T.);
#15504=EDGE_LOOP('',(#15494,#15495,#15497,#15499,#15501,#15503));
#15505=FACE_OUTER_BOUND('',#15504,.F.);
#15507=CARTESIAN_POINT('',(3.99E1,1.157E1,5.6691285E1));
#15508=DIRECTION('',(0.E0,2.702955214810E-14,1.E0));
#15509=DIRECTION('',(1.E0,0.E0,0.E0));
#15510=AXIS2_PLACEMENT_3D('',#15507,#15508,#15509);
#15511=CYLINDRICAL_SURFACE('',#15510,3.E0);
#15512=ORIENTED_EDGE('',*,*,#10028,.F.);
#15513=ORIENTED_EDGE('',*,*,#10026,.F.);
#15514=ORIENTED_EDGE('',*,*,#15502,.F.);
#15516=ORIENTED_EDGE('',*,*,#15515,.F.);
#15518=ORIENTED_EDGE('',*,*,#15517,.F.);
#15519=ORIENTED_EDGE('',*,*,#15496,.T.);
#15520=EDGE_LOOP('',(#15512,#15513,#15514,#15516,#15518,#15519));
#15521=FACE_OUTER_BOUND('',#15520,.F.);
#15523=CARTESIAN_POINT('',(0.E0,1.15E1,5.2691285E1));
#15524=DIRECTION('',(0.E0,2.702955214810E-14,1.E0));
#15525=DIRECTION('',(1.E0,0.E0,0.E0));
#15526=AXIS2_PLACEMENT_3D('',#15523,#15524,#15525);
#15527=PLANE('',#15526);
#15528=ORIENTED_EDGE('',*,*,#15500,.T.);
#15529=ORIENTED_EDGE('',*,*,#15498,.T.);
#15530=ORIENTED_EDGE('',*,*,#15517,.T.);
#15531=ORIENTED_EDGE('',*,*,#15515,.T.);
#15532=EDGE_LOOP('',(#15528,#15529,#15530,#15531));
#15533=FACE_OUTER_BOUND('',#15532,.F.);
#15535=ORIENTED_EDGE('',*,*,#15534,.F.);
#15537=ORIENTED_EDGE('',*,*,#15536,.F.);
#15539=ORIENTED_EDGE('',*,*,#15538,.F.);
#15541=ORIENTED_EDGE('',*,*,#15540,.F.);
#15543=ORIENTED_EDGE('',*,*,#15542,.F.);
#15545=ORIENTED_EDGE('',*,*,#15544,.F.);
#15547=ORIENTED_EDGE('',*,*,#15546,.F.);
#15549=ORIENTED_EDGE('',*,*,#15548,.F.);
#15551=ORIENTED_EDGE('',*,*,#15550,.F.);
#15553=ORIENTED_EDGE('',*,*,#15552,.F.);
#15555=ORIENTED_EDGE('',*,*,#15554,.F.);
#15557=ORIENTED_EDGE('',*,*,#15556,.F.);
#15558=EDGE_LOOP('',(#15535,#15537,#15539,#15541,#15543,#15545,#15547,#15549,
#15551,#15553,#15555,#15557));
#15559=FACE_BOUND('',#15558,.F.);
#15561=CARTESIAN_POINT('',(4.03E1,1.3845314E1,5.2691285E1));
#15562=DIRECTION('',(0.E0,1.E0,-2.702955214810E-14));
#15563=DIRECTION('',(-1.E0,0.E0,0.E0));
#15564=AXIS2_PLACEMENT_3D('',#15561,#15562,#15563);
#15565=PLANE('',#15564);
#15566=ORIENTED_EDGE('',*,*,#15534,.T.);
#15568=ORIENTED_EDGE('',*,*,#15567,.F.);
#15570=ORIENTED_EDGE('',*,*,#15569,.F.);
#15572=ORIENTED_EDGE('',*,*,#15571,.T.);
#15573=EDGE_LOOP('',(#15566,#15568,#15570,#15572));
#15574=FACE_OUTER_BOUND('',#15573,.F.);
#15576=CARTESIAN_POINT('',(4.03E1,1.197E1,5.2691285E1));
#15577=DIRECTION('',(1.E0,0.E0,0.E0));
#15578=DIRECTION('',(0.E0,1.E0,-2.702955214810E-14));
#15579=AXIS2_PLACEMENT_3D('',#15576,#15577,#15578);
#15580=PLANE('',#15579);
#15581=ORIENTED_EDGE('',*,*,#15556,.T.);
#15583=ORIENTED_EDGE('',*,*,#15582,.F.);
#15585=ORIENTED_EDGE('',*,*,#15584,.F.);
#15586=ORIENTED_EDGE('',*,*,#15567,.T.);
#15587=EDGE_LOOP('',(#15581,#15583,#15585,#15586));
#15588=FACE_OUTER_BOUND('',#15587,.F.);
#15590=CARTESIAN_POINT('',(4.1505E1,1.197E1,5.2691285E1));
#15591=DIRECTION('',(0.E0,1.E0,-2.702955214810E-14));
#15592=DIRECTION('',(-1.E0,0.E0,0.E0));
#15593=AXIS2_PLACEMENT_3D('',#15590,#15591,#15592);
#15594=PLANE('',#15593);
#15595=ORIENTED_EDGE('',*,*,#15554,.T.);
#15597=ORIENTED_EDGE('',*,*,#15596,.F.);
#15599=ORIENTED_EDGE('',*,*,#15598,.F.);
#15600=ORIENTED_EDGE('',*,*,#15582,.T.);
#15601=EDGE_LOOP('',(#15595,#15597,#15599,#15600));
#15602=FACE_OUTER_BOUND('',#15601,.F.);
#15604=CARTESIAN_POINT('',(4.1505E1,1.117E1,5.2691285E1));
#15605=DIRECTION('',(1.E0,0.E0,0.E0));
#15606=DIRECTION('',(0.E0,1.E0,-2.702955214810E-14));
#15607=AXIS2_PLACEMENT_3D('',#15604,#15605,#15606);
#15608=PLANE('',#15607);
#15609=ORIENTED_EDGE('',*,*,#15552,.T.);
#15611=ORIENTED_EDGE('',*,*,#15610,.F.);
#15613=ORIENTED_EDGE('',*,*,#15612,.F.);
#15614=ORIENTED_EDGE('',*,*,#15596,.T.);
#15615=EDGE_LOOP('',(#15609,#15611,#15613,#15614));
#15616=FACE_OUTER_BOUND('',#15615,.F.);
#15618=CARTESIAN_POINT('',(4.03E1,1.117E1,5.2691285E1));
#15619=DIRECTION('',(-1.679799683400E-12,-1.E0,2.702955214810E-14));
#15620=DIRECTION('',(1.E0,-1.679799683400E-12,0.E0));
#15621=AXIS2_PLACEMENT_3D('',#15618,#15619,#15620);
#15622=PLANE('',#15621);
#15623=ORIENTED_EDGE('',*,*,#15550,.T.);
#15625=ORIENTED_EDGE('',*,*,#15624,.F.);
#15627=ORIENTED_EDGE('',*,*,#15626,.F.);
#15628=ORIENTED_EDGE('',*,*,#15610,.T.);
#15629=EDGE_LOOP('',(#15623,#15625,#15627,#15628));
#15630=FACE_OUTER_BOUND('',#15629,.F.);
#15632=CARTESIAN_POINT('',(4.03E1,9.294686000002E0,5.2691285E1));
#15633=DIRECTION('',(1.E0,0.E0,0.E0));
#15634=DIRECTION('',(0.E0,1.E0,-2.702955214810E-14));
#15635=AXIS2_PLACEMENT_3D('',#15632,#15633,#15634);
#15636=PLANE('',#15635);
#15637=ORIENTED_EDGE('',*,*,#15548,.T.);
#15639=ORIENTED_EDGE('',*,*,#15638,.F.);
#15641=ORIENTED_EDGE('',*,*,#15640,.F.);
#15642=ORIENTED_EDGE('',*,*,#15624,.T.);
#15643=EDGE_LOOP('',(#15637,#15639,#15641,#15642));
#15644=FACE_OUTER_BOUND('',#15643,.F.);
#15646=CARTESIAN_POINT('',(3.95E1,9.294686000002E0,5.2691285E1));
#15647=DIRECTION('',(0.E0,-1.E0,2.702955214810E-14));
#15648=DIRECTION('',(1.E0,0.E0,0.E0));
#15649=AXIS2_PLACEMENT_3D('',#15646,#15647,#15648);
#15650=PLANE('',#15649);
#15651=ORIENTED_EDGE('',*,*,#15546,.T.);
#15653=ORIENTED_EDGE('',*,*,#15652,.F.);
#15655=ORIENTED_EDGE('',*,*,#15654,.F.);
#15656=ORIENTED_EDGE('',*,*,#15638,.T.);
#15657=EDGE_LOOP('',(#15651,#15653,#15655,#15656));
#15658=FACE_OUTER_BOUND('',#15657,.F.);
#15660=CARTESIAN_POINT('',(3.95E1,1.117E1,5.2691285E1));
#15661=DIRECTION('',(-1.E0,0.E0,0.E0));
#15662=DIRECTION('',(0.E0,-1.E0,2.702955214810E-14));
#15663=AXIS2_PLACEMENT_3D('',#15660,#15661,#15662);
#15664=PLANE('',#15663);
#15665=ORIENTED_EDGE('',*,*,#15544,.T.);
#15667=ORIENTED_EDGE('',*,*,#15666,.F.);
#15669=ORIENTED_EDGE('',*,*,#15668,.F.);
#15670=ORIENTED_EDGE('',*,*,#15652,.T.);
#15671=EDGE_LOOP('',(#15665,#15667,#15669,#15670));
#15672=FACE_OUTER_BOUND('',#15671,.F.);
#15674=CARTESIAN_POINT('',(3.8295E1,1.117E1,5.2691285E1));
#15675=DIRECTION('',(1.679799683400E-12,-1.E0,2.702955214810E-14));
#15676=DIRECTION('',(1.E0,1.679799683400E-12,0.E0));
#15677=AXIS2_PLACEMENT_3D('',#15674,#15675,#15676);
#15678=PLANE('',#15677);
#15679=ORIENTED_EDGE('',*,*,#15542,.T.);
#15681=ORIENTED_EDGE('',*,*,#15680,.F.);
#15683=ORIENTED_EDGE('',*,*,#15682,.F.);
#15684=ORIENTED_EDGE('',*,*,#15666,.T.);
#15685=EDGE_LOOP('',(#15679,#15681,#15683,#15684));
#15686=FACE_OUTER_BOUND('',#15685,.F.);
#15688=CARTESIAN_POINT('',(3.8295E1,1.197E1,5.2691285E1));
#15689=DIRECTION('',(-1.E0,0.E0,0.E0));
#15690=DIRECTION('',(0.E0,-1.E0,2.702955214810E-14));
#15691=AXIS2_PLACEMENT_3D('',#15688,#15689,#15690);
#15692=PLANE('',#15691);
#15693=ORIENTED_EDGE('',*,*,#15540,.T.);
#15695=ORIENTED_EDGE('',*,*,#15694,.F.);
#15697=ORIENTED_EDGE('',*,*,#15696,.F.);
#15698=ORIENTED_EDGE('',*,*,#15680,.T.);
#15699=EDGE_LOOP('',(#15693,#15695,#15697,#15698));
#15700=FACE_OUTER_BOUND('',#15699,.F.);
#15702=CARTESIAN_POINT('',(3.95E1,1.197E1,5.2691285E1));
#15703=DIRECTION('',(0.E0,1.E0,-2.702955214810E-14));
#15704=DIRECTION('',(-1.E0,0.E0,0.E0));
#15705=AXIS2_PLACEMENT_3D('',#15702,#15703,#15704);
#15706=PLANE('',#15705);
#15707=ORIENTED_EDGE('',*,*,#15538,.T.);
#15709=ORIENTED_EDGE('',*,*,#15708,.F.);
#15711=ORIENTED_EDGE('',*,*,#15710,.F.);
#15712=ORIENTED_EDGE('',*,*,#15694,.T.);
#15713=EDGE_LOOP('',(#15707,#15709,#15711,#15712));
#15714=FACE_OUTER_BOUND('',#15713,.F.);
#15716=CARTESIAN_POINT('',(3.95E1,1.3845314E1,5.2691285E1));
#15717=DIRECTION('',(-1.E0,0.E0,0.E0));
#15718=DIRECTION('',(0.E0,-1.E0,2.702955214810E-14));
#15719=AXIS2_PLACEMENT_3D('',#15716,#15717,#15718);
#15720=PLANE('',#15719);
#15721=ORIENTED_EDGE('',*,*,#15536,.T.);
#15722=ORIENTED_EDGE('',*,*,#15571,.F.);
#15724=ORIENTED_EDGE('',*,*,#15723,.F.);
#15725=ORIENTED_EDGE('',*,*,#15708,.T.);
#15726=EDGE_LOOP('',(#15721,#15722,#15724,#15725));
#15727=FACE_OUTER_BOUND('',#15726,.F.);
#15729=CARTESIAN_POINT('',(0.E0,1.15E1,5.1191285E1));
#15730=DIRECTION('',(0.E0,2.702955214810E-14,1.E0));
#15731=DIRECTION('',(1.E0,0.E0,0.E0));
#15732=AXIS2_PLACEMENT_3D('',#15729,#15730,#15731);
#15733=PLANE('',#15732);
#15734=ORIENTED_EDGE('',*,*,#15569,.T.);
#15735=ORIENTED_EDGE('',*,*,#15584,.T.);
#15736=ORIENTED_EDGE('',*,*,#15598,.T.);
#15737=ORIENTED_EDGE('',*,*,#15612,.T.);
#15738=ORIENTED_EDGE('',*,*,#15626,.T.);
#15739=ORIENTED_EDGE('',*,*,#15640,.T.);
#15740=ORIENTED_EDGE('',*,*,#15654,.T.);
#15741=ORIENTED_EDGE('',*,*,#15668,.T.);
#15742=ORIENTED_EDGE('',*,*,#15682,.T.);
#15743=ORIENTED_EDGE('',*,*,#15696,.T.);
#15744=ORIENTED_EDGE('',*,*,#15710,.T.);
#15745=ORIENTED_EDGE('',*,*,#15723,.T.);
#15746=EDGE_LOOP('',(#15734,#15735,#15736,#15737,#15738,#15739,#15740,#15741,
#15742,#15743,#15744,#15745));
#15747=FACE_OUTER_BOUND('',#15746,.F.);
#15749=CARTESIAN_POINT('',(2.475E1,3.20409E1,5.6691285E1));
#15750=DIRECTION('',(-1.E0,0.E0,0.E0));
#15751=DIRECTION('',(0.E0,-1.E0,2.702955214810E-14));
#15752=AXIS2_PLACEMENT_3D('',#15749,#15750,#15751);
#15753=PLANE('',#15752);
#15755=ORIENTED_EDGE('',*,*,#15754,.T.);
#15757=ORIENTED_EDGE('',*,*,#15756,.F.);
#15759=ORIENTED_EDGE('',*,*,#15758,.T.);
#15760=ORIENTED_EDGE('',*,*,#10032,.T.);
#15761=EDGE_LOOP('',(#15755,#15757,#15759,#15760));
#15762=FACE_OUTER_BOUND('',#15761,.F.);
#15764=CARTESIAN_POINT('',(3.484E1,3.20409E1,5.6691285E1));
#15765=DIRECTION('',(0.E0,1.E0,-2.702955214810E-14));
#15766=DIRECTION('',(-1.E0,0.E0,0.E0));
#15767=AXIS2_PLACEMENT_3D('',#15764,#15765,#15766);
#15768=PLANE('',#15767);
#15770=ORIENTED_EDGE('',*,*,#15769,.T.);
#15772=ORIENTED_EDGE('',*,*,#15771,.F.);
#15774=ORIENTED_EDGE('',*,*,#15773,.F.);
#15776=ORIENTED_EDGE('',*,*,#15775,.F.);
#15778=ORIENTED_EDGE('',*,*,#15777,.T.);
#15780=ORIENTED_EDGE('',*,*,#15779,.F.);
#15781=ORIENTED_EDGE('',*,*,#15754,.F.);
#15782=ORIENTED_EDGE('',*,*,#10038,.F.);
#15783=EDGE_LOOP('',(#15770,#15772,#15774,#15776,#15778,#15780,#15781,#15782));
#15784=FACE_OUTER_BOUND('',#15783,.F.);
#15786=CARTESIAN_POINT('',(3.484E1,2.59614E1,5.6691285E1));
#15787=DIRECTION('',(1.E0,0.E0,0.E0));
#15788=DIRECTION('',(0.E0,1.E0,-2.702955214810E-14));
#15789=AXIS2_PLACEMENT_3D('',#15786,#15787,#15788);
#15790=PLANE('',#15789);
#15792=ORIENTED_EDGE('',*,*,#15791,.F.);
#15794=ORIENTED_EDGE('',*,*,#15793,.F.);
#15795=ORIENTED_EDGE('',*,*,#15769,.F.);
#15796=ORIENTED_EDGE('',*,*,#10036,.T.);
#15797=EDGE_LOOP('',(#15792,#15794,#15795,#15796));
#15798=FACE_OUTER_BOUND('',#15797,.F.);
#15800=CARTESIAN_POINT('',(2.475E1,2.59614E1,5.6691285E1));
#15801=DIRECTION('',(0.E0,-1.E0,2.702955214810E-14));
#15802=DIRECTION('',(1.E0,0.E0,0.E0));
#15803=AXIS2_PLACEMENT_3D('',#15800,#15801,#15802);
#15804=PLANE('',#15803);
#15806=ORIENTED_EDGE('',*,*,#15805,.T.);
#15808=ORIENTED_EDGE('',*,*,#15807,.F.);
#15809=ORIENTED_EDGE('',*,*,#15791,.T.);
#15810=ORIENTED_EDGE('',*,*,#10034,.F.);
#15811=ORIENTED_EDGE('',*,*,#15758,.F.);
#15813=ORIENTED_EDGE('',*,*,#15812,.F.);
#15815=ORIENTED_EDGE('',*,*,#15814,.F.);
#15817=ORIENTED_EDGE('',*,*,#15816,.F.);
#15818=EDGE_LOOP('',(#15806,#15808,#15809,#15810,#15811,#15813,#15815,#15817));
#15819=FACE_OUTER_BOUND('',#15818,.F.);
#15821=CARTESIAN_POINT('',(3.323E1,2.596E1,5.6691285E1));
#15822=DIRECTION('',(1.E0,0.E0,0.E0));
#15823=DIRECTION('',(0.E0,1.E0,-2.702955214810E-14));
#15824=AXIS2_PLACEMENT_3D('',#15821,#15822,#15823);
#15825=PLANE('',#15824);
#15827=ORIENTED_EDGE('',*,*,#15826,.T.);
#15828=ORIENTED_EDGE('',*,*,#15805,.F.);
#15830=ORIENTED_EDGE('',*,*,#15829,.F.);
#15831=ORIENTED_EDGE('',*,*,#15773,.T.);
#15832=EDGE_LOOP('',(#15827,#15828,#15830,#15831));
#15833=FACE_OUTER_BOUND('',#15832,.F.);
#15835=CARTESIAN_POINT('',(0.E0,1.15E1,5.2591285E1));
#15836=DIRECTION('',(0.E0,2.702955214810E-14,1.E0));
#15837=DIRECTION('',(1.E0,0.E0,0.E0));
#15838=AXIS2_PLACEMENT_3D('',#15835,#15836,#15837);
#15839=PLANE('',#15838);
#15840=ORIENTED_EDGE('',*,*,#15826,.F.);
#15841=ORIENTED_EDGE('',*,*,#15771,.T.);
#15842=ORIENTED_EDGE('',*,*,#15793,.T.);
#15843=ORIENTED_EDGE('',*,*,#15807,.T.);
#15844=EDGE_LOOP('',(#15840,#15841,#15842,#15843));
#15845=FACE_OUTER_BOUND('',#15844,.F.);
#15847=CARTESIAN_POINT('',(0.E0,1.15E1,4.7691285E1));
#15848=DIRECTION('',(0.E0,2.702955214810E-14,1.E0));
#15849=DIRECTION('',(1.E0,0.E0,0.E0));
#15850=AXIS2_PLACEMENT_3D('',#15847,#15848,#15849);
#15851=PLANE('',#15850);
#15852=ORIENTED_EDGE('',*,*,#15816,.T.);
#15854=ORIENTED_EDGE('',*,*,#15853,.T.);
#15855=ORIENTED_EDGE('',*,*,#15775,.T.);
#15856=ORIENTED_EDGE('',*,*,#15829,.T.);
#15857=EDGE_LOOP('',(#15852,#15854,#15855,#15856));
#15858=FACE_OUTER_BOUND('',#15857,.F.);
#15860=ORIENTED_EDGE('',*,*,#15859,.T.);
#15862=ORIENTED_EDGE('',*,*,#15861,.T.);
#15864=ORIENTED_EDGE('',*,*,#15863,.T.);
#15866=ORIENTED_EDGE('',*,*,#15865,.T.);
#15868=ORIENTED_EDGE('',*,*,#15867,.T.);
#15870=ORIENTED_EDGE('',*,*,#15869,.T.);
#15872=ORIENTED_EDGE('',*,*,#15871,.T.);
#15874=ORIENTED_EDGE('',*,*,#15873,.T.);
#15875=EDGE_LOOP('',(#15860,#15862,#15864,#15866,#15868,#15870,#15872,#15874));
#15876=FACE_BOUND('',#15875,.F.);
#15878=CARTESIAN_POINT('',(2.633E1,3.204E1,5.6691285E1));
#15879=DIRECTION('',(-1.E0,0.E0,0.E0));
#15880=DIRECTION('',(0.E0,-1.E0,2.702955214810E-14));
#15881=AXIS2_PLACEMENT_3D('',#15878,#15879,#15880);
#15882=PLANE('',#15881);
#15884=ORIENTED_EDGE('',*,*,#15883,.T.);
#15885=ORIENTED_EDGE('',*,*,#15777,.F.);
#15886=ORIENTED_EDGE('',*,*,#15853,.F.);
#15887=ORIENTED_EDGE('',*,*,#15814,.T.);
#15888=EDGE_LOOP('',(#15884,#15885,#15886,#15887));
#15889=FACE_OUTER_BOUND('',#15888,.F.);
#15891=CARTESIAN_POINT('',(0.E0,1.15E1,5.2591285E1));
#15892=DIRECTION('',(0.E0,2.702955214810E-14,1.E0));
#15893=DIRECTION('',(1.E0,0.E0,0.E0));
#15894=AXIS2_PLACEMENT_3D('',#15891,#15892,#15893);
#15895=PLANE('',#15894);
#15896=ORIENTED_EDGE('',*,*,#15883,.F.);
#15897=ORIENTED_EDGE('',*,*,#15812,.T.);
#15898=ORIENTED_EDGE('',*,*,#15756,.T.);
#15899=ORIENTED_EDGE('',*,*,#15779,.T.);
#15900=EDGE_LOOP('',(#15896,#15897,#15898,#15899));
#15901=FACE_OUTER_BOUND('',#15900,.F.);
#15903=CARTESIAN_POINT('',(3.018002487577E1,3.150999999875E1,5.6691285E1));
#15904=DIRECTION('',(-4.975123755806E-3,-9.999876239952E-1,2.702921763023E-14));
#15905=DIRECTION('',(9.999876239952E-1,-4.975123755806E-3,0.E0));
#15906=AXIS2_PLACEMENT_3D('',#15903,#15904,#15905);
#15907=PLANE('',#15906);
#15909=ORIENTED_EDGE('',*,*,#15908,.T.);
#15911=ORIENTED_EDGE('',*,*,#15910,.F.);
#15912=ORIENTED_EDGE('',*,*,#15859,.F.);
#15914=ORIENTED_EDGE('',*,*,#15913,.T.);
#15915=EDGE_LOOP('',(#15909,#15911,#15912,#15914));
#15916=FACE_OUTER_BOUND('',#15915,.F.);
#15918=CARTESIAN_POINT('',(0.E0,1.15E1,5.6491285E1));
#15919=DIRECTION('',(0.E0,2.702955214810E-14,1.E0));
#15920=DIRECTION('',(1.E0,0.E0,0.E0));
#15921=AXIS2_PLACEMENT_3D('',#15918,#15919,#15920);
#15922=PLANE('',#15921);
#15923=ORIENTED_EDGE('',*,*,#15908,.F.);
#15925=ORIENTED_EDGE('',*,*,#15924,.F.);
#15927=ORIENTED_EDGE('',*,*,#15926,.F.);
#15929=ORIENTED_EDGE('',*,*,#15928,.F.);
#15931=ORIENTED_EDGE('',*,*,#15930,.F.);
#15933=ORIENTED_EDGE('',*,*,#15932,.F.);
#15935=ORIENTED_EDGE('',*,*,#15934,.T.);
#15937=ORIENTED_EDGE('',*,*,#15936,.F.);
#15938=EDGE_LOOP('',(#15923,#15925,#15927,#15929,#15931,#15933,#15935,#15937));
#15939=FACE_OUTER_BOUND('',#15938,.F.);
#15941=CARTESIAN_POINT('',(3.219E1,3.15E1,5.6691285E1));
#15942=DIRECTION('',(-1.E0,-1.247517780342E-13,0.E0));
#15943=DIRECTION('',(1.247517780342E-13,-1.E0,2.702955214810E-14));
#15944=AXIS2_PLACEMENT_3D('',#15941,#15942,#15943);
#15945=PLANE('',#15944);
#15946=ORIENTED_EDGE('',*,*,#15924,.T.);
#15947=ORIENTED_EDGE('',*,*,#15913,.F.);
#15948=ORIENTED_EDGE('',*,*,#15873,.F.);
#15950=ORIENTED_EDGE('',*,*,#15949,.T.);
#15951=EDGE_LOOP('',(#15946,#15947,#15948,#15950));
#15952=FACE_OUTER_BOUND('',#15951,.F.);
#15954=CARTESIAN_POINT('',(3.219E1,3.019E1,5.6691285E1));
#15955=DIRECTION('',(4.943334801104E-3,9.999877816459E-1,-2.702922189146E-14));
#15956=DIRECTION('',(-9.999877816459E-1,4.943334801104E-3,0.E0));
#15957=AXIS2_PLACEMENT_3D('',#15954,#15955,#15956);
#15958=PLANE('',#15957);
#15959=ORIENTED_EDGE('',*,*,#15926,.T.);
#15960=ORIENTED_EDGE('',*,*,#15949,.F.);
#15961=ORIENTED_EDGE('',*,*,#15871,.F.);
#15963=ORIENTED_EDGE('',*,*,#15962,.T.);
#15964=EDGE_LOOP('',(#15959,#15960,#15961,#15963));
#15965=FACE_OUTER_BOUND('',#15964,.F.);
#15967=CARTESIAN_POINT('',(3.168000623136E1,3.019252110075E1,5.6691285E1));
#15968=DIRECTION('',(-9.999999999986E-1,1.676912099550E-6,0.E0));
#15969=DIRECTION('',(-1.676912099550E-6,-9.999999999986E-1,2.702955214806E-14));
#15970=AXIS2_PLACEMENT_3D('',#15967,#15968,#15969);
#15971=PLANE('',#15970);
#15972=ORIENTED_EDGE('',*,*,#15928,.T.);
#15973=ORIENTED_EDGE('',*,*,#15962,.F.);
#15974=ORIENTED_EDGE('',*,*,#15869,.F.);
#15976=ORIENTED_EDGE('',*,*,#15975,.T.);
#15977=EDGE_LOOP('',(#15972,#15973,#15974,#15976));
#15978=FACE_OUTER_BOUND('',#15977,.F.);
#15980=CARTESIAN_POINT('',(3.168000220677E1,2.779252110075E1,5.6691285E1));
#15981=DIRECTION('',(-1.171275912975E-2,-9.999314032840E-1,2.702769800959E-14));
#15982=DIRECTION('',(9.999314032840E-1,-1.171275912975E-2,0.E0));
#15983=AXIS2_PLACEMENT_3D('',#15980,#15981,#15982);
#15984=PLANE('',#15983);
#15985=ORIENTED_EDGE('',*,*,#15930,.T.);
#15986=ORIENTED_EDGE('',*,*,#15975,.F.);
#15987=ORIENTED_EDGE('',*,*,#15867,.F.);
#15989=ORIENTED_EDGE('',*,*,#15988,.T.);
#15990=EDGE_LOOP('',(#15985,#15986,#15987,#15989));
#15991=FACE_OUTER_BOUND('',#15990,.F.);
#15993=CARTESIAN_POINT('',(3.218996722245E1,2.778654759360E1,5.6691285E1));
#15994=DIRECTION('',(-9.999999996870E-1,-2.502103357482E-5,0.E0));
#15995=DIRECTION('',(2.502103357482E-5,-9.999999996870E-1,2.702955213964E-14));
#15996=AXIS2_PLACEMENT_3D('',#15993,#15994,#15995);
#15997=PLANE('',#15996);
#15998=ORIENTED_EDGE('',*,*,#15932,.T.);
#15999=ORIENTED_EDGE('',*,*,#15988,.F.);
#16000=ORIENTED_EDGE('',*,*,#15865,.F.);
#16002=ORIENTED_EDGE('',*,*,#16001,.T.);
#16003=EDGE_LOOP('',(#15998,#15999,#16000,#16002));
#16004=FACE_OUTER_BOUND('',#16003,.F.);
#16006=CARTESIAN_POINT('',(3.219E1,2.647654759401E1,5.6691285E1));
#16007=DIRECTION('',(1.166786367864E-2,9.999319281617E-1,-2.702771219680E-14));
#16008=DIRECTION('',(-9.999319281617E-1,1.166786367864E-2,0.E0));
#16009=AXIS2_PLACEMENT_3D('',#16006,#16007,#16008);
#16010=PLANE('',#16009);
#16011=ORIENTED_EDGE('',*,*,#15934,.F.);
#16012=ORIENTED_EDGE('',*,*,#16001,.F.);
#16013=ORIENTED_EDGE('',*,*,#15863,.F.);
#16015=ORIENTED_EDGE('',*,*,#16014,.T.);
#16016=EDGE_LOOP('',(#16011,#16012,#16013,#16015));
#16017=FACE_OUTER_BOUND('',#16016,.F.);
#16019=CARTESIAN_POINT('',(3.018013682439E1,2.65E1,5.6691285E1));
#16020=DIRECTION('',(9.999999997503E-1,2.234503512184E-5,0.E0));
#16021=DIRECTION('',(-2.234503512184E-5,9.999999997503E-1,-2.702955214135E-14));
#16022=AXIS2_PLACEMENT_3D('',#16019,#16020,#16021);
#16023=PLANE('',#16022);
#16024=ORIENTED_EDGE('',*,*,#15936,.T.);
#16025=ORIENTED_EDGE('',*,*,#16014,.F.);
#16026=ORIENTED_EDGE('',*,*,#15861,.F.);
#16027=ORIENTED_EDGE('',*,*,#15910,.T.);
#16028=EDGE_LOOP('',(#16024,#16025,#16026,#16027));
#16029=FACE_OUTER_BOUND('',#16028,.F.);
#16031=CARTESIAN_POINT('',(0.E0,4.5490763E1,1.869653000001E0));
#16032=DIRECTION('',(0.E0,-1.E0,-1.382976518076E-14));
#16033=DIRECTION('',(0.E0,1.382976518076E-14,-1.E0));
#16034=AXIS2_PLACEMENT_3D('',#16031,#16032,#16033);
#16035=PLANE('',#16034);
#16037=ORIENTED_EDGE('',*,*,#16036,.F.);
#16038=ORIENTED_EDGE('',*,*,#8756,.F.);
#16039=ORIENTED_EDGE('',*,*,#8195,.T.);
#16041=ORIENTED_EDGE('',*,*,#16040,.T.);
#16042=EDGE_LOOP('',(#16037,#16038,#16039,#16041));
#16043=FACE_OUTER_BOUND('',#16042,.F.);
#16045=CARTESIAN_POINT('',(0.E0,4.767788199935E1,2.240172999890E0));
#16046=DIRECTION('',(0.E0,-1.670301686627E-1,9.859517852088E-1));
#16047=DIRECTION('',(0.E0,-9.859517852088E-1,-1.670301686627E-1));
#16048=AXIS2_PLACEMENT_3D('',#16045,#16046,#16047);
#16049=PLANE('',#16048);
#16050=ORIENTED_EDGE('',*,*,#8739,.F.);
#16051=ORIENTED_EDGE('',*,*,#8758,.F.);
#16052=ORIENTED_EDGE('',*,*,#16036,.T.);
#16054=ORIENTED_EDGE('',*,*,#16053,.T.);
#16055=EDGE_LOOP('',(#16050,#16051,#16052,#16054));
#16056=FACE_OUTER_BOUND('',#16055,.F.);
#16058=CARTESIAN_POINT('',(4.101266297639E1,4.799397612681E1,
6.634692795160E-13));
#16059=DIRECTION('',(9.980511860876E-1,-6.240056048810E-2,0.E0));
#16060=DIRECTION('',(-6.240056048810E-2,-9.980511860876E-1,
-1.380281354197E-14));
#16061=AXIS2_PLACEMENT_3D('',#16058,#16059,#16060);
#16062=PLANE('',#16061);
#16063=ORIENTED_EDGE('',*,*,#8741,.T.);
#16064=ORIENTED_EDGE('',*,*,#16053,.F.);
#16065=ORIENTED_EDGE('',*,*,#16040,.F.);
#16066=ORIENTED_EDGE('',*,*,#8193,.F.);
#16068=ORIENTED_EDGE('',*,*,#16067,.F.);
#16069=EDGE_LOOP('',(#16063,#16064,#16065,#16066,#16068));
#16070=FACE_OUTER_BOUND('',#16069,.F.);
#16072=CARTESIAN_POINT('',(3.851266301447E1,4.799441250418E1,
6.639133687258E-13));
#16073=DIRECTION('',(1.745509465707E-4,9.999999847660E-1,1.382976497008E-14));
#16074=DIRECTION('',(9.999999847660E-1,-1.745509465707E-4,0.E0));
#16075=AXIS2_PLACEMENT_3D('',#16072,#16073,#16074);
#16076=PLANE('',#16075);
#16077=ORIENTED_EDGE('',*,*,#8743,.F.);
#16078=ORIENTED_EDGE('',*,*,#16067,.T.);
#16079=ORIENTED_EDGE('',*,*,#8191,.T.);
#16080=ORIENTED_EDGE('',*,*,#8722,.F.);
#16081=EDGE_LOOP('',(#16077,#16078,#16079,#16080));
#16082=FACE_OUTER_BOUND('',#16081,.F.);
#16084=CARTESIAN_POINT('',(9.5E0,5.7E1,7.882583474839E-13));
#16085=DIRECTION('',(0.E0,1.E0,1.382976518076E-14));
#16086=DIRECTION('',(1.E0,0.E0,0.E0));
#16087=AXIS2_PLACEMENT_3D('',#16084,#16085,#16086);
#16088=PLANE('',#16087);
#16089=ORIENTED_EDGE('',*,*,#8175,.T.);
#16090=ORIENTED_EDGE('',*,*,#8607,.F.);
#16092=ORIENTED_EDGE('',*,*,#16091,.F.);
#16093=ORIENTED_EDGE('',*,*,#8637,.T.);
#16094=EDGE_LOOP('',(#16089,#16090,#16092,#16093));
#16095=FACE_OUTER_BOUND('',#16094,.F.);
#16097=CARTESIAN_POINT('',(2.25E1,1.15E1,6.E0));
#16098=DIRECTION('',(0.E0,1.382976518076E-14,-1.E0));
#16099=DIRECTION('',(-1.E0,0.E0,0.E0));
#16100=AXIS2_PLACEMENT_3D('',#16097,#16098,#16099);
#16101=PLANE('',#16100);
#16102=ORIENTED_EDGE('',*,*,#16091,.T.);
#16103=ORIENTED_EDGE('',*,*,#8605,.T.);
#16104=ORIENTED_EDGE('',*,*,#8622,.T.);
#16105=ORIENTED_EDGE('',*,*,#8639,.T.);
#16106=EDGE_LOOP('',(#16102,#16103,#16104,#16105));
#16107=FACE_OUTER_BOUND('',#16106,.F.);
#16109=ORIENTED_EDGE('',*,*,#16108,.T.);
#16111=ORIENTED_EDGE('',*,*,#16110,.T.);
#16113=ORIENTED_EDGE('',*,*,#16112,.T.);
#16115=ORIENTED_EDGE('',*,*,#16114,.T.);
#16116=EDGE_LOOP('',(#16109,#16111,#16113,#16115));
#16117=FACE_BOUND('',#16116,.F.);
#16119=CARTESIAN_POINT('',(1.385E1,5.4E1,7.469580509678E-13));
#16120=DIRECTION('',(0.E0,1.382976518076E-14,-1.E0));
#16121=DIRECTION('',(-1.E0,0.E0,0.E0));
#16122=AXIS2_PLACEMENT_3D('',#16119,#16120,#16121);
#16123=CYLINDRICAL_SURFACE('',#16122,1.5E0);
#16124=ORIENTED_EDGE('',*,*,#16110,.F.);
#16125=ORIENTED_EDGE('',*,*,#16108,.F.);
#16127=ORIENTED_EDGE('',*,*,#16126,.T.);
#16128=ORIENTED_EDGE('',*,*,#8291,.F.);
#16129=ORIENTED_EDGE('',*,*,#8289,.F.);
#16131=ORIENTED_EDGE('',*,*,#16130,.F.);
#16132=EDGE_LOOP('',(#16124,#16125,#16127,#16128,#16129,#16131));
#16133=FACE_OUTER_BOUND('',#16132,.F.);
#16135=CARTESIAN_POINT('',(1.385E1,5.4E1,7.469580509678E-13));
#16136=DIRECTION('',(0.E0,1.382976518076E-14,-1.E0));
#16137=DIRECTION('',(-1.E0,0.E0,0.E0));
#16138=AXIS2_PLACEMENT_3D('',#16135,#16136,#16137);
#16139=CYLINDRICAL_SURFACE('',#16138,1.5E0);
#16140=ORIENTED_EDGE('',*,*,#16114,.F.);
#16141=ORIENTED_EDGE('',*,*,#16112,.F.);
#16142=ORIENTED_EDGE('',*,*,#16130,.T.);
#16143=ORIENTED_EDGE('',*,*,#8295,.F.);
#16144=ORIENTED_EDGE('',*,*,#8293,.F.);
#16145=ORIENTED_EDGE('',*,*,#16126,.F.);
#16146=EDGE_LOOP('',(#16140,#16141,#16142,#16143,#16144,#16145));
#16147=FACE_OUTER_BOUND('',#16146,.F.);
#16149=CARTESIAN_POINT('',(3.998425713082E0,4.800002132960E1,
6.639133687258E-13));
#16150=DIRECTION('',(8.283963526878E-6,9.999999999657E-1,1.382976518029E-14));
#16151=DIRECTION('',(9.999999999657E-1,-8.283963526878E-6,0.E0));
#16152=AXIS2_PLACEMENT_3D('',#16149,#16150,#16151);
#16153=PLANE('',#16152);
#16155=ORIENTED_EDGE('',*,*,#16154,.F.);
#16156=ORIENTED_EDGE('',*,*,#8577,.T.);
#16157=ORIENTED_EDGE('',*,*,#8167,.T.);
#16159=ORIENTED_EDGE('',*,*,#16158,.F.);
#16160=EDGE_LOOP('',(#16155,#16156,#16157,#16159));
#16161=FACE_OUTER_BOUND('',#16160,.F.);
#16163=CARTESIAN_POINT('',(0.E0,4.745380052982E1,3.270065272045E0));
#16164=DIRECTION('',(1.E0,0.E0,0.E0));
#16165=DIRECTION('',(0.E0,1.382976518076E-14,-1.E0));
#16166=AXIS2_PLACEMENT_3D('',#16163,#16164,#16165);
#16167=CYLINDRICAL_SURFACE('',#16166,1.053987949281E0);
#16168=ORIENTED_EDGE('',*,*,#16154,.T.);
#16170=ORIENTED_EDGE('',*,*,#16169,.T.);
#16172=ORIENTED_EDGE('',*,*,#16171,.T.);
#16173=ORIENTED_EDGE('',*,*,#8036,.F.);
#16174=ORIENTED_EDGE('',*,*,#8550,.F.);
#16175=ORIENTED_EDGE('',*,*,#8579,.T.);
#16176=EDGE_LOOP('',(#16168,#16170,#16172,#16173,#16174,#16175));
#16177=FACE_OUTER_BOUND('',#16176,.F.);
#16179=CARTESIAN_POINT('',(6.500000000022E0,8.008310810811E0,
1.105782132527E-13));
#16180=DIRECTION('',(-9.980493261845E-1,-6.243030115723E-2,0.E0));
#16181=DIRECTION('',(-6.243030115723E-2,9.980493261845E-1,1.380278781995E-14));
#16182=AXIS2_PLACEMENT_3D('',#16179,#16180,#16181);
#16183=PLANE('',#16182);
#16184=ORIENTED_EDGE('',*,*,#16169,.F.);
#16185=ORIENTED_EDGE('',*,*,#16158,.T.);
#16186=ORIENTED_EDGE('',*,*,#8165,.F.);
#16188=ORIENTED_EDGE('',*,*,#16187,.T.);
#16190=ORIENTED_EDGE('',*,*,#16189,.T.);
#16191=EDGE_LOOP('',(#16184,#16185,#16186,#16188,#16190));
#16192=FACE_OUTER_BOUND('',#16191,.F.);
#16194=CARTESIAN_POINT('',(0.E0,4.5490763E1,1.869653000001E0));
#16195=DIRECTION('',(0.E0,-1.E0,-1.382976518076E-14));
#16196=DIRECTION('',(0.E0,1.382976518076E-14,-1.E0));
#16197=AXIS2_PLACEMENT_3D('',#16194,#16195,#16196);
#16198=PLANE('',#16197);
#16200=ORIENTED_EDGE('',*,*,#16199,.F.);
#16201=ORIENTED_EDGE('',*,*,#16187,.F.);
#16202=ORIENTED_EDGE('',*,*,#8163,.T.);
#16203=ORIENTED_EDGE('',*,*,#8040,.T.);
#16204=EDGE_LOOP('',(#16200,#16201,#16202,#16203));
#16205=FACE_OUTER_BOUND('',#16204,.F.);
#16207=CARTESIAN_POINT('',(0.E0,4.767788199935E1,2.240172999890E0));
#16208=DIRECTION('',(0.E0,-1.670301686627E-1,9.859517852088E-1));
#16209=DIRECTION('',(0.E0,-9.859517852088E-1,-1.670301686627E-1));
#16210=AXIS2_PLACEMENT_3D('',#16207,#16208,#16209);
#16211=PLANE('',#16210);
#16212=ORIENTED_EDGE('',*,*,#16171,.F.);
#16213=ORIENTED_EDGE('',*,*,#16189,.F.);
#16214=ORIENTED_EDGE('',*,*,#16199,.T.);
#16215=ORIENTED_EDGE('',*,*,#8038,.F.);
#16216=EDGE_LOOP('',(#16212,#16213,#16214,#16215));
#16217=FACE_OUTER_BOUND('',#16216,.F.);
#16219=CARTESIAN_POINT('',(3.116617758801E1,5.4E1,7.469580509678E-13));
#16220=DIRECTION('',(0.E0,1.382976518076E-14,-1.E0));
#16221=DIRECTION('',(-1.E0,0.E0,0.E0));
#16222=AXIS2_PLACEMENT_3D('',#16219,#16220,#16221);
#16223=CYLINDRICAL_SURFACE('',#16222,1.5E0);
#16224=ORIENTED_EDGE('',*,*,#8491,.F.);
#16225=ORIENTED_EDGE('',*,*,#8489,.F.);
#16226=ORIENTED_EDGE('',*,*,#8467,.T.);
#16227=ORIENTED_EDGE('',*,*,#8277,.F.);
#16228=ORIENTED_EDGE('',*,*,#8275,.F.);
#16229=ORIENTED_EDGE('',*,*,#8463,.F.);
#16230=EDGE_LOOP('',(#16224,#16225,#16226,#16227,#16228,#16229));
#16231=FACE_OUTER_BOUND('',#16230,.F.);
#16233=CARTESIAN_POINT('',(2.25E1,5.4E1,7.469580509678E-13));
#16234=DIRECTION('',(0.E0,1.382976518076E-14,-1.E0));
#16235=DIRECTION('',(-1.E0,0.E0,0.E0));
#16236=AXIS2_PLACEMENT_3D('',#16233,#16234,#16235);
#16237=CYLINDRICAL_SURFACE('',#16236,1.5E0);
#16238=ORIENTED_EDGE('',*,*,#8285,.F.);
#16239=ORIENTED_EDGE('',*,*,#8283,.F.);
#16240=ORIENTED_EDGE('',*,*,#8247,.F.);
#16241=ORIENTED_EDGE('',*,*,#8229,.F.);
#16242=ORIENTED_EDGE('',*,*,#8227,.F.);
#16243=ORIENTED_EDGE('',*,*,#8243,.T.);
#16244=EDGE_LOOP('',(#16238,#16239,#16240,#16241,#16242,#16243));
#16245=FACE_OUTER_BOUND('',#16244,.F.);
#16247=CARTESIAN_POINT('',(5.075148992836E0,5.4E1,7.469580509678E-13));
#16248=DIRECTION('',(0.E0,1.382976518076E-14,-1.E0));
#16249=DIRECTION('',(-1.E0,0.E0,0.E0));
#16250=AXIS2_PLACEMENT_3D('',#16247,#16248,#16249);
#16251=CYLINDRICAL_SURFACE('',#16250,2.08E0);
#16253=ORIENTED_EDGE('',*,*,#16252,.F.);
#16255=ORIENTED_EDGE('',*,*,#16254,.F.);
#16257=ORIENTED_EDGE('',*,*,#16256,.T.);
#16258=ORIENTED_EDGE('',*,*,#8301,.F.);
#16259=ORIENTED_EDGE('',*,*,#8299,.F.);
#16261=ORIENTED_EDGE('',*,*,#16260,.T.);
#16262=EDGE_LOOP('',(#16253,#16255,#16257,#16258,#16259,#16261));
#16263=FACE_OUTER_BOUND('',#16262,.F.);
#16265=CARTESIAN_POINT('',(2.25E1,1.15E1,3.6E0));
#16266=DIRECTION('',(0.E0,1.382976518076E-14,-1.E0));
#16267=DIRECTION('',(-1.E0,0.E0,0.E0));
#16268=AXIS2_PLACEMENT_3D('',#16265,#16266,#16267);
#16269=PLANE('',#16268);
#16271=ORIENTED_EDGE('',*,*,#16270,.T.);
#16273=ORIENTED_EDGE('',*,*,#16272,.T.);
#16275=ORIENTED_EDGE('',*,*,#16274,.T.);
#16277=ORIENTED_EDGE('',*,*,#16276,.T.);
#16278=EDGE_LOOP('',(#16271,#16273,#16275,#16277));
#16279=FACE_OUTER_BOUND('',#16278,.F.);
#16280=ORIENTED_EDGE('',*,*,#16254,.T.);
#16281=ORIENTED_EDGE('',*,*,#16252,.T.);
#16283=ORIENTED_EDGE('',*,*,#16282,.F.);
#16285=ORIENTED_EDGE('',*,*,#16284,.T.);
#16287=ORIENTED_EDGE('',*,*,#16286,.T.);
#16289=ORIENTED_EDGE('',*,*,#16288,.F.);
#16290=EDGE_LOOP('',(#16280,#16281,#16283,#16285,#16287,#16289));
#16291=FACE_BOUND('',#16290,.F.);
#16293=CARTESIAN_POINT('',(8.2E0,5.099406718451E1,7.052136652419E-13));
#16294=DIRECTION('',(0.E0,-1.E0,-1.382976518076E-14));
#16295=DIRECTION('',(-1.E0,0.E0,0.E0));
#16296=AXIS2_PLACEMENT_3D('',#16293,#16294,#16295);
#16297=PLANE('',#16296);
#16298=ORIENTED_EDGE('',*,*,#8213,.T.);
#16300=ORIENTED_EDGE('',*,*,#16299,.F.);
#16301=ORIENTED_EDGE('',*,*,#16270,.F.);
#16303=ORIENTED_EDGE('',*,*,#16302,.T.);
#16304=EDGE_LOOP('',(#16298,#16300,#16301,#16303));
#16305=FACE_OUTER_BOUND('',#16304,.F.);
#16307=CARTESIAN_POINT('',(8.2E0,5.699406718451E1,7.882583474839E-13));
#16308=DIRECTION('',(1.E0,0.E0,0.E0));
#16309=DIRECTION('',(0.E0,-1.E0,-1.382976518076E-14));
#16310=AXIS2_PLACEMENT_3D('',#16307,#16308,#16309);
#16311=PLANE('',#16310);
#16312=ORIENTED_EDGE('',*,*,#8219,.T.);
#16314=ORIENTED_EDGE('',*,*,#16313,.F.);
#16315=ORIENTED_EDGE('',*,*,#16272,.F.);
#16316=ORIENTED_EDGE('',*,*,#16299,.T.);
#16317=EDGE_LOOP('',(#16312,#16314,#16315,#16316));
#16318=FACE_OUTER_BOUND('',#16317,.F.);
#16320=CARTESIAN_POINT('',(1.2E0,5.699406718451E1,7.882583474839E-13));
#16321=DIRECTION('',(0.E0,1.E0,1.382976518076E-14));
#16322=DIRECTION('',(1.E0,0.E0,0.E0));
#16323=AXIS2_PLACEMENT_3D('',#16320,#16321,#16322);
#16324=PLANE('',#16323);
#16325=ORIENTED_EDGE('',*,*,#8217,.T.);
#16327=ORIENTED_EDGE('',*,*,#16326,.F.);
#16328=ORIENTED_EDGE('',*,*,#16274,.F.);
#16329=ORIENTED_EDGE('',*,*,#16313,.T.);
#16330=EDGE_LOOP('',(#16325,#16327,#16328,#16329));
#16331=FACE_OUTER_BOUND('',#16330,.F.);
#16333=CARTESIAN_POINT('',(1.2E0,5.099406718451E1,7.052136652419E-13));
#16334=DIRECTION('',(-1.E0,0.E0,0.E0));
#16335=DIRECTION('',(0.E0,1.E0,1.382976518076E-14));
#16336=AXIS2_PLACEMENT_3D('',#16333,#16334,#16335);
#16337=PLANE('',#16336);
#16338=ORIENTED_EDGE('',*,*,#8215,.T.);
#16339=ORIENTED_EDGE('',*,*,#16302,.F.);
#16340=ORIENTED_EDGE('',*,*,#16276,.F.);
#16341=ORIENTED_EDGE('',*,*,#16326,.T.);
#16342=EDGE_LOOP('',(#16338,#16339,#16340,#16341));
#16343=FACE_OUTER_BOUND('',#16342,.F.);
#16345=CARTESIAN_POINT('',(6.259336477992E0,5.229E1,7.229772336359E-13));
#16346=DIRECTION('',(0.E0,-1.E0,-1.382976518076E-14));
#16347=DIRECTION('',(-1.E0,0.E0,0.E0));
#16348=AXIS2_PLACEMENT_3D('',#16345,#16346,#16347);
#16349=PLANE('',#16348);
#16350=ORIENTED_EDGE('',*,*,#16282,.T.);
#16351=ORIENTED_EDGE('',*,*,#16260,.F.);
#16352=ORIENTED_EDGE('',*,*,#8309,.F.);
#16354=ORIENTED_EDGE('',*,*,#16353,.F.);
#16355=EDGE_LOOP('',(#16350,#16351,#16352,#16354));
#16356=FACE_OUTER_BOUND('',#16355,.F.);
#16358=CARTESIAN_POINT('',(5.1E0,5.4E1,7.469580509678E-13));
#16359=DIRECTION('',(0.E0,1.382976518076E-14,-1.E0));
#16360=DIRECTION('',(-1.E0,0.E0,0.E0));
#16361=AXIS2_PLACEMENT_3D('',#16358,#16359,#16360);
#16362=CYLINDRICAL_SURFACE('',#16361,2.05E0);
#16363=ORIENTED_EDGE('',*,*,#16286,.F.);
#16364=ORIENTED_EDGE('',*,*,#16284,.F.);
#16365=ORIENTED_EDGE('',*,*,#16353,.T.);
#16366=ORIENTED_EDGE('',*,*,#8307,.F.);
#16367=ORIENTED_EDGE('',*,*,#8305,.F.);
#16369=ORIENTED_EDGE('',*,*,#16368,.T.);
#16370=EDGE_LOOP('',(#16363,#16364,#16365,#16366,#16367,#16369));
#16371=FACE_OUTER_BOUND('',#16370,.F.);
#16373=CARTESIAN_POINT('',(3.969336477992E0,5.571E1,7.704947790899E-13));
#16374=DIRECTION('',(0.E0,1.E0,1.382976518076E-14));
#16375=DIRECTION('',(1.E0,0.E0,0.E0));
#16376=AXIS2_PLACEMENT_3D('',#16373,#16374,#16375);
#16377=PLANE('',#16376);
#16378=ORIENTED_EDGE('',*,*,#16288,.T.);
#16379=ORIENTED_EDGE('',*,*,#16368,.F.);
#16380=ORIENTED_EDGE('',*,*,#8303,.F.);
#16381=ORIENTED_EDGE('',*,*,#16256,.F.);
#16382=EDGE_LOOP('',(#16378,#16379,#16380,#16381));
#16383=FACE_OUTER_BOUND('',#16382,.F.);
#16385=CLOSED_SHELL('',(#8058,#8073,#8086,#8096,#8111,#8124,#8134,#8149,#8233,
#8251,#8323,#8338,#8363,#8377,#8390,#8403,#8415,#8428,#8441,#8453,#8471,#8495,
#8510,#8541,#8566,#8583,#8596,#8613,#8627,#8644,#8657,#8672,#8685,#8700,#8713,
#8729,#8747,#8819,#8834,#8847,#8857,#8872,#8885,#8895,#8909,#8928,#8948,#8968,
#8990,#9003,#9023,#9040,#9054,#9068,#9177,#9192,#9206,#9220,#9233,#9255,#9270,
#9284,#9298,#9311,#9323,#9338,#9352,#9366,#9379,#9401,#9416,#9430,#9444,#9457,
#9469,#9484,#9498,#9512,#9525,#9547,#9562,#9576,#9590,#9603,#9615,#9630,#9644,
#9658,#9671,#9693,#9708,#9722,#9736,#9749,#9761,#9776,#9790,#9804,#9817,#9839,
#9854,#9868,#9882,#9895,#9907,#9919,#10042,#10142,#10184,#10206,#10224,#10244,
#10260,#10274,#10294,#10308,#10322,#10335,#10357,#10372,#10386,#10400,#10413,
#10425,#10437,#10450,#10463,#10521,#10536,#10550,#10564,#10577,#10599,#10614,
#10628,#10642,#10655,#10743,#10761,#10789,#10803,#10816,#10829,#10841,#10854,
#10869,#10881,#10899,#10963,#10981,#11024,#11037,#11053,#11066,#11081,#11094,
#11107,#11130,#11149,#11172,#11185,#11198,#11211,#11224,#11236,#11249,#11262,
#11277,#11290,#11303,#11319,#11332,#11348,#11360,#11372,#11385,#11398,#11411,
#11424,#11436,#11448,#11463,#11479,#11493,#11509,#11524,#11537,#11556,#11575,
#11594,#11611,#11652,#11666,#11680,#11693,#11705,#11719,#11733,#11746,#11758,
#11772,#11786,#11799,#11811,#11825,#11839,#11852,#11864,#11884,#11902,#11922,
#11934,#11951,#11964,#11977,#11989,#12005,#12019,#12032,#12044,#12059,#12075,
#12089,#12104,#12116,#12128,#12141,#12154,#12174,#12190,#12204,#12217,#12229,
#12246,#12260,#12276,#12289,#12301,#12318,#12331,#12344,#12356,#12373,#12387,
#12400,#12412,#12427,#12443,#12457,#12472,#12485,#12507,#12522,#12536,#12550,
#12563,#12575,#12596,#12610,#12623,#12635,#12649,#12663,#12676,#12698,#12713,
#12727,#12741,#12754,#12766,#12787,#12801,#12814,#12826,#12840,#12854,#12867,
#12889,#12904,#12918,#12932,#12945,#12957,#12978,#12992,#13005,#13017,#13031,
#13045,#13058,#13080,#13095,#13109,#13123,#13136,#13148,#13166,#13182,#13220,
#13235,#13249,#13263,#13277,#13291,#13305,#13319,#13333,#13347,#13361,#13375,
#13388,#13408,#13426,#13442,#13480,#13495,#13509,#13523,#13537,#13551,#13565,
#13579,#13593,#13607,#13621,#13635,#13648,#13668,#13686,#13702,#13740,#13755,
#13769,#13783,#13797,#13811,#13825,#13839,#13853,#13867,#13881,#13895,#13908,
#13928,#13946,#13962,#14000,#14015,#14029,#14043,#14057,#14071,#14085,#14099,
#14113,#14127,#14141,#14155,#14168,#14188,#14206,#14222,#14260,#14275,#14289,
#14303,#14317,#14331,#14345,#14359,#14373,#14387,#14401,#14415,#14428,#14448,
#14466,#14482,#14520,#14535,#14549,#14563,#14577,#14591,#14605,#14619,#14633,
#14647,#14661,#14675,#14688,#14708,#14726,#14742,#14780,#14795,#14809,#14823,
#14837,#14851,#14865,#14879,#14893,#14907,#14921,#14935,#14948,#14968,#14986,
#15002,#15040,#15055,#15069,#15083,#15097,#15111,#15125,#15139,#15153,#15167,
#15181,#15195,#15208,#15228,#15246,#15262,#15300,#15315,#15329,#15343,#15357,
#15371,#15385,#15399,#15413,#15427,#15441,#15455,#15468,#15488,#15506,#15522,
#15560,#15575,#15589,#15603,#15617,#15631,#15645,#15659,#15673,#15687,#15701,
#15715,#15728,#15748,#15763,#15785,#15799,#15820,#15834,#15846,#15877,#15890,
#15902,#15917,#15940,#15953,#15966,#15979,#15992,#16005,#16018,#16030,#16044,
#16057,#16071,#16083,#16096,#16118,#16134,#16148,#16162,#16178,#16193,#16206,
#16218,#16232,#16246,#16264,#16292,#16306,#16319,#16332,#16344,#16357,#16372,
#16384));
#16386=MANIFOLD_SOLID_BREP('',#16385);
#16388=DIMENSIONAL_EXPONENTS(0.E0,0.E0,0.E0,0.E0,0.E0,0.E0,0.E0);
#16390=PLANE_ANGLE_MEASURE_WITH_UNIT(PLANE_ANGLE_MEASURE(1.745329251994E-2),
#16389);
#16391=(CONVERSION_BASED_UNIT('DEGREE',#16390)NAMED_UNIT(*)PLANE_ANGLE_UNIT());
#16393=UNCERTAINTY_MEASURE_WITH_UNIT(LENGTH_MEASURE(9.274601302034E-3),#16387,
'closure',
'Maximum model space distance between geometric entities at asserted connectivities');
#16396=APPLICATION_CONTEXT(
'CONFIGURATION CONTROLLED 3D DESIGNS OF MECHANICAL PARTS AND ASSEMBLIES');
#16397=APPLICATION_PROTOCOL_DEFINITION('international standard',
'config_control_design',1994,#16396);
#16398=DESIGN_CONTEXT('',#16396,'design');
#16399=MECHANICAL_CONTEXT('',#16396,'mechanical');
#16400=PRODUCT('SB105175_3D-SOFTWARE_COLOUR','SB105175_3D-SOFTWARE_COLOUR',
'NOT SPECIFIED',(#16399));
#16401=PRODUCT_DEFINITION_FORMATION_WITH_SPECIFIED_SOURCE('3','LAST_VERSION',
#16400,.MADE.);
#16405=PRODUCT_CATEGORY('part','');
#16406=PRODUCT_RELATED_PRODUCT_CATEGORY('detail','',(#16400));
#16407=PRODUCT_CATEGORY_RELATIONSHIP('','',#16405,#16406);
#16408=SECURITY_CLASSIFICATION_LEVEL('unclassified');
#16409=SECURITY_CLASSIFICATION('','',#16408);
#16410=CC_DESIGN_SECURITY_CLASSIFICATION(#16409,(#16401));
#16411=APPROVAL_STATUS('approved');
#16412=APPROVAL(#16411,'');
#16413=CC_DESIGN_APPROVAL(#16412,(#16409,#16401,#16402));
#16414=CALENDAR_DATE(113,17,7);
#16415=COORDINATED_UNIVERSAL_TIME_OFFSET(5,30,.AHEAD.);
#16416=LOCAL_TIME(18,15,2.1E1,#16415);
#16417=DATE_AND_TIME(#16414,#16416);
#16418=APPROVAL_DATE_TIME(#16417,#16412);
#16419=DATE_TIME_ROLE('creation_date');
#16420=CC_DESIGN_DATE_AND_TIME_ASSIGNMENT(#16417,#16419,(#16402));
#16421=DATE_TIME_ROLE('classification_date');
#16422=CC_DESIGN_DATE_AND_TIME_ASSIGNMENT(#16417,#16421,(#16409));
#16423=PERSON('UNSPECIFIED','UNSPECIFIED',$,$,$,$);
#16424=ORGANIZATION('UNSPECIFIED','UNSPECIFIED','UNSPECIFIED');
#16425=PERSON_AND_ORGANIZATION(#16423,#16424);
#16426=APPROVAL_ROLE('approver');
#16427=APPROVAL_PERSON_ORGANIZATION(#16425,#16412,#16426);
#16428=PERSON_AND_ORGANIZATION_ROLE('creator');
#16429=CC_DESIGN_PERSON_AND_ORGANIZATION_ASSIGNMENT(#16425,#16428,(#16401,
#16402));
#16430=PERSON_AND_ORGANIZATION_ROLE('design_supplier');
#16431=CC_DESIGN_PERSON_AND_ORGANIZATION_ASSIGNMENT(#16425,#16430,(#16401));
#16432=PERSON_AND_ORGANIZATION_ROLE('classification_officer');
#16433=CC_DESIGN_PERSON_AND_ORGANIZATION_ASSIGNMENT(#16425,#16432,(#16409));
#16434=PERSON_AND_ORGANIZATION_ROLE('design_owner');
#16435=CC_DESIGN_PERSON_AND_ORGANIZATION_ASSIGNMENT(#16425,#16434,(#16400));
#6=CIRCLE('',#5,7.7E-1);
#11=CIRCLE('',#10,7.7E-1);
#16=CIRCLE('',#15,7.7E-1);
#21=CIRCLE('',#20,7.7E-1);
#82=CIRCLE('',#81,1.015450203657E0);
#87=CIRCLE('',#86,1.015450203657E0);
#92=CIRCLE('',#91,1.053987949281E0);
#109=CIRCLE('',#108,7.7E-1);
#114=CIRCLE('',#113,7.7E-1);
#127=CIRCLE('',#126,7.7E-1);
#132=CIRCLE('',#131,7.7E-1);
#137=CIRCLE('',#136,1.5E0);
#142=CIRCLE('',#141,1.5E0);
#147=CIRCLE('',#146,1.5E0);
#152=CIRCLE('',#151,1.5E0);
#200=B_SPLINE_CURVE_WITH_KNOTS('',3,(#189,#190,#191,#192,#193,#194,#195,#196,
#197,#198,#199),.UNSPECIFIED.,.F.,.F.,(4,1,1,1,1,1,1,1,4),(0.E0,1.25E-1,2.5E-1,
3.75E-1,5.E-1,6.25E-1,7.5E-1,8.75E-1,1.E0),.UNSPECIFIED.);
#212=B_SPLINE_CURVE_WITH_KNOTS('',3,(#201,#202,#203,#204,#205,#206,#207,#208,
#209,#210,#211),.UNSPECIFIED.,.F.,.F.,(4,1,1,1,1,1,1,1,4),(0.E0,1.25E-1,2.5E-1,
3.75E-1,5.E-1,6.25E-1,7.5E-1,8.75E-1,1.E0),.UNSPECIFIED.);
#222=B_SPLINE_CURVE_WITH_KNOTS('',3,(#213,#214,#215,#216,#217,#218,#219,#220,
#221),.UNSPECIFIED.,.F.,.F.,(4,1,1,1,1,1,4),(0.E0,1.666666666667E-1,
3.333333333333E-1,5.E-1,6.666666666667E-1,8.333333333333E-1,1.E0),
.UNSPECIFIED.);
#232=B_SPLINE_CURVE_WITH_KNOTS('',3,(#223,#224,#225,#226,#227,#228,#229,#230,
#231),.UNSPECIFIED.,.F.,.F.,(4,1,1,1,1,1,4),(0.E0,1.666666666667E-1,
3.333333333333E-1,5.E-1,6.666666666667E-1,8.333333333333E-1,1.E0),
.UNSPECIFIED.);
#242=B_SPLINE_CURVE_WITH_KNOTS('',3,(#233,#234,#235,#236,#237,#238,#239,#240,
#241),.UNSPECIFIED.,.F.,.F.,(4,1,1,1,1,1,4),(0.E0,1.666666666667E-1,
3.333333333333E-1,5.E-1,6.666666666667E-1,8.333333333333E-1,1.E0),
.UNSPECIFIED.);
#252=B_SPLINE_CURVE_WITH_KNOTS('',3,(#243,#244,#245,#246,#247,#248,#249,#250,
#251),.UNSPECIFIED.,.F.,.F.,(4,1,1,1,1,1,4),(0.E0,1.666666666667E-1,
3.333333333333E-1,5.E-1,6.666666666667E-1,8.333333333333E-1,1.E0),
.UNSPECIFIED.);
#262=B_SPLINE_CURVE_WITH_KNOTS('',3,(#253,#254,#255,#256,#257,#258,#259,#260,
#261),.UNSPECIFIED.,.F.,.F.,(4,1,1,1,1,1,4),(0.E0,1.666666666667E-1,
3.333333333333E-1,5.E-1,6.666666666667E-1,8.333333333333E-1,1.E0),
.UNSPECIFIED.);
#272=B_SPLINE_CURVE_WITH_KNOTS('',3,(#263,#264,#265,#266,#267,#268,#269,#270,
#271),.UNSPECIFIED.,.F.,.F.,(4,1,1,1,1,1,4),(0.E0,1.666666666667E-1,
3.333333333333E-1,5.E-1,6.666666666667E-1,8.333333333333E-1,1.E0),
.UNSPECIFIED.);
#282=B_SPLINE_CURVE_WITH_KNOTS('',3,(#273,#274,#275,#276,#277,#278,#279,#280,
#281),.UNSPECIFIED.,.F.,.F.,(4,1,1,1,1,1,4),(0.E0,1.666666666667E-1,
3.333333333333E-1,5.E-1,6.666666666667E-1,8.333333333333E-1,1.E0),
.UNSPECIFIED.);
#292=B_SPLINE_CURVE_WITH_KNOTS('',3,(#283,#284,#285,#286,#287,#288,#289,#290,
#291),.UNSPECIFIED.,.F.,.F.,(4,1,1,1,1,1,4),(0.E0,1.666666666667E-1,
3.333333333333E-1,5.E-1,6.666666666667E-1,8.333333333333E-1,1.E0),
.UNSPECIFIED.);
#302=B_SPLINE_CURVE_WITH_KNOTS('',3,(#293,#294,#295,#296,#297,#298,#299,#300,
#301),.UNSPECIFIED.,.F.,.F.,(4,1,1,1,1,1,4),(0.E0,1.666666666667E-1,
3.333333333333E-1,5.E-1,6.666666666667E-1,8.333333333333E-1,1.E0),
.UNSPECIFIED.);
#312=B_SPLINE_CURVE_WITH_KNOTS('',3,(#303,#304,#305,#306,#307,#308,#309,#310,
#311),.UNSPECIFIED.,.F.,.F.,(4,1,1,1,1,1,4),(0.E0,1.666666666667E-1,
3.333333333333E-1,5.E-1,6.666666666667E-1,8.333333333333E-1,1.E0),
.UNSPECIFIED.);
#322=B_SPLINE_CURVE_WITH_KNOTS('',3,(#313,#314,#315,#316,#317,#318,#319,#320,
#321),.UNSPECIFIED.,.F.,.F.,(4,1,1,1,1,1,4),(0.E0,1.666666666667E-1,
3.333333333333E-1,5.E-1,6.666666666667E-1,8.333333333333E-1,1.E0),
.UNSPECIFIED.);
#332=B_SPLINE_CURVE_WITH_KNOTS('',3,(#323,#324,#325,#326,#327,#328,#329,#330,
#331),.UNSPECIFIED.,.F.,.F.,(4,1,1,1,1,1,4),(0.E0,1.666666666667E-1,
3.333333333333E-1,5.E-1,6.666666666667E-1,8.333333333333E-1,1.E0),
.UNSPECIFIED.);
#340=B_SPLINE_CURVE_WITH_KNOTS('',3,(#333,#334,#335,#336,#337,#338,#339),
.UNSPECIFIED.,.F.,.F.,(4,1,1,1,4),(0.E0,2.5E-1,5.E-1,7.5E-1,1.E0),
.UNSPECIFIED.);
#348=B_SPLINE_CURVE_WITH_KNOTS('',3,(#341,#342,#343,#344,#345,#346,#347),
.UNSPECIFIED.,.F.,.F.,(4,1,1,1,4),(0.E0,2.5E-1,5.E-1,7.5E-1,1.E0),
.UNSPECIFIED.);
#360=B_SPLINE_CURVE_WITH_KNOTS('',3,(#353,#354,#355,#356,#357,#358,#359),
.UNSPECIFIED.,.F.,.F.,(4,1,1,1,4),(0.E0,2.5E-1,5.E-1,7.5E-1,1.E0),
.UNSPECIFIED.);
#368=B_SPLINE_CURVE_WITH_KNOTS('',3,(#361,#362,#363,#364,#365,#366,#367),
.UNSPECIFIED.,.F.,.F.,(4,1,1,1,4),(0.E0,2.5E-1,5.E-1,7.5E-1,1.E0),
.UNSPECIFIED.);
#413=CIRCLE('',#412,2.04E0);
#418=CIRCLE('',#417,2.04E0);
#499=CIRCLE('',#498,1.5E0);
#504=CIRCLE('',#503,1.5E0);
#509=CIRCLE('',#508,1.5E0);
#514=CIRCLE('',#513,1.5E0);
#527=B_SPLINE_CURVE_WITH_KNOTS('',3,(#523,#524,#525,#526),.UNSPECIFIED.,.F.,.F.,
(4,4),(0.E0,1.E0),.UNSPECIFIED.);
#564=CIRCLE('',#563,1.015450203657E0);
#673=B_SPLINE_CURVE_WITH_KNOTS('',3,(#669,#670,#671,#672),.UNSPECIFIED.,.F.,.F.,
(4,4),(0.E0,1.E0),.UNSPECIFIED.);
#681=B_SPLINE_CURVE_WITH_KNOTS('',3,(#674,#675,#676,#677,#678,#679,#680),
.UNSPECIFIED.,.F.,.F.,(4,1,1,1,4),(0.E0,2.5E-1,5.E-1,7.5E-1,1.E0),
.UNSPECIFIED.);
#702=CIRCLE('',#701,7.7E-1);
#707=CIRCLE('',#706,7.7E-1);
#712=CIRCLE('',#711,7.7E-1);
#717=CIRCLE('',#716,7.7E-1);
#738=CIRCLE('',#737,1.053987949281E0);
#743=CIRCLE('',#742,1.015450203657E0);
#748=CIRCLE('',#747,1.015450203657E0);
#841=CIRCLE('',#840,7.7E-1);
#846=CIRCLE('',#845,7.7E-1);
#859=CIRCLE('',#858,7.7E-1);
#864=CIRCLE('',#863,7.7E-1);
#1477=CIRCLE('',#1476,3.E0);
#1482=CIRCLE('',#1481,3.E0);
#1487=CIRCLE('',#1486,3.E0);
#1492=CIRCLE('',#1491,3.E0);
#1497=CIRCLE('',#1496,3.E0);
#1502=CIRCLE('',#1501,3.E0);
#1507=CIRCLE('',#1506,3.E0);
#1512=CIRCLE('',#1511,3.E0);
#1517=CIRCLE('',#1516,3.E0);
#1522=CIRCLE('',#1521,3.E0);
#1527=CIRCLE('',#1526,3.E0);
#1532=CIRCLE('',#1531,3.E0);
#1537=CIRCLE('',#1536,3.E0);
#1542=CIRCLE('',#1541,3.E0);
#1547=CIRCLE('',#1546,3.E0);
#1552=CIRCLE('',#1551,3.E0);
#1557=CIRCLE('',#1556,3.E0);
#1562=CIRCLE('',#1561,3.E0);
#1567=CIRCLE('',#1566,3.E0);
#1572=CIRCLE('',#1571,3.E0);
#1577=CIRCLE('',#1576,3.E0);
#1582=CIRCLE('',#1581,3.E0);
#1587=CIRCLE('',#1586,3.E0);
#1592=CIRCLE('',#1591,3.E0);
#1597=CIRCLE('',#1596,3.E0);
#1602=CIRCLE('',#1601,3.E0);
#1607=CIRCLE('',#1606,3.E0);
#1612=CIRCLE('',#1611,3.E0);
#1617=CIRCLE('',#1616,3.E0);
#1622=CIRCLE('',#1621,3.E0);
#1627=CIRCLE('',#1626,3.E0);
#1632=CIRCLE('',#1631,3.E0);
#1637=CIRCLE('',#1636,3.E0);
#1642=CIRCLE('',#1641,3.E0);
#1647=CIRCLE('',#1646,3.E0);
#1652=CIRCLE('',#1651,3.E0);
#1657=CIRCLE('',#1656,3.E0);
#1662=CIRCLE('',#1661,3.E0);
#1667=CIRCLE('',#1666,3.E0);
#1672=CIRCLE('',#1671,3.E0);
#2073=CIRCLE('',#2072,2.04E0);
#2078=CIRCLE('',#2077,2.04E0);
#2118=B_SPLINE_CURVE_WITH_KNOTS('',3,(#2111,#2112,#2113,#2114,#2115,#2116,
#2117),.UNSPECIFIED.,.F.,.F.,(4,1,1,1,4),(0.E0,2.5E-1,5.E-1,7.5E-1,1.E0),
.UNSPECIFIED.);
#2126=B_SPLINE_CURVE_WITH_KNOTS('',3,(#2119,#2120,#2121,#2122,#2123,#2124,
#2125),.UNSPECIFIED.,.F.,.F.,(4,1,1,1,4),(0.E0,2.5E-1,5.E-1,7.5E-1,1.E0),
.UNSPECIFIED.);
#2138=B_SPLINE_CURVE_WITH_KNOTS('',3,(#2131,#2132,#2133,#2134,#2135,#2136,
#2137),.UNSPECIFIED.,.F.,.F.,(4,1,1,1,4),(0.E0,2.5E-1,5.E-1,7.5E-1,1.E0),
.UNSPECIFIED.);
#2146=B_SPLINE_CURVE_WITH_KNOTS('',3,(#2139,#2140,#2141,#2142,#2143,#2144,
#2145),.UNSPECIFIED.,.F.,.F.,(4,1,1,1,4),(0.E0,2.5E-1,5.E-1,7.5E-1,1.E0),
.UNSPECIFIED.);
#2160=B_SPLINE_CURVE_WITH_KNOTS('',3,(#2151,#2152,#2153,#2154,#2155,#2156,#2157,
#2158,#2159),.UNSPECIFIED.,.F.,.F.,(4,1,1,1,1,1,4),(0.E0,1.666666666667E-1,
3.333333333333E-1,5.E-1,6.666666666667E-1,8.333333333333E-1,1.E0),
.UNSPECIFIED.);
#2170=B_SPLINE_CURVE_WITH_KNOTS('',3,(#2161,#2162,#2163,#2164,#2165,#2166,#2167,
#2168,#2169),.UNSPECIFIED.,.F.,.F.,(4,1,1,1,1,1,4),(0.E0,1.666666666667E-1,
3.333333333333E-1,5.E-1,6.666666666667E-1,8.333333333333E-1,1.E0),
.UNSPECIFIED.);
#2180=B_SPLINE_CURVE_WITH_KNOTS('',3,(#2171,#2172,#2173,#2174,#2175,#2176,#2177,
#2178,#2179),.UNSPECIFIED.,.F.,.F.,(4,1,1,1,1,1,4),(0.E0,1.666666666667E-1,
3.333333333333E-1,5.E-1,6.666666666667E-1,8.333333333333E-1,1.E0),
.UNSPECIFIED.);
#2190=B_SPLINE_CURVE_WITH_KNOTS('',3,(#2181,#2182,#2183,#2184,#2185,#2186,#2187,
#2188,#2189),.UNSPECIFIED.,.F.,.F.,(4,1,1,1,1,1,4),(0.E0,1.666666666667E-1,
3.333333333333E-1,5.E-1,6.666666666667E-1,8.333333333333E-1,1.E0),
.UNSPECIFIED.);
#2216=B_SPLINE_CURVE_WITH_KNOTS('',3,(#2207,#2208,#2209,#2210,#2211,#2212,#2213,
#2214,#2215),.UNSPECIFIED.,.F.,.F.,(4,1,1,1,1,1,4),(0.E0,1.666666666667E-1,
3.333333333333E-1,5.E-1,6.666666666667E-1,8.333333333333E-1,1.E0),
.UNSPECIFIED.);
#2226=B_SPLINE_CURVE_WITH_KNOTS('',3,(#2217,#2218,#2219,#2220,#2221,#2222,#2223,
#2224,#2225),.UNSPECIFIED.,.F.,.F.,(4,1,1,1,1,1,4),(0.E0,1.666666666667E-1,
3.333333333333E-1,5.E-1,6.666666666667E-1,8.333333333333E-1,1.E0),
.UNSPECIFIED.);
#2236=B_SPLINE_CURVE_WITH_KNOTS('',3,(#2227,#2228,#2229,#2230,#2231,#2232,#2233,
#2234,#2235),.UNSPECIFIED.,.F.,.F.,(4,1,1,1,1,1,4),(0.E0,1.666666666667E-1,
3.333333333333E-1,5.E-1,6.666666666667E-1,8.333333333333E-1,1.E0),
.UNSPECIFIED.);
#2246=B_SPLINE_CURVE_WITH_KNOTS('',3,(#2237,#2238,#2239,#2240,#2241,#2242,#2243,
#2244,#2245),.UNSPECIFIED.,.F.,.F.,(4,1,1,1,1,1,4),(0.E0,1.666666666667E-1,
3.333333333333E-1,5.E-1,6.666666666667E-1,8.333333333333E-1,1.E0),
.UNSPECIFIED.);
#2264=B_SPLINE_CURVE_WITH_KNOTS('',3,(#2255,#2256,#2257,#2258,#2259,#2260,#2261,
#2262,#2263),.UNSPECIFIED.,.F.,.F.,(4,1,1,1,1,1,4),(0.E0,1.666666666667E-1,
3.333333333333E-1,5.E-1,6.666666666667E-1,8.333333333333E-1,1.E0),
.UNSPECIFIED.);
#2274=B_SPLINE_CURVE_WITH_KNOTS('',3,(#2265,#2266,#2267,#2268,#2269,#2270,#2271,
#2272,#2273),.UNSPECIFIED.,.F.,.F.,(4,1,1,1,1,1,4),(0.E0,1.666666666667E-1,
3.333333333333E-1,5.E-1,6.666666666667E-1,8.333333333333E-1,1.E0),
.UNSPECIFIED.);
#2284=B_SPLINE_CURVE_WITH_KNOTS('',3,(#2275,#2276,#2277,#2278,#2279,#2280,#2281,
#2282,#2283),.UNSPECIFIED.,.F.,.F.,(4,1,1,1,1,1,4),(0.E0,1.666666666667E-1,
3.333333333333E-1,5.E-1,6.666666666667E-1,8.333333333333E-1,1.E0),
.UNSPECIFIED.);
#2294=B_SPLINE_CURVE_WITH_KNOTS('',3,(#2285,#2286,#2287,#2288,#2289,#2290,#2291,
#2292,#2293),.UNSPECIFIED.,.F.,.F.,(4,1,1,1,1,1,4),(0.E0,1.666666666667E-1,
3.333333333333E-1,5.E-1,6.666666666667E-1,8.333333333333E-1,1.E0),
.UNSPECIFIED.);
#2306=B_SPLINE_CURVE_WITH_KNOTS('',3,(#2295,#2296,#2297,#2298,#2299,#2300,#2301,
#2302,#2303,#2304,#2305),.UNSPECIFIED.,.F.,.F.,(4,1,1,1,1,1,1,1,4),(0.E0,
1.25E-1,2.5E-1,3.75E-1,5.E-1,6.25E-1,7.5E-1,8.75E-1,1.E0),.UNSPECIFIED.);
#2318=B_SPLINE_CURVE_WITH_KNOTS('',3,(#2307,#2308,#2309,#2310,#2311,#2312,#2313,
#2314,#2315,#2316,#2317),.UNSPECIFIED.,.F.,.F.,(4,1,1,1,1,1,1,1,4),(0.E0,
1.25E-1,2.5E-1,3.75E-1,5.E-1,6.25E-1,7.5E-1,8.75E-1,1.E0),.UNSPECIFIED.);
#2359=CIRCLE('',#2358,2.08E0);
#2364=CIRCLE('',#2363,2.08E0);
#2369=CIRCLE('',#2368,2.05E0);
#2374=CIRCLE('',#2373,2.05E0);
#2463=CIRCLE('',#2462,1.5E0);
#2468=CIRCLE('',#2467,1.5E0);
#2473=CIRCLE('',#2472,1.5E0);
#2478=CIRCLE('',#2477,1.5E0);
#2483=CIRCLE('',#2482,1.5E0);
#2488=CIRCLE('',#2487,1.5E0);
#2493=CIRCLE('',#2492,1.5E0);
#2498=CIRCLE('',#2497,1.5E0);
#2503=CIRCLE('',#2502,1.5E0);
#2508=CIRCLE('',#2507,1.5E0);
#2513=CIRCLE('',#2512,1.5E0);
#2518=CIRCLE('',#2517,1.5E0);
#2559=B_SPLINE_CURVE_WITH_KNOTS('',3,(#2555,#2556,#2557,#2558),.UNSPECIFIED.,
.F.,.F.,(4,4),(0.E0,1.E0),.UNSPECIFIED.);
#2828=CIRCLE('',#2827,1.5E0);
#2851=B_SPLINE_CURVE_WITH_KNOTS('',3,(#2845,#2846,#2847,#2848,#2849,#2850),
.UNSPECIFIED.,.F.,.F.,(4,1,1,4),(0.E0,3.333333333333E-1,6.666666666667E-1,1.E0),
.UNSPECIFIED.);
#3952=CIRCLE('',#3951,3.E0);
#3957=CIRCLE('',#3956,3.E0);
#3962=CIRCLE('',#3961,3.E0);
#3967=CIRCLE('',#3966,3.E0);
#4124=CIRCLE('',#4123,3.E0);
#4129=CIRCLE('',#4128,3.E0);
#4134=CIRCLE('',#4133,3.E0);
#4139=CIRCLE('',#4138,3.E0);
#4296=CIRCLE('',#4295,3.E0);
#4301=CIRCLE('',#4300,3.E0);
#4306=CIRCLE('',#4305,3.E0);
#4311=CIRCLE('',#4310,3.E0);
#4468=CIRCLE('',#4467,3.E0);
#4473=CIRCLE('',#4472,3.E0);
#4478=CIRCLE('',#4477,3.E0);
#4483=CIRCLE('',#4482,3.E0);
#4640=CIRCLE('',#4639,3.E0);
#4645=CIRCLE('',#4644,3.E0);
#4650=CIRCLE('',#4649,3.E0);
#4655=CIRCLE('',#4654,3.E0);
#4812=CIRCLE('',#4811,3.E0);
#4817=CIRCLE('',#4816,3.E0);
#4822=CIRCLE('',#4821,3.E0);
#4827=CIRCLE('',#4826,3.E0);
#4984=CIRCLE('',#4983,3.E0);
#4989=CIRCLE('',#4988,3.E0);
#4994=CIRCLE('',#4993,3.E0);
#4999=CIRCLE('',#4998,3.E0);
#5156=CIRCLE('',#5155,3.E0);
#5161=CIRCLE('',#5160,3.E0);
#5166=CIRCLE('',#5165,3.E0);
#5171=CIRCLE('',#5170,3.E0);
#5328=CIRCLE('',#5327,3.E0);
#5333=CIRCLE('',#5332,3.E0);
#5338=CIRCLE('',#5337,3.E0);
#5343=CIRCLE('',#5342,3.E0);
#5500=CIRCLE('',#5499,3.E0);
#5505=CIRCLE('',#5504,3.E0);
#5510=CIRCLE('',#5509,3.E0);
#5515=CIRCLE('',#5514,3.E0);
#5866=B_SPLINE_CURVE_WITH_KNOTS('',3,(#5860,#5861,#5862,#5863,#5864,#5865),
.UNSPECIFIED.,.F.,.F.,(4,1,1,4),(0.E0,3.333333333333E-1,6.666666666667E-1,1.E0),
.UNSPECIFIED.);
#5903=CIRCLE('',#5902,1.5E0);
#5908=CIRCLE('',#5907,1.5E0);
#5913=CIRCLE('',#5912,1.5E0);
#5918=CIRCLE('',#5917,1.5E0);
#5943=B_SPLINE_CURVE_WITH_KNOTS('',3,(#5939,#5940,#5941,#5942),.UNSPECIFIED.,
.F.,.F.,(4,4),(0.E0,1.E0),.UNSPECIFIED.);
#5955=B_SPLINE_CURVE_WITH_KNOTS('',3,(#5948,#5949,#5950,#5951,#5952,#5953,
#5954),.UNSPECIFIED.,.F.,.F.,(4,1,1,1,4),(0.E0,2.5E-1,5.E-1,7.5E-1,1.E0),
.UNSPECIFIED.);
#6016=CIRCLE('',#6015,2.08E0);
#6021=CIRCLE('',#6020,2.08E0);
#6026=CIRCLE('',#6025,2.05E0);
#6031=CIRCLE('',#6030,2.05E0);
#7988=EDGE_CURVE('',#7801,#7802,#25,.T.);
#7990=EDGE_CURVE('',#7802,#7804,#29,.T.);
#7992=EDGE_CURVE('',#7804,#7806,#33,.T.);
#7994=EDGE_CURVE('',#7806,#7808,#37,.T.);
#7996=EDGE_CURVE('',#7810,#7808,#41,.T.);
#7998=EDGE_CURVE('',#6082,#7810,#3211,.T.);
#8000=EDGE_CURVE('',#6082,#6083,#45,.T.);
#8002=EDGE_CURVE('',#6085,#6083,#1472,.T.);
#8004=EDGE_CURVE('',#6087,#6085,#1776,.T.);
#8006=EDGE_CURVE('',#7813,#6087,#3315,.T.);
#8008=EDGE_CURVE('',#7813,#7814,#49,.T.);
#8010=EDGE_CURVE('',#7814,#7816,#53,.T.);
#8012=EDGE_CURVE('',#7816,#7818,#57,.T.);
#8014=EDGE_CURVE('',#7818,#7820,#61,.T.);
#8016=EDGE_CURVE('',#7822,#7820,#65,.T.);
#8018=EDGE_CURVE('',#6090,#7822,#2012,.T.);
#8020=EDGE_CURVE('',#6090,#6091,#69,.T.);
#8022=EDGE_CURVE('',#6093,#6091,#2811,.T.);
#8024=EDGE_CURVE('',#6093,#6095,#73,.T.);
#8026=EDGE_CURVE('',#6097,#6095,#2799,.T.);
#8028=EDGE_CURVE('',#6099,#6097,#2791,.T.);
#8030=EDGE_CURVE('',#6099,#6101,#77,.T.);
#8032=EDGE_CURVE('',#6101,#6103,#82,.T.);
#8034=EDGE_CURVE('',#6103,#6105,#87,.T.);
#8036=EDGE_CURVE('',#6105,#6107,#92,.T.);
#8038=EDGE_CURVE('',#6107,#6109,#96,.T.);
#8040=EDGE_CURVE('',#6111,#6109,#5975,.T.);
#8042=EDGE_CURVE('',#7801,#6111,#172,.T.);
#8046=EDGE_CURVE('',#6118,#6119,#16,.T.);
#8048=EDGE_CURVE('',#6119,#6118,#21,.T.);
#8052=EDGE_CURVE('',#6114,#6115,#6,.T.);
#8054=EDGE_CURVE('',#6115,#6114,#11,.T.);
#8058=ADVANCED_FACE('',(#8045,#8051,#8057),#7987,.F.);
#8065=EDGE_CURVE('',#6121,#6114,#104,.T.);
#8067=EDGE_CURVE('',#6123,#6121,#109,.T.);
#8069=EDGE_CURVE('',#6123,#6115,#100,.T.);
#8073=ADVANCED_FACE('',(#8072),#8063,.F.);
#8081=EDGE_CURVE('',#6121,#6123,#114,.T.);
#8086=ADVANCED_FACE('',(#8085),#8078,.F.);
#8096=ADVANCED_FACE('',(#8095),#8091,.T.);
#8103=EDGE_CURVE('',#6127,#6118,#122,.T.);
#8105=EDGE_CURVE('',#6126,#6127,#127,.T.);
#8107=EDGE_CURVE('',#6126,#6119,#118,.T.);
#8111=ADVANCED_FACE('',(#8110),#8101,.F.);
#8119=EDGE_CURVE('',#6127,#6126,#132,.T.);
#8124=ADVANCED_FACE('',(#8123),#8116,.F.);
#8134=ADVANCED_FACE('',(#8133),#8129,.T.);
#8141=EDGE_CURVE('',#7801,#7837,#168,.T.);
#8143=EDGE_CURVE('',#7837,#7793,#2887,.T.);
#8145=EDGE_CURVE('',#7802,#7793,#3135,.T.);
#8149=ADVANCED_FACE('',(#8148),#8139,.F.);
#8155=EDGE_CURVE('',#7888,#7948,#156,.T.);
#8157=EDGE_CURVE('',#7948,#7838,#160,.T.);
#8159=EDGE_CURVE('',#7837,#7838,#164,.T.);
#8163=EDGE_CURVE('',#6587,#6111,#5971,.T.);
#8165=EDGE_CURVE('',#6587,#6589,#176,.T.);
#8167=EDGE_CURVE('',#6591,#6589,#5934,.T.);
#8169=EDGE_CURVE('',#6593,#6591,#572,.T.);
#8171=EDGE_CURVE('',#6595,#6593,#576,.T.);
#8173=EDGE_CURVE('',#6597,#6595,#592,.T.);
#8175=EDGE_CURVE('',#6599,#6597,#5878,.T.);
#8177=EDGE_CURVE('',#6601,#6599,#612,.T.);
#8179=EDGE_CURVE('',#6603,#6601,#620,.T.);
#8181=EDGE_CURVE('',#6605,#6603,#636,.T.);
#8183=EDGE_CURVE('',#6607,#6605,#640,.T.);
#8185=EDGE_CURVE('',#6609,#6607,#656,.T.);
#8187=EDGE_CURVE('',#6581,#6609,#664,.T.);
#8189=EDGE_CURVE('',#6580,#6581,#689,.T.);
#8191=EDGE_CURVE('',#6583,#6580,#5874,.T.);
#8193=EDGE_CURVE('',#6583,#6585,#180,.T.);
#8195=EDGE_CURVE('',#6362,#6585,#5847,.T.);
#8197=EDGE_CURVE('',#7932,#6362,#725,.T.);
#8199=EDGE_CURVE('',#7932,#7888,#184,.T.);
#8203=EDGE_CURVE('',#6576,#6577,#422,.T.);
#8205=EDGE_CURVE('',#6619,#6576,#446,.T.);
#8207=EDGE_CURVE('',#6621,#6619,#438,.T.);
#8209=EDGE_CURVE('',#6577,#6621,#430,.T.);
#8213=EDGE_CURVE('',#6624,#6625,#6035,.T.);
#8215=EDGE_CURVE('',#6627,#6624,#6059,.T.);
#8217=EDGE_CURVE('',#6629,#6627,#6051,.T.);
#8219=EDGE_CURVE('',#6625,#6629,#6043,.T.);
#8223=EDGE_CURVE('',#6612,#6613,#137,.T.);
#8225=EDGE_CURVE('',#6613,#6615,#142,.T.);
#8227=EDGE_CURVE('',#6615,#6617,#147,.T.);
#8229=EDGE_CURVE('',#6617,#6612,#152,.T.);
#8233=ADVANCED_FACE('',(#8202,#8212,#8222,#8232),#8154,.T.);
#8239=EDGE_CURVE('',#6429,#6430,#272,.T.);
#8241=EDGE_CURVE('',#6431,#6429,#262,.T.);
#8243=EDGE_CURVE('',#6615,#6431,#5987,.T.);
#8247=EDGE_CURVE('',#6612,#6430,#188,.T.);
#8251=ADVANCED_FACE('',(#8250),#8238,.F.);
#8257=EDGE_CURVE('',#7945,#7946,#376,.T.);
#8259=EDGE_CURVE('',#6409,#7946,#3231,.T.);
#8261=EDGE_CURVE('',#6409,#6407,#380,.T.);
#8263=EDGE_CURVE('',#7834,#6407,#3139,.T.);
#8265=EDGE_CURVE('',#7833,#7834,#384,.T.);
#8267=EDGE_CURVE('',#7945,#7833,#3287,.T.);
#8271=EDGE_CURVE('',#6427,#6425,#222,.T.);
#8273=EDGE_CURVE('',#6425,#6426,#232,.T.);
#8275=EDGE_CURVE('',#6426,#6428,#242,.T.);
#8277=EDGE_CURVE('',#6428,#6427,#252,.T.);
#8283=EDGE_CURVE('',#6430,#6432,#282,.T.);
#8285=EDGE_CURVE('',#6432,#6431,#292,.T.);
#8289=EDGE_CURVE('',#6435,#6433,#302,.T.);
#8291=EDGE_CURVE('',#6433,#6434,#312,.T.);
#8293=EDGE_CURVE('',#6434,#6436,#322,.T.);
#8295=EDGE_CURVE('',#6436,#6435,#332,.T.);
#8299=EDGE_CURVE('',#6439,#6437,#340,.T.);
#8301=EDGE_CURVE('',#6437,#6438,#348,.T.);
#8303=EDGE_CURVE('',#6438,#6441,#352,.T.);
#8305=EDGE_CURVE('',#6441,#6442,#360,.T.);
#8307=EDGE_CURVE('',#6442,#6443,#368,.T.);
#8309=EDGE_CURVE('',#6443,#6439,#372,.T.);
#8313=EDGE_CURVE('',#6420,#6421,#200,.T.);
#8315=EDGE_CURVE('',#6423,#6421,#474,.T.);
#8317=EDGE_CURVE('',#6423,#6424,#212,.T.);
#8319=EDGE_CURVE('',#6420,#6424,#458,.T.);
#8323=ADVANCED_FACE('',(#8270,#8280,#8288,#8298,#8312,#8322),#8256,.T.);
#8329=EDGE_CURVE('',#6446,#6447,#413,.T.);
#8331=EDGE_CURVE('',#6446,#6421,#388,.T.);
#8334=EDGE_CURVE('',#6420,#6447,#392,.T.);
#8338=ADVANCED_FACE('',(#8337),#8328,.F.);
#8344=EDGE_CURVE('',#6450,#6451,#396,.T.);
#8346=EDGE_CURVE('',#6451,#6453,#400,.T.);
#8348=EDGE_CURVE('',#6453,#6455,#404,.T.);
#8350=EDGE_CURVE('',#6455,#6450,#408,.T.);
#8355=EDGE_CURVE('',#6457,#6447,#454,.T.);
#8357=EDGE_CURVE('',#6457,#6459,#418,.T.);
#8359=EDGE_CURVE('',#6446,#6459,#470,.T.);
#8363=ADVANCED_FACE('',(#8353,#8362),#8343,.T.);
#8370=EDGE_CURVE('',#6451,#6577,#434,.T.);
#8373=EDGE_CURVE('',#6450,#6576,#426,.T.);
#8377=ADVANCED_FACE('',(#8376),#8368,.F.);
#8384=EDGE_CURVE('',#6453,#6621,#442,.T.);
#8390=ADVANCED_FACE('',(#8389),#8382,.F.);
#8397=EDGE_CURVE('',#6455,#6619,#450,.T.);
#8403=ADVANCED_FACE('',(#8402),#8395,.F.);
#8415=ADVANCED_FACE('',(#8414),#8408,.F.);
#8424=EDGE_CURVE('',#6457,#6424,#462,.T.);
#8428=ADVANCED_FACE('',(#8427),#8420,.F.);
#8437=EDGE_CURVE('',#6423,#6459,#466,.T.);
#8441=ADVANCED_FACE('',(#8440),#8433,.F.);
#8453=ADVANCED_FACE('',(#8452),#8446,.F.);
#8459=EDGE_CURVE('',#6655,#6657,#504,.T.);
#8461=EDGE_CURVE('',#6654,#6655,#499,.T.);
#8463=EDGE_CURVE('',#6654,#6426,#478,.T.);
#8467=EDGE_CURVE('',#6657,#6427,#5983,.T.);
#8471=ADVANCED_FACE('',(#8470),#8458,.F.);
#8477=EDGE_CURVE('',#6646,#6647,#482,.T.);
#8479=EDGE_CURVE('',#6647,#6649,#486,.T.);
#8481=EDGE_CURVE('',#6649,#6651,#490,.T.);
#8483=EDGE_CURVE('',#6651,#6646,#494,.T.);
#8489=EDGE_CURVE('',#6657,#6659,#509,.T.);
#8491=EDGE_CURVE('',#6659,#6654,#514,.T.);
#8495=ADVANCED_FACE('',(#8486,#8494),#8476,.T.);
#8501=EDGE_CURVE('',#6526,#6524,#518,.T.);
#8503=EDGE_CURVE('',#6647,#6524,#660,.T.);
#8506=EDGE_CURVE('',#6646,#6526,#522,.T.);
#8510=ADVANCED_FACE('',(#8509),#8500,.F.);
#8516=EDGE_CURVE('',#6518,#6519,#547,.T.);
#8518=EDGE_CURVE('',#6518,#6520,#527,.T.);
#8520=EDGE_CURVE('',#6520,#6522,#531,.T.);
#8522=EDGE_CURVE('',#6524,#6522,#648,.T.);
#8525=EDGE_CURVE('',#6528,#6526,#628,.T.);
#8527=EDGE_CURVE('',#6528,#6530,#535,.T.);
#8529=EDGE_CURVE('',#6532,#6530,#604,.T.);
#8531=EDGE_CURVE('',#6534,#6532,#596,.T.);
#8533=EDGE_CURVE('',#6536,#6534,#584,.T.);
#8535=EDGE_CURVE('',#6536,#6538,#539,.T.);
#8537=EDGE_CURVE('',#6538,#6519,#543,.T.);
#8541=ADVANCED_FACE('',(#8540),#8515,.T.);
#8548=EDGE_CURVE('',#6633,#6519,#564,.T.);
#8550=EDGE_CURVE('',#6633,#6105,#551,.T.);
#8554=EDGE_CURVE('',#6101,#6371,#555,.T.);
#8556=EDGE_CURVE('',#6370,#6371,#748,.T.);
#8558=EDGE_CURVE('',#6367,#6370,#743,.T.);
#8560=EDGE_CURVE('',#6367,#6630,#559,.T.);
#8562=EDGE_CURVE('',#6518,#6630,#673,.T.);
#8566=ADVANCED_FACE('',(#8565),#8546,.F.);
#8574=EDGE_CURVE('',#6538,#6593,#568,.T.);
#8577=EDGE_CURVE('',#6635,#6591,#5930,.T.);
#8579=EDGE_CURVE('',#6633,#6635,#5955,.T.);
#8583=ADVANCED_FACE('',(#8582),#8571,.F.);
#8592=EDGE_CURVE('',#6536,#6595,#580,.T.);
#8596=ADVANCED_FACE('',(#8595),#8588,.F.);
#8603=EDGE_CURVE('',#6637,#6534,#600,.T.);
#8605=EDGE_CURVE('',#6639,#6637,#5890,.T.);
#8607=EDGE_CURVE('',#6639,#6597,#588,.T.);
#8613=ADVANCED_FACE('',(#8612),#8601,.F.);
#8620=EDGE_CURVE('',#6641,#6532,#616,.T.);
#8622=EDGE_CURVE('',#6637,#6641,#5894,.T.);
#8627=ADVANCED_FACE('',(#8626),#8618,.F.);
#8634=EDGE_CURVE('',#6530,#6601,#608,.T.);
#8637=EDGE_CURVE('',#6643,#6599,#5882,.T.);
#8639=EDGE_CURVE('',#6641,#6643,#5898,.T.);
#8644=ADVANCED_FACE('',(#8643),#8632,.F.);
#8653=EDGE_CURVE('',#6528,#6603,#624,.T.);
#8657=ADVANCED_FACE('',(#8656),#8649,.F.);
#8666=EDGE_CURVE('',#6651,#6605,#632,.T.);
#8672=ADVANCED_FACE('',(#8671),#8662,.F.);
#8681=EDGE_CURVE('',#6649,#6607,#644,.T.);
#8685=ADVANCED_FACE('',(#8684),#8677,.F.);
#8692=EDGE_CURVE('',#6522,#6609,#652,.T.);
#8700=ADVANCED_FACE('',(#8699),#8690,.F.);
#8709=EDGE_CURVE('',#6520,#6581,#668,.T.);
#8713=ADVANCED_FACE('',(#8712),#8705,.F.);
#8720=EDGE_CURVE('',#6630,#6631,#681,.T.);
#8722=EDGE_CURVE('',#6631,#6580,#685,.T.);
#8729=ADVANCED_FACE('',(#8728),#8718,.F.);
#8737=EDGE_CURVE('',#6365,#6367,#738,.T.);
#8739=EDGE_CURVE('',#6365,#6810,#693,.T.);
#8741=EDGE_CURVE('',#6809,#6810,#5866,.T.);
#8743=EDGE_CURVE('',#6809,#6631,#697,.T.);
#8747=ADVANCED_FACE('',(#8746),#8734,.F.);
#8753=EDGE_CURVE('',#7932,#7904,#721,.T.);
#8756=EDGE_CURVE('',#6362,#6363,#729,.T.);
#8758=EDGE_CURVE('',#6363,#6365,#733,.T.);
#8763=EDGE_CURVE('',#6371,#6373,#752,.T.);
#8765=EDGE_CURVE('',#6373,#6375,#756,.T.);
#8767=EDGE_CURVE('',#6375,#6377,#760,.T.);
#8769=EDGE_CURVE('',#6377,#6379,#764,.T.);
#8771=EDGE_CURVE('',#6379,#6381,#768,.T.);
#8773=EDGE_CURVE('',#6381,#6383,#772,.T.);
#8775=EDGE_CURVE('',#6383,#7936,#776,.T.);
#8777=EDGE_CURVE('',#7936,#7922,#780,.T.);
#8779=EDGE_CURVE('',#7920,#7922,#784,.T.);
#8781=EDGE_CURVE('',#7918,#7920,#788,.T.);
#8783=EDGE_CURVE('',#7915,#7918,#792,.T.);
#8785=EDGE_CURVE('',#7934,#7915,#796,.T.);
#8787=EDGE_CURVE('',#7934,#6386,#800,.T.);
#8789=EDGE_CURVE('',#6386,#6387,#804,.T.);
#8791=EDGE_CURVE('',#6387,#6199,#808,.T.);
#8793=EDGE_CURVE('',#6132,#6199,#944,.T.);
#8795=EDGE_CURVE('',#6132,#7925,#812,.T.);
#8797=EDGE_CURVE('',#7925,#7911,#816,.T.);
#8799=EDGE_CURVE('',#7908,#7911,#820,.T.);
#8801=EDGE_CURVE('',#7906,#7908,#824,.T.);
#8803=EDGE_CURVE('',#7904,#7906,#828,.T.);
#8807=EDGE_CURVE('',#6394,#6395,#712,.T.);
#8809=EDGE_CURVE('',#6395,#6394,#717,.T.);
#8813=EDGE_CURVE('',#6390,#6391,#702,.T.);
#8815=EDGE_CURVE('',#6391,#6390,#707,.T.);
#8819=ADVANCED_FACE('',(#8806,#8812,#8818),#8752,.T.);
#8826=EDGE_CURVE('',#6397,#6390,#836,.T.);
#8828=EDGE_CURVE('',#6399,#6397,#841,.T.);
#8830=EDGE_CURVE('',#6399,#6391,#832,.T.);
#8834=ADVANCED_FACE('',(#8833),#8824,.F.);
#8842=EDGE_CURVE('',#6397,#6399,#846,.T.);
#8847=ADVANCED_FACE('',(#8846),#8839,.F.);
#8857=ADVANCED_FACE('',(#8856),#8852,.T.);
#8864=EDGE_CURVE('',#6403,#6394,#854,.T.);
#8866=EDGE_CURVE('',#6402,#6403,#859,.T.);
#8868=EDGE_CURVE('',#6402,#6395,#850,.T.);
#8872=ADVANCED_FACE('',(#8871),#8862,.F.);
#8880=EDGE_CURVE('',#6403,#6402,#864,.T.);
#8885=ADVANCED_FACE('',(#8884),#8877,.F.);
#8895=ADVANCED_FACE('',(#8894),#8890,.T.);
#8901=EDGE_CURVE('',#7888,#7881,#868,.T.);
#8905=EDGE_CURVE('',#7904,#7881,#908,.T.);
#8909=ADVANCED_FACE('',(#8908),#8900,.T.);
#8916=EDGE_CURVE('',#7881,#7882,#872,.T.);
#8918=EDGE_CURVE('',#7882,#7890,#876,.T.);
#8920=EDGE_CURVE('',#7890,#7946,#3235,.T.);
#8923=EDGE_CURVE('',#7948,#7945,#3283,.T.);
#8928=ADVANCED_FACE('',(#8927),#8914,.F.);
#8934=EDGE_CURVE('',#7893,#7894,#880,.T.);
#8936=EDGE_CURVE('',#7894,#7976,#884,.T.);
#8938=EDGE_CURVE('',#7930,#7976,#932,.T.);
#8940=EDGE_CURVE('',#7929,#7930,#2911,.T.);
#8942=EDGE_CURVE('',#7938,#7929,#3099,.T.);
#8944=EDGE_CURVE('',#7893,#7938,#3263,.T.);
#8948=ADVANCED_FACE('',(#8947),#8933,.F.);
#8954=EDGE_CURVE('',#7897,#7898,#888,.T.);
#8956=EDGE_CURVE('',#7898,#7958,#1848,.T.);
#8958=EDGE_CURVE('',#7957,#7958,#1828,.T.);
#8960=EDGE_CURVE('',#7964,#7957,#1796,.T.);
#8962=EDGE_CURVE('',#7964,#7980,#1684,.T.);
#8964=EDGE_CURVE('',#7980,#7897,#892,.T.);
#8968=ADVANCED_FACE('',(#8967),#8953,.F.);
#8974=EDGE_CURVE('',#7900,#7885,#896,.T.);
#8976=EDGE_CURVE('',#7885,#7886,#900,.T.);
#8978=EDGE_CURVE('',#7886,#7902,#904,.T.);
#8980=EDGE_CURVE('',#7902,#7954,#1984,.T.);
#8982=EDGE_CURVE('',#7952,#7954,#2859,.T.);
#8984=EDGE_CURVE('',#7951,#7952,#2322,.T.);
#8986=EDGE_CURVE('',#7900,#7951,#3407,.T.);
#8990=ADVANCED_FACE('',(#8989),#8973,.F.);
#8998=EDGE_CURVE('',#7906,#7882,#912,.T.);
#9003=ADVANCED_FACE('',(#9002),#8995,.T.);
#9012=EDGE_CURVE('',#7908,#7894,#916,.T.);
#9015=EDGE_CURVE('',#7941,#7893,#3259,.T.);
#9017=EDGE_CURVE('',#7941,#7942,#3243,.T.);
#9019=EDGE_CURVE('',#7942,#7890,#3239,.T.);
#9023=ADVANCED_FACE('',(#9022),#9008,.T.);
#9031=EDGE_CURVE('',#7911,#7912,#920,.T.);
#9033=EDGE_CURVE('',#7978,#7912,#1452,.T.);
#9035=EDGE_CURVE('',#7978,#7976,#936,.T.);
#9040=ADVANCED_FACE('',(#9039),#9028,.T.);
#9048=EDGE_CURVE('',#7925,#7926,#924,.T.);
#9050=EDGE_CURVE('',#7926,#7912,#1456,.T.);
#9054=ADVANCED_FACE('',(#9053),#9045,.T.);
#9062=EDGE_CURVE('',#6132,#6133,#928,.T.);
#9064=EDGE_CURVE('',#7926,#6133,#1460,.T.);
#9068=ADVANCED_FACE('',(#9067),#9059,.F.);
#9076=EDGE_CURVE('',#7978,#6133,#940,.T.);
#9080=EDGE_CURVE('',#6083,#6199,#1464,.T.);
#9083=EDGE_CURVE('',#6129,#6082,#3207,.T.);
#9085=EDGE_CURVE('',#7970,#6129,#3191,.T.);
#9087=EDGE_CURVE('',#7970,#7968,#948,.T.);
#9089=EDGE_CURVE('',#7828,#7968,#952,.T.);
#9091=EDGE_CURVE('',#6195,#7828,#2947,.T.);
#9093=EDGE_CURVE('',#6195,#6141,#956,.T.);
#9095=EDGE_CURVE('',#6139,#6141,#3079,.T.);
#9097=EDGE_CURVE('',#6193,#6139,#3075,.T.);
#9099=EDGE_CURVE('',#6191,#6193,#2939,.T.);
#9101=EDGE_CURVE('',#6191,#6149,#960,.T.);
#9103=EDGE_CURVE('',#6147,#6149,#3043,.T.);
#9105=EDGE_CURVE('',#6189,#6147,#3039,.T.);
#9107=EDGE_CURVE('',#6187,#6189,#2931,.T.);
#9109=EDGE_CURVE('',#6187,#6157,#964,.T.);
#9111=EDGE_CURVE('',#6155,#6157,#3007,.T.);
#9113=EDGE_CURVE('',#6185,#6155,#3003,.T.);
#9115=EDGE_CURVE('',#6183,#6185,#2923,.T.);
#9117=EDGE_CURVE('',#6183,#6165,#968,.T.);
#9119=EDGE_CURVE('',#6163,#6165,#2971,.T.);
#9121=EDGE_CURVE('',#6197,#6163,#2967,.T.);
#9123=EDGE_CURVE('',#7930,#6197,#2915,.T.);
#9127=EDGE_CURVE('',#6210,#6211,#1068,.T.);
#9129=EDGE_CURVE('',#6213,#6210,#1092,.T.);
#9131=EDGE_CURVE('',#6215,#6213,#1084,.T.);
#9133=EDGE_CURVE('',#6211,#6215,#1076,.T.);
#9137=EDGE_CURVE('',#6218,#6219,#1164,.T.);
#9139=EDGE_CURVE('',#6221,#6218,#1188,.T.);
#9141=EDGE_CURVE('',#6223,#6221,#1180,.T.);
#9143=EDGE_CURVE('',#6219,#6223,#1172,.T.);
#9147=EDGE_CURVE('',#6226,#6227,#1260,.T.);
#9149=EDGE_CURVE('',#6229,#6226,#1284,.T.);
#9151=EDGE_CURVE('',#6231,#6229,#1276,.T.);
#9153=EDGE_CURVE('',#6227,#6231,#1268,.T.);
#9157=EDGE_CURVE('',#6234,#6235,#1356,.T.);
#9159=EDGE_CURVE('',#6237,#6234,#1380,.T.);
#9161=EDGE_CURVE('',#6239,#6237,#1372,.T.);
#9163=EDGE_CURVE('',#6235,#6239,#1364,.T.);
#9167=EDGE_CURVE('',#6202,#6203,#972,.T.);
#9169=EDGE_CURVE('',#6205,#6202,#996,.T.);
#9171=EDGE_CURVE('',#6207,#6205,#988,.T.);
#9173=EDGE_CURVE('',#6203,#6207,#980,.T.);
#9177=ADVANCED_FACE('',(#9126,#9136,#9146,#9156,#9166,#9176),#9073,.F.);
#9184=EDGE_CURVE('',#6241,#6203,#984,.T.);
#9186=EDGE_CURVE('',#6243,#6241,#1004,.T.);
#9188=EDGE_CURVE('',#6243,#6202,#976,.T.);
#9192=ADVANCED_FACE('',(#9191),#9182,.F.);
#9199=EDGE_CURVE('',#6245,#6207,#992,.T.);
#9201=EDGE_CURVE('',#6241,#6245,#1008,.T.);
#9206=ADVANCED_FACE('',(#9205),#9197,.F.);
#9213=EDGE_CURVE('',#6247,#6205,#1000,.T.);
#9215=EDGE_CURVE('',#6245,#6247,#1012,.T.);
#9220=ADVANCED_FACE('',(#9219),#9211,.F.);
#9228=EDGE_CURVE('',#6247,#6243,#1016,.T.);
#9233=ADVANCED_FACE('',(#9232),#9225,.F.);
#9245=EDGE_CURVE('',#6314,#6315,#1020,.T.);
#9247=EDGE_CURVE('',#6317,#6314,#1044,.T.);
#9249=EDGE_CURVE('',#6319,#6317,#1036,.T.);
#9251=EDGE_CURVE('',#6315,#6319,#1028,.T.);
#9255=ADVANCED_FACE('',(#9244,#9254),#9238,.T.);
#9262=EDGE_CURVE('',#6347,#6315,#1032,.T.);
#9264=EDGE_CURVE('',#6346,#6347,#1052,.T.);
#9266=EDGE_CURVE('',#6346,#6314,#1024,.T.);
#9270=ADVANCED_FACE('',(#9269),#9260,.F.);
#9277=EDGE_CURVE('',#6349,#6319,#1040,.T.);
#9279=EDGE_CURVE('',#6347,#6349,#1056,.T.);
#9284=ADVANCED_FACE('',(#9283),#9275,.F.);
#9291=EDGE_CURVE('',#6351,#6317,#1048,.T.);
#9293=EDGE_CURVE('',#6349,#6351,#1060,.T.);
#9298=ADVANCED_FACE('',(#9297),#9289,.F.);
#9306=EDGE_CURVE('',#6351,#6346,#1064,.T.);
#9311=ADVANCED_FACE('',(#9310),#9303,.F.);
#9323=ADVANCED_FACE('',(#9322),#9316,.T.);
#9330=EDGE_CURVE('',#6283,#6211,#1080,.T.);
#9332=EDGE_CURVE('',#6282,#6283,#1100,.T.);
#9334=EDGE_CURVE('',#6282,#6210,#1072,.T.);
#9338=ADVANCED_FACE('',(#9337),#9328,.F.);
#9345=EDGE_CURVE('',#6285,#6215,#1088,.T.);
#9347=EDGE_CURVE('',#6283,#6285,#1104,.T.);
#9352=ADVANCED_FACE('',(#9351),#9343,.F.);
#9359=EDGE_CURVE('',#6287,#6213,#1096,.T.);
#9361=EDGE_CURVE('',#6285,#6287,#1108,.T.);
#9366=ADVANCED_FACE('',(#9365),#9357,.F.);
#9374=EDGE_CURVE('',#6287,#6282,#1112,.T.);
#9379=ADVANCED_FACE('',(#9378),#9371,.F.);
#9391=EDGE_CURVE('',#6290,#6291,#1116,.T.);
#9393=EDGE_CURVE('',#6293,#6290,#1140,.T.);
#9395=EDGE_CURVE('',#6295,#6293,#1132,.T.);
#9397=EDGE_CURVE('',#6291,#6295,#1124,.T.);
#9401=ADVANCED_FACE('',(#9390,#9400),#9384,.T.);
#9408=EDGE_CURVE('',#6331,#6291,#1128,.T.);
#9410=EDGE_CURVE('',#6330,#6331,#1148,.T.);
#9412=EDGE_CURVE('',#6330,#6290,#1120,.T.);
#9416=ADVANCED_FACE('',(#9415),#9406,.F.);
#9423=EDGE_CURVE('',#6333,#6295,#1136,.T.);
#9425=EDGE_CURVE('',#6331,#6333,#1152,.T.);
#9430=ADVANCED_FACE('',(#9429),#9421,.F.);
#9437=EDGE_CURVE('',#6335,#6293,#1144,.T.);
#9439=EDGE_CURVE('',#6333,#6335,#1156,.T.);
#9444=ADVANCED_FACE('',(#9443),#9435,.F.);
#9452=EDGE_CURVE('',#6335,#6330,#1160,.T.);
#9457=ADVANCED_FACE('',(#9456),#9449,.F.);
#9469=ADVANCED_FACE('',(#9468),#9462,.T.);
#9476=EDGE_CURVE('',#6267,#6219,#1176,.T.);
#9478=EDGE_CURVE('',#6266,#6267,#1196,.T.);
#9480=EDGE_CURVE('',#6266,#6218,#1168,.T.);
#9484=ADVANCED_FACE('',(#9483),#9474,.F.);
#9491=EDGE_CURVE('',#6269,#6223,#1184,.T.);
#9493=EDGE_CURVE('',#6267,#6269,#1200,.T.);
#9498=ADVANCED_FACE('',(#9497),#9489,.F.);
#9505=EDGE_CURVE('',#6271,#6221,#1192,.T.);
#9507=EDGE_CURVE('',#6269,#6271,#1204,.T.);
#9512=ADVANCED_FACE('',(#9511),#9503,.F.);
#9520=EDGE_CURVE('',#6271,#6266,#1208,.T.);
#9525=ADVANCED_FACE('',(#9524),#9517,.F.);
#9537=EDGE_CURVE('',#6274,#6275,#1212,.T.);
#9539=EDGE_CURVE('',#6277,#6274,#1236,.T.);
#9541=EDGE_CURVE('',#6279,#6277,#1228,.T.);
#9543=EDGE_CURVE('',#6275,#6279,#1220,.T.);
#9547=ADVANCED_FACE('',(#9536,#9546),#9530,.T.);
#9554=EDGE_CURVE('',#6321,#6275,#1224,.T.);
#9556=EDGE_CURVE('',#6323,#6321,#1244,.T.);
#9558=EDGE_CURVE('',#6323,#6274,#1216,.T.);
#9562=ADVANCED_FACE('',(#9561),#9552,.F.);
#9569=EDGE_CURVE('',#6325,#6279,#1232,.T.);
#9571=EDGE_CURVE('',#6321,#6325,#1248,.T.);
#9576=ADVANCED_FACE('',(#9575),#9567,.F.);
#9583=EDGE_CURVE('',#6327,#6277,#1240,.T.);
#9585=EDGE_CURVE('',#6325,#6327,#1252,.T.);
#9590=ADVANCED_FACE('',(#9589),#9581,.F.);
#9598=EDGE_CURVE('',#6327,#6323,#1256,.T.);
#9603=ADVANCED_FACE('',(#9602),#9595,.F.);
#9615=ADVANCED_FACE('',(#9614),#9608,.T.);
#9622=EDGE_CURVE('',#6251,#6227,#1272,.T.);
#9624=EDGE_CURVE('',#6250,#6251,#1292,.T.);
#9626=EDGE_CURVE('',#6250,#6226,#1264,.T.);
#9630=ADVANCED_FACE('',(#9629),#9620,.F.);
#9637=EDGE_CURVE('',#6253,#6231,#1280,.T.);
#9639=EDGE_CURVE('',#6251,#6253,#1296,.T.);
#9644=ADVANCED_FACE('',(#9643),#9635,.F.);
#9651=EDGE_CURVE('',#6255,#6229,#1288,.T.);
#9653=EDGE_CURVE('',#6253,#6255,#1300,.T.);
#9658=ADVANCED_FACE('',(#9657),#9649,.F.);
#9666=EDGE_CURVE('',#6255,#6250,#1304,.T.);
#9671=ADVANCED_FACE('',(#9670),#9663,.F.);
#9683=EDGE_CURVE('',#6258,#6259,#1308,.T.);
#9685=EDGE_CURVE('',#6261,#6258,#1332,.T.);
#9687=EDGE_CURVE('',#6263,#6261,#1324,.T.);
#9689=EDGE_CURVE('',#6259,#6263,#1316,.T.);
#9693=ADVANCED_FACE('',(#9682,#9692),#9676,.T.);
#9700=EDGE_CURVE('',#6355,#6259,#1320,.T.);
#9702=EDGE_CURVE('',#6354,#6355,#1340,.T.);
#9704=EDGE_CURVE('',#6354,#6258,#1312,.T.);
#9708=ADVANCED_FACE('',(#9707),#9698,.F.);
#9715=EDGE_CURVE('',#6357,#6263,#1328,.T.);
#9717=EDGE_CURVE('',#6355,#6357,#1344,.T.);
#9722=ADVANCED_FACE('',(#9721),#9713,.F.);
#9729=EDGE_CURVE('',#6359,#6261,#1336,.T.);
#9731=EDGE_CURVE('',#6357,#6359,#1348,.T.);
#9736=ADVANCED_FACE('',(#9735),#9727,.F.);
#9744=EDGE_CURVE('',#6359,#6354,#1352,.T.);
#9749=ADVANCED_FACE('',(#9748),#9741,.F.);
#9761=ADVANCED_FACE('',(#9760),#9754,.T.);
#9768=EDGE_CURVE('',#6299,#6235,#1368,.T.);
#9770=EDGE_CURVE('',#6298,#6299,#1388,.T.);
#9772=EDGE_CURVE('',#6298,#6234,#1360,.T.);
#9776=ADVANCED_FACE('',(#9775),#9766,.F.);
#9783=EDGE_CURVE('',#6301,#6239,#1376,.T.);
#9785=EDGE_CURVE('',#6299,#6301,#1392,.T.);
#9790=ADVANCED_FACE('',(#9789),#9781,.F.);
#9797=EDGE_CURVE('',#6303,#6237,#1384,.T.);
#9799=EDGE_CURVE('',#6301,#6303,#1396,.T.);
#9804=ADVANCED_FACE('',(#9803),#9795,.F.);
#9812=EDGE_CURVE('',#6303,#6298,#1400,.T.);
#9817=ADVANCED_FACE('',(#9816),#9809,.F.);
#9829=EDGE_CURVE('',#6306,#6307,#1404,.T.);
#9831=EDGE_CURVE('',#6309,#6306,#1428,.T.);
#9833=EDGE_CURVE('',#6311,#6309,#1420,.T.);
#9835=EDGE_CURVE('',#6307,#6311,#1412,.T.);
#9839=ADVANCED_FACE('',(#9828,#9838),#9822,.T.);
#9846=EDGE_CURVE('',#6339,#6307,#1416,.T.);
#9848=EDGE_CURVE('',#6338,#6339,#1436,.T.);
#9850=EDGE_CURVE('',#6338,#6306,#1408,.T.);
#9854=ADVANCED_FACE('',(#9853),#9844,.F.);
#9861=EDGE_CURVE('',#6341,#6311,#1424,.T.);
#9863=EDGE_CURVE('',#6339,#6341,#1440,.T.);
#9868=ADVANCED_FACE('',(#9867),#9859,.F.);
#9875=EDGE_CURVE('',#6343,#6309,#1432,.T.);
#9877=EDGE_CURVE('',#6341,#6343,#1444,.T.);
#9882=ADVANCED_FACE('',(#9881),#9873,.F.);
#9890=EDGE_CURVE('',#6343,#6338,#1448,.T.);
#9895=ADVANCED_FACE('',(#9894),#9887,.F.);
#9907=ADVANCED_FACE('',(#9906),#9900,.T.);
#9919=ADVANCED_FACE('',(#9918),#9912,.F.);
#9927=EDGE_CURVE('',#6387,#6085,#1468,.T.);
#9932=EDGE_CURVE('',#6957,#6958,#1477,.T.);
#9934=EDGE_CURVE('',#6958,#6960,#1482,.T.);
#9936=EDGE_CURVE('',#6960,#6962,#1487,.T.);
#9938=EDGE_CURVE('',#6962,#6957,#1492,.T.);
#9942=EDGE_CURVE('',#6965,#6966,#1497,.T.);
#9944=EDGE_CURVE('',#6966,#6968,#1502,.T.);
#9946=EDGE_CURVE('',#6968,#6970,#1507,.T.);
#9948=EDGE_CURVE('',#6970,#6965,#1512,.T.);
#9952=EDGE_CURVE('',#6973,#6974,#1517,.T.);
#9954=EDGE_CURVE('',#6974,#6976,#1522,.T.);
#9956=EDGE_CURVE('',#6976,#6978,#1527,.T.);
#9958=EDGE_CURVE('',#6978,#6973,#1532,.T.);
#9962=EDGE_CURVE('',#6981,#6982,#1537,.T.);
#9964=EDGE_CURVE('',#6982,#6984,#1542,.T.);
#9966=EDGE_CURVE('',#6984,#6986,#1547,.T.);
#9968=EDGE_CURVE('',#6986,#6981,#1552,.T.);
#9972=EDGE_CURVE('',#6989,#6990,#1557,.T.);
#9974=EDGE_CURVE('',#6990,#6992,#1562,.T.);
#9976=EDGE_CURVE('',#6992,#6994,#1567,.T.);
#9978=EDGE_CURVE('',#6994,#6989,#1572,.T.);
#9982=EDGE_CURVE('',#6997,#6998,#1577,.T.);
#9984=EDGE_CURVE('',#6998,#7000,#1582,.T.);
#9986=EDGE_CURVE('',#7000,#7002,#1587,.T.);
#9988=EDGE_CURVE('',#7002,#6997,#1592,.T.);
#9992=EDGE_CURVE('',#7005,#7006,#1597,.T.);
#9994=EDGE_CURVE('',#7006,#7008,#1602,.T.);
#9996=EDGE_CURVE('',#7008,#7010,#1607,.T.);
#9998=EDGE_CURVE('',#7010,#7005,#1612,.T.);
#10002=EDGE_CURVE('',#7013,#7014,#1617,.T.);
#10004=EDGE_CURVE('',#7014,#7016,#1622,.T.);
#10006=EDGE_CURVE('',#7016,#7018,#1627,.T.);
#10008=EDGE_CURVE('',#7018,#7013,#1632,.T.);
#10012=EDGE_CURVE('',#7021,#7022,#1637,.T.);
#10014=EDGE_CURVE('',#7022,#7024,#1642,.T.);
#10016=EDGE_CURVE('',#7024,#7026,#1647,.T.);
#10018=EDGE_CURVE('',#7026,#7021,#1652,.T.);
#10022=EDGE_CURVE('',#7029,#7030,#1657,.T.);
#10024=EDGE_CURVE('',#7030,#7032,#1662,.T.);
#10026=EDGE_CURVE('',#7032,#7034,#1667,.T.);
#10028=EDGE_CURVE('',#7034,#7029,#1672,.T.);
#10032=EDGE_CURVE('',#7037,#7038,#5671,.T.);
#10034=EDGE_CURVE('',#7037,#7040,#1676,.T.);
#10036=EDGE_CURVE('',#7042,#7040,#5683,.T.);
#10038=EDGE_CURVE('',#7042,#7038,#1680,.T.);
#10042=ADVANCED_FACE('',(#9931,#9941,#9951,#9961,#9971,#9981,#9991,#10001,
#10011,#10021,#10031,#10041),#9924,.T.);
#10049=EDGE_CURVE('',#6878,#7964,#1824,.T.);
#10051=EDGE_CURVE('',#6878,#6914,#1688,.T.);
#10053=EDGE_CURVE('',#6914,#6912,#1692,.T.);
#10055=EDGE_CURVE('',#6924,#6912,#3843,.T.);
#10057=EDGE_CURVE('',#6924,#6926,#1696,.T.);
#10059=EDGE_CURVE('',#6926,#6928,#1700,.T.);
#10061=EDGE_CURVE('',#6928,#6930,#1704,.T.);
#10063=EDGE_CURVE('',#6872,#6930,#3831,.T.);
#10065=EDGE_CURVE('',#6870,#6872,#1820,.T.);
#10067=EDGE_CURVE('',#6870,#6906,#1708,.T.);
#10069=EDGE_CURVE('',#6906,#6904,#1712,.T.);
#10071=EDGE_CURVE('',#6932,#6904,#3723,.T.);
#10073=EDGE_CURVE('',#6932,#6934,#1716,.T.);
#10075=EDGE_CURVE('',#6934,#6936,#1720,.T.);
#10077=EDGE_CURVE('',#6936,#6938,#1724,.T.);
#10079=EDGE_CURVE('',#6864,#6938,#3711,.T.);
#10081=EDGE_CURVE('',#6862,#6864,#1816,.T.);
#10083=EDGE_CURVE('',#6862,#6898,#1728,.T.);
#10085=EDGE_CURVE('',#6898,#6896,#1732,.T.);
#10087=EDGE_CURVE('',#6940,#6896,#3599,.T.);
#10089=EDGE_CURVE('',#6942,#6940,#3647,.T.);
#10091=EDGE_CURVE('',#6942,#6944,#1736,.T.);
#10093=EDGE_CURVE('',#6944,#6946,#1740,.T.);
#10095=EDGE_CURVE('',#6856,#6946,#3587,.T.);
#10097=EDGE_CURVE('',#6854,#6856,#1812,.T.);
#10099=EDGE_CURVE('',#6854,#6890,#1744,.T.);
#10101=EDGE_CURVE('',#6890,#6888,#1748,.T.);
#10103=EDGE_CURVE('',#6948,#6888,#3455,.T.);
#10105=EDGE_CURVE('',#6950,#6948,#3515,.T.);
#10107=EDGE_CURVE('',#6950,#6952,#1752,.T.);
#10109=EDGE_CURVE('',#6952,#6954,#1756,.T.);
#10111=EDGE_CURVE('',#6850,#6954,#3447,.T.);
#10113=EDGE_CURVE('',#7856,#6850,#1808,.T.);
#10115=EDGE_CURVE('',#7856,#7974,#1760,.T.);
#10117=EDGE_CURVE('',#7972,#7974,#1764,.T.);
#10119=EDGE_CURVE('',#7972,#6880,#1768,.T.);
#10121=EDGE_CURVE('',#6880,#6087,#1772,.T.);
#10126=EDGE_CURVE('',#6386,#6882,#1780,.T.);
#10128=EDGE_CURVE('',#6916,#6882,#1888,.T.);
#10130=EDGE_CURVE('',#6918,#6916,#1916,.T.);
#10132=EDGE_CURVE('',#6918,#6920,#1784,.T.);
#10134=EDGE_CURVE('',#6920,#6922,#1788,.T.);
#10136=EDGE_CURVE('',#7982,#6922,#1876,.T.);
#10138=EDGE_CURVE('',#7982,#7980,#1792,.T.);
#10142=ADVANCED_FACE('',(#10141),#10047,.F.);
#10149=EDGE_CURVE('',#7957,#7849,#1800,.T.);
#10151=EDGE_CURVE('',#7856,#7849,#1804,.T.);
#10154=EDGE_CURVE('',#6849,#6850,#3443,.T.);
#10156=EDGE_CURVE('',#6852,#6849,#3463,.T.);
#10158=EDGE_CURVE('',#6854,#6852,#3475,.T.);
#10161=EDGE_CURVE('',#6858,#6856,#3583,.T.);
#10163=EDGE_CURVE('',#6860,#6858,#3607,.T.);
#10165=EDGE_CURVE('',#6862,#6860,#3619,.T.);
#10168=EDGE_CURVE('',#6866,#6864,#3707,.T.);
#10170=EDGE_CURVE('',#6868,#6866,#3731,.T.);
#10172=EDGE_CURVE('',#6870,#6868,#3743,.T.);
#10175=EDGE_CURVE('',#6874,#6872,#3827,.T.);
#10177=EDGE_CURVE('',#6876,#6874,#3851,.T.);
#10179=EDGE_CURVE('',#6878,#6876,#3863,.T.);
#10184=ADVANCED_FACE('',(#10183),#10147,.T.);
#10191=EDGE_CURVE('',#6828,#7958,#1844,.T.);
#10193=EDGE_CURVE('',#6828,#6727,#1832,.T.);
#10195=EDGE_CURVE('',#6727,#6728,#1836,.T.);
#10197=EDGE_CURVE('',#6830,#6728,#3347,.T.);
#10199=EDGE_CURVE('',#7850,#6830,#3331,.T.);
#10201=EDGE_CURVE('',#7849,#7850,#1840,.T.);
#10206=ADVANCED_FACE('',(#10205),#10189,.T.);
#10214=EDGE_CURVE('',#7962,#7898,#1852,.T.);
#10216=EDGE_CURVE('',#6833,#7962,#3435,.T.);
#10218=EDGE_CURVE('',#6838,#6833,#3427,.T.);
#10220=EDGE_CURVE('',#6838,#6828,#1856,.T.);
#10224=ADVANCED_FACE('',(#10223),#10211,.F.);
#10231=EDGE_CURVE('',#7918,#7897,#1860,.T.);
#10234=EDGE_CURVE('',#7920,#7885,#1976,.T.);
#10237=EDGE_CURVE('',#7961,#7900,#3403,.T.);
#10239=EDGE_CURVE('',#7961,#7962,#3431,.T.);
#10244=ADVANCED_FACE('',(#10243),#10229,.T.);
#10250=EDGE_CURVE('',#7915,#7916,#1864,.T.);
#10256=EDGE_CURVE('',#7916,#7982,#1872,.T.);
#10260=ADVANCED_FACE('',(#10259),#10249,.T.);
#10267=EDGE_CURVE('',#7966,#7916,#1868,.T.);
#10269=EDGE_CURVE('',#7934,#7966,#1972,.T.);
#10274=ADVANCED_FACE('',(#10273),#10265,.T.);
#10283=EDGE_CURVE('',#7660,#6922,#1896,.T.);
#10285=EDGE_CURVE('',#7660,#7662,#1880,.T.);
#10287=EDGE_CURVE('',#7662,#6916,#1884,.T.);
#10290=EDGE_CURVE('',#6882,#7966,#1892,.T.);
#10294=ADVANCED_FACE('',(#10293),#10279,.F.);
#10302=EDGE_CURVE('',#7734,#6920,#1908,.T.);
#10304=EDGE_CURVE('',#7734,#7660,#1900,.T.);
#10308=ADVANCED_FACE('',(#10307),#10299,.T.);
#10314=EDGE_CURVE('',#7732,#6918,#1912,.T.);
#10316=EDGE_CURVE('',#7732,#7734,#1904,.T.);
#10322=ADVANCED_FACE('',(#10321),#10313,.T.);
#10331=EDGE_CURVE('',#7662,#7732,#1920,.T.);
#10335=ADVANCED_FACE('',(#10334),#10327,.T.);
#10347=EDGE_CURVE('',#7737,#7738,#1924,.T.);
#10349=EDGE_CURVE('',#7738,#7740,#1928,.T.);
#10351=EDGE_CURVE('',#7740,#7742,#1932,.T.);
#10353=EDGE_CURVE('',#7742,#7737,#1936,.T.);
#10357=ADVANCED_FACE('',(#10346,#10356),#10340,.F.);
#10363=EDGE_CURVE('',#7770,#7738,#1940,.T.);
#10366=EDGE_CURVE('',#7769,#7737,#1956,.T.);
#10368=EDGE_CURVE('',#7769,#7770,#1944,.T.);
#10372=ADVANCED_FACE('',(#10371),#10362,.T.);
#10379=EDGE_CURVE('',#7770,#7774,#1948,.T.);
#10381=EDGE_CURVE('',#7774,#7740,#1952,.T.);
#10386=ADVANCED_FACE('',(#10385),#10377,.T.);
#10393=EDGE_CURVE('',#7772,#7769,#1960,.T.);
#10395=EDGE_CURVE('',#7774,#7772,#1968,.T.);
#10400=ADVANCED_FACE('',(#10399),#10391,.F.);
#10408=EDGE_CURVE('',#7772,#7742,#1964,.T.);
#10413=ADVANCED_FACE('',(#10412),#10405,.T.);
#10425=ADVANCED_FACE('',(#10424),#10418,.T.);
#10437=ADVANCED_FACE('',(#10436),#10430,.F.);
#10445=EDGE_CURVE('',#7922,#7886,#1980,.T.);
#10450=ADVANCED_FACE('',(#10449),#10442,.T.);
#10459=EDGE_CURVE('',#7936,#7902,#1988,.T.);
#10463=ADVANCED_FACE('',(#10462),#10455,.T.);
#10472=EDGE_CURVE('',#6383,#6782,#1992,.T.);
#10474=EDGE_CURVE('',#6782,#6774,#1996,.T.);
#10476=EDGE_CURVE('',#6773,#6774,#2687,.T.);
#10478=EDGE_CURVE('',#6776,#6773,#2695,.T.);
#10480=EDGE_CURVE('',#6776,#6768,#2000,.T.);
#10482=EDGE_CURVE('',#6766,#6768,#2591,.T.);
#10484=EDGE_CURVE('',#6770,#6766,#2599,.T.);
#10486=EDGE_CURVE('',#6778,#6770,#2607,.T.);
#10488=EDGE_CURVE('',#6778,#6780,#2004,.T.);
#10490=EDGE_CURVE('',#6780,#6090,#2008,.T.);
#10493=EDGE_CURVE('',#7822,#7845,#2016,.T.);
#10495=EDGE_CURVE('',#7845,#7846,#2020,.T.);
#10497=EDGE_CURVE('',#7954,#7846,#2863,.T.);
#10501=EDGE_CURVE('',#6793,#6794,#2378,.T.);
#10503=EDGE_CURVE('',#6796,#6793,#2402,.T.);
#10505=EDGE_CURVE('',#6798,#6796,#2394,.T.);
#10507=EDGE_CURVE('',#6794,#6798,#2386,.T.);
#10511=EDGE_CURVE('',#6785,#6786,#2024,.T.);
#10513=EDGE_CURVE('',#6788,#6785,#2048,.T.);
#10515=EDGE_CURVE('',#6790,#6788,#2040,.T.);
#10517=EDGE_CURVE('',#6786,#6790,#2032,.T.);
#10521=ADVANCED_FACE('',(#10500,#10510,#10520),#10468,.T.);
#10528=EDGE_CURVE('',#6483,#6786,#2036,.T.);
#10530=EDGE_CURVE('',#6482,#6483,#2056,.T.);
#10532=EDGE_CURVE('',#6482,#6785,#2028,.T.);
#10536=ADVANCED_FACE('',(#10535),#10526,.F.);
#10543=EDGE_CURVE('',#6485,#6790,#2044,.T.);
#10545=EDGE_CURVE('',#6483,#6485,#2060,.T.);
#10550=ADVANCED_FACE('',(#10549),#10541,.F.);
#10557=EDGE_CURVE('',#6487,#6788,#2052,.T.);
#10559=EDGE_CURVE('',#6485,#6487,#2064,.T.);
#10564=ADVANCED_FACE('',(#10563),#10555,.F.);
#10572=EDGE_CURVE('',#6487,#6482,#2068,.T.);
#10577=ADVANCED_FACE('',(#10576),#10569,.F.);
#10589=EDGE_CURVE('',#6490,#6491,#2073,.T.);
#10591=EDGE_CURVE('',#6493,#6491,#2106,.T.);
#10593=EDGE_CURVE('',#6493,#6495,#2078,.T.);
#10595=EDGE_CURVE('',#6490,#6495,#2090,.T.);
#10599=ADVANCED_FACE('',(#10588,#10598),#10582,.T.);
#10606=EDGE_CURVE('',#6490,#6761,#2082,.T.);
#10608=EDGE_CURVE('',#6760,#6761,#2306,.T.);
#10610=EDGE_CURVE('',#6760,#6491,#2086,.T.);
#10614=ADVANCED_FACE('',(#10613),#10604,.F.);
#10621=EDGE_CURVE('',#6763,#6495,#2102,.T.);
#10623=EDGE_CURVE('',#6763,#6761,#2094,.T.);
#10628=ADVANCED_FACE('',(#10627),#10619,.F.);
#10635=EDGE_CURVE('',#6493,#6764,#2098,.T.);
#10637=EDGE_CURVE('',#6763,#6764,#2318,.T.);
#10642=ADVANCED_FACE('',(#10641),#10633,.F.);
#10650=EDGE_CURVE('',#6760,#6764,#2110,.T.);
#10655=ADVANCED_FACE('',(#10654),#10647,.F.);
#10662=EDGE_CURVE('',#7952,#7842,#2326,.T.);
#10664=EDGE_CURVE('',#7841,#7842,#2330,.T.);
#10666=EDGE_CURVE('',#6728,#7841,#3355,.T.);
#10669=EDGE_CURVE('',#7951,#6727,#3395,.T.);
#10673=EDGE_CURVE('',#6723,#6722,#2160,.T.);
#10675=EDGE_CURVE('',#6722,#6721,#2170,.T.);
#10677=EDGE_CURVE('',#6721,#6724,#2180,.T.);
#10679=EDGE_CURVE('',#6724,#6723,#2190,.T.);
#10683=EDGE_CURVE('',#6738,#6739,#2194,.T.);
#10685=EDGE_CURVE('',#6739,#6741,#2198,.T.);
#10687=EDGE_CURVE('',#6741,#6743,#2202,.T.);
#10689=EDGE_CURVE('',#6743,#6738,#2206,.T.);
#10693=EDGE_CURVE('',#6746,#6744,#2216,.T.);
#10695=EDGE_CURVE('',#6744,#6745,#2226,.T.);
#10697=EDGE_CURVE('',#6745,#6747,#2236,.T.);
#10699=EDGE_CURVE('',#6747,#6746,#2246,.T.);
#10703=EDGE_CURVE('',#6750,#6751,#2763,.T.);
#10705=EDGE_CURVE('',#6750,#6753,#2250,.T.);
#10707=EDGE_CURVE('',#6755,#6753,#2731,.T.);
#10709=EDGE_CURVE('',#6755,#6751,#2254,.T.);
#10713=EDGE_CURVE('',#6758,#6756,#2264,.T.);
#10715=EDGE_CURVE('',#6756,#6757,#2274,.T.);
#10717=EDGE_CURVE('',#6757,#6759,#2284,.T.);
#10719=EDGE_CURVE('',#6759,#6758,#2294,.T.);
#10729=EDGE_CURVE('',#6731,#6729,#2118,.T.);
#10731=EDGE_CURVE('',#6729,#6730,#2126,.T.);
#10733=EDGE_CURVE('',#6730,#6733,#2130,.T.);
#10735=EDGE_CURVE('',#6733,#6734,#2138,.T.);
#10737=EDGE_CURVE('',#6734,#6735,#2146,.T.);
#10739=EDGE_CURVE('',#6735,#6731,#2150,.T.);
#10743=ADVANCED_FACE('',(#10672,#10682,#10692,#10702,#10712,#10722,#10728,
#10742),#10660,.T.);
#10749=EDGE_CURVE('',#6507,#6509,#2364,.T.);
#10751=EDGE_CURVE('',#6506,#6507,#2359,.T.);
#10753=EDGE_CURVE('',#6506,#6730,#2334,.T.);
#10757=EDGE_CURVE('',#6731,#6509,#2338,.T.);
#10761=ADVANCED_FACE('',(#10760),#10748,.F.);
#10767=EDGE_CURVE('',#6498,#6499,#2342,.T.);
#10769=EDGE_CURVE('',#6499,#6501,#2346,.T.);
#10771=EDGE_CURVE('',#6501,#6503,#2350,.T.);
#10773=EDGE_CURVE('',#6503,#6498,#2354,.T.);
#10779=EDGE_CURVE('',#6511,#6509,#2410,.T.);
#10781=EDGE_CURVE('',#6511,#6513,#2369,.T.);
#10783=EDGE_CURVE('',#6513,#6515,#2374,.T.);
#10785=EDGE_CURVE('',#6506,#6515,#2422,.T.);
#10789=ADVANCED_FACE('',(#10776,#10788),#10766,.T.);
#10796=EDGE_CURVE('',#6499,#6794,#2390,.T.);
#10799=EDGE_CURVE('',#6498,#6793,#2382,.T.);
#10803=ADVANCED_FACE('',(#10802),#10794,.F.);
#10810=EDGE_CURVE('',#6501,#6798,#2398,.T.);
#10816=ADVANCED_FACE('',(#10815),#10808,.F.);
#10823=EDGE_CURVE('',#6503,#6796,#2406,.T.);
#10829=ADVANCED_FACE('',(#10828),#10821,.F.);
#10841=ADVANCED_FACE('',(#10840),#10834,.F.);
#10850=EDGE_CURVE('',#6511,#6735,#2414,.T.);
#10854=ADVANCED_FACE('',(#10853),#10846,.F.);
#10865=EDGE_CURVE('',#6733,#6515,#2418,.T.);
#10869=ADVANCED_FACE('',(#10868),#10859,.F.);
#10881=ADVANCED_FACE('',(#10880),#10874,.F.);
#10887=EDGE_CURVE('',#6695,#6697,#2468,.T.);
#10889=EDGE_CURVE('',#6694,#6695,#2463,.T.);
#10891=EDGE_CURVE('',#6694,#6721,#2426,.T.);
#10895=EDGE_CURVE('',#6697,#6723,#2832,.T.);
#10899=ADVANCED_FACE('',(#10898),#10886,.F.);
#10905=EDGE_CURVE('',#6670,#6671,#2430,.T.);
#10907=EDGE_CURVE('',#6673,#6671,#2819,.T.);
#10909=EDGE_CURVE('',#6673,#6675,#2434,.T.);
#10911=EDGE_CURVE('',#6675,#6677,#2438,.T.);
#10913=EDGE_CURVE('',#6677,#6679,#2442,.T.);
#10915=EDGE_CURVE('',#6679,#6681,#2446,.T.);
#10917=EDGE_CURVE('',#6681,#6683,#2450,.T.);
#10919=EDGE_CURVE('',#6683,#6685,#2454,.T.);
#10921=EDGE_CURVE('',#6687,#6685,#2735,.T.);
#10923=EDGE_CURVE('',#6689,#6687,#2775,.T.);
#10925=EDGE_CURVE('',#6691,#6689,#2755,.T.);
#10927=EDGE_CURVE('',#6691,#6670,#2458,.T.);
#10933=EDGE_CURVE('',#6697,#6699,#2473,.T.);
#10935=EDGE_CURVE('',#6699,#6701,#2478,.T.);
#10937=EDGE_CURVE('',#6694,#6701,#2828,.T.);
#10941=EDGE_CURVE('',#6704,#6705,#2483,.T.);
#10943=EDGE_CURVE('',#6705,#6707,#2488,.T.);
#10945=EDGE_CURVE('',#6707,#6709,#2493,.T.);
#10947=EDGE_CURVE('',#6709,#6704,#2498,.T.);
#10951=EDGE_CURVE('',#6712,#6713,#2503,.T.);
#10953=EDGE_CURVE('',#6713,#6715,#2508,.T.);
#10955=EDGE_CURVE('',#6715,#6717,#2513,.T.);
#10957=EDGE_CURVE('',#6717,#6719,#2518,.T.);
#10959=EDGE_CURVE('',#6712,#6719,#2851,.T.);
#10963=ADVANCED_FACE('',(#10930,#10940,#10950,#10962),#10904,.T.);
#10969=EDGE_CURVE('',#6544,#6541,#2522,.T.);
#10971=EDGE_CURVE('',#6541,#6738,#2526,.T.);
#10974=EDGE_CURVE('',#6671,#6743,#2823,.T.);
#10977=EDGE_CURVE('',#6670,#6544,#2530,.T.);
#10981=ADVANCED_FACE('',(#10980),#10968,.F.);
#10987=EDGE_CURVE('',#6541,#6542,#2563,.T.);
#10990=EDGE_CURVE('',#6546,#6544,#2767,.T.);
#10992=EDGE_CURVE('',#6548,#6546,#2751,.T.);
#10994=EDGE_CURVE('',#6550,#6548,#2743,.T.);
#10996=EDGE_CURVE('',#6552,#6550,#2723,.T.);
#10998=EDGE_CURVE('',#6554,#6552,#2715,.T.);
#11000=EDGE_CURVE('',#6556,#6554,#2711,.T.);
#11002=EDGE_CURVE('',#6556,#6558,#2534,.T.);
#11004=EDGE_CURVE('',#6558,#6560,#2538,.T.);
#11006=EDGE_CURVE('',#6560,#6562,#2542,.T.);
#11008=EDGE_CURVE('',#6562,#6564,#2546,.T.);
#11010=EDGE_CURVE('',#6566,#6564,#2635,.T.);
#11012=EDGE_CURVE('',#6566,#6568,#2550,.T.);
#11014=EDGE_CURVE('',#6568,#6570,#2554,.T.);
#11016=EDGE_CURVE('',#6570,#6571,#2559,.T.);
#11018=EDGE_CURVE('',#6573,#6571,#2579,.T.);
#11020=EDGE_CURVE('',#6542,#6573,#2571,.T.);
#11024=ADVANCED_FACE('',(#11023),#10986,.T.);
#11031=EDGE_CURVE('',#6542,#6739,#2567,.T.);
#11037=ADVANCED_FACE('',(#11036),#11029,.F.);
#11044=EDGE_CURVE('',#6675,#6573,#2583,.T.);
#11047=EDGE_CURVE('',#6673,#6741,#2575,.T.);
#11053=ADVANCED_FACE('',(#11052),#11042,.F.);
#11060=EDGE_CURVE('',#6677,#6571,#2595,.T.);
#11066=ADVANCED_FACE('',(#11065),#11058,.F.);
#11072=EDGE_CURVE('',#6571,#6766,#2587,.T.);
#11075=EDGE_CURVE('',#6679,#6768,#2703,.T.);
#11081=ADVANCED_FACE('',(#11080),#11071,.F.);
#11090=EDGE_CURVE('',#6570,#6770,#2603,.T.);
#11094=ADVANCED_FACE('',(#11093),#11086,.F.);
#11103=EDGE_CURVE('',#6568,#6778,#2611,.T.);
#11107=ADVANCED_FACE('',(#11106),#11099,.F.);
#11116=EDGE_CURVE('',#6566,#6816,#2615,.T.);
#11118=EDGE_CURVE('',#6818,#6816,#2783,.T.);
#11120=EDGE_CURVE('',#6818,#6820,#2619,.T.);
#11122=EDGE_CURVE('',#6820,#6822,#2623,.T.);
#11124=EDGE_CURVE('',#6822,#6814,#2627,.T.);
#11126=EDGE_CURVE('',#6814,#6780,#2631,.T.);
#11130=ADVANCED_FACE('',(#11129),#11112,.F.);
#11137=EDGE_CURVE('',#6564,#6808,#2639,.T.);
#11139=EDGE_CURVE('',#6373,#6808,#2679,.T.);
#11144=EDGE_CURVE('',#6816,#6099,#2787,.T.);
#11149=ADVANCED_FACE('',(#11148),#11135,.T.);
#11156=EDGE_CURVE('',#6800,#6782,#2651,.T.);
#11158=EDGE_CURVE('',#6802,#6800,#2659,.T.);
#11160=EDGE_CURVE('',#6804,#6802,#2667,.T.);
#11162=EDGE_CURVE('',#6806,#6804,#2675,.T.);
#11164=EDGE_CURVE('',#6808,#6806,#2683,.T.);
#11168=EDGE_CURVE('',#6562,#6774,#2643,.T.);
#11172=ADVANCED_FACE('',(#11171),#11154,.F.);
#11180=EDGE_CURVE('',#6381,#6800,#2647,.T.);
#11185=ADVANCED_FACE('',(#11184),#11177,.T.);
#11193=EDGE_CURVE('',#6379,#6802,#2655,.T.);
#11198=ADVANCED_FACE('',(#11197),#11190,.T.);
#11206=EDGE_CURVE('',#6377,#6804,#2663,.T.);
#11211=ADVANCED_FACE('',(#11210),#11203,.T.);
#11219=EDGE_CURVE('',#6375,#6806,#2671,.T.);
#11224=ADVANCED_FACE('',(#11223),#11216,.T.);
#11236=ADVANCED_FACE('',(#11235),#11229,.T.);
#11245=EDGE_CURVE('',#6560,#6773,#2691,.T.);
#11249=ADVANCED_FACE('',(#11248),#11241,.F.);
#11258=EDGE_CURVE('',#6558,#6776,#2699,.T.);
#11262=ADVANCED_FACE('',(#11261),#11254,.F.);
#11271=EDGE_CURVE('',#6681,#6556,#2707,.T.);
#11277=ADVANCED_FACE('',(#11276),#11267,.F.);
#11283=EDGE_CURVE('',#6683,#6554,#2719,.T.);
#11290=ADVANCED_FACE('',(#11289),#11282,.F.);
#11297=EDGE_CURVE('',#6685,#6552,#2739,.T.);
#11303=ADVANCED_FACE('',(#11302),#11295,.F.);
#11310=EDGE_CURVE('',#6550,#6755,#2727,.T.);
#11313=EDGE_CURVE('',#6687,#6753,#2779,.T.);
#11319=ADVANCED_FACE('',(#11318),#11308,.F.);
#11326=EDGE_CURVE('',#6548,#6751,#2747,.T.);
#11332=ADVANCED_FACE('',(#11331),#11324,.F.);
#11339=EDGE_CURVE('',#6691,#6546,#2771,.T.);
#11342=EDGE_CURVE('',#6689,#6750,#2759,.T.);
#11348=ADVANCED_FACE('',(#11347),#11337,.F.);
#11360=ADVANCED_FACE('',(#11359),#11353,.F.);
#11372=ADVANCED_FACE('',(#11371),#11365,.F.);
#11378=EDGE_CURVE('',#6818,#6097,#2795,.T.);
#11385=ADVANCED_FACE('',(#11384),#11377,.T.);
#11391=EDGE_CURVE('',#6820,#6095,#2803,.T.);
#11398=ADVANCED_FACE('',(#11397),#11390,.T.);
#11404=EDGE_CURVE('',#6822,#6093,#2807,.T.);
#11411=ADVANCED_FACE('',(#11410),#11403,.T.);
#11417=EDGE_CURVE('',#6814,#6091,#2815,.T.);
#11424=ADVANCED_FACE('',(#11423),#11416,.T.);
#11436=ADVANCED_FACE('',(#11435),#11429,.T.);
#11448=ADVANCED_FACE('',(#11447),#11441,.F.);
#11463=ADVANCED_FACE('',(#11462),#11453,.F.);
#11471=EDGE_CURVE('',#6704,#6745,#2836,.T.);
#11475=EDGE_CURVE('',#6707,#6746,#2840,.T.);
#11479=ADVANCED_FACE('',(#11478),#11468,.F.);
#11493=ADVANCED_FACE('',(#11492),#11484,.F.);
#11501=EDGE_CURVE('',#6712,#6757,#2844,.T.);
#11505=EDGE_CURVE('',#6715,#6758,#2855,.T.);
#11509=ADVANCED_FACE('',(#11508),#11498,.F.);
#11524=ADVANCED_FACE('',(#11523),#11514,.F.);
#11532=EDGE_CURVE('',#7842,#7846,#2867,.T.);
#11537=ADVANCED_FACE('',(#11536),#11529,.T.);
#11543=EDGE_CURVE('',#7827,#7828,#2951,.T.);
#11546=EDGE_CURVE('',#7868,#7968,#2871,.T.);
#11548=EDGE_CURVE('',#7867,#7868,#2875,.T.);
#11550=EDGE_CURVE('',#7867,#7830,#3119,.T.);
#11552=EDGE_CURVE('',#7830,#7827,#3107,.T.);
#11556=ADVANCED_FACE('',(#11555),#11542,.T.);
#11563=EDGE_CURVE('',#7864,#7834,#3151,.T.);
#11565=EDGE_CURVE('',#7794,#7864,#2879,.T.);
#11567=EDGE_CURVE('',#7793,#7794,#2883,.T.);
#11571=EDGE_CURVE('',#7838,#7833,#3291,.T.);
#11575=ADVANCED_FACE('',(#11574),#11561,.T.);
#11584=EDGE_CURVE('',#7798,#7845,#2891,.T.);
#11586=EDGE_CURVE('',#7797,#7798,#2895,.T.);
#11588=EDGE_CURVE('',#7874,#7797,#2899,.T.);
#11590=EDGE_CURVE('',#7874,#7841,#3359,.T.);
#11594=ADVANCED_FACE('',(#11593),#11580,.T.);
#11601=EDGE_CURVE('',#7872,#7850,#3343,.T.);
#11603=EDGE_CURVE('',#7871,#7872,#2903,.T.);
#11605=EDGE_CURVE('',#7974,#7871,#2907,.T.);
#11611=ADVANCED_FACE('',(#11610),#11599,.T.);
#11619=EDGE_CURVE('',#6181,#6197,#2963,.T.);
#11621=EDGE_CURVE('',#6181,#6179,#2919,.T.);
#11623=EDGE_CURVE('',#6183,#6179,#2987,.T.);
#11626=EDGE_CURVE('',#6177,#6185,#2999,.T.);
#11628=EDGE_CURVE('',#6177,#6175,#2927,.T.);
#11630=EDGE_CURVE('',#6187,#6175,#3023,.T.);
#11633=EDGE_CURVE('',#6173,#6189,#3035,.T.);
#11635=EDGE_CURVE('',#6173,#6171,#2935,.T.);
#11637=EDGE_CURVE('',#6191,#6171,#3059,.T.);
#11640=EDGE_CURVE('',#6169,#6193,#3071,.T.);
#11642=EDGE_CURVE('',#6169,#6167,#2943,.T.);
#11644=EDGE_CURVE('',#6195,#6167,#3095,.T.);
#11648=EDGE_CURVE('',#7929,#7827,#3103,.T.);
#11652=ADVANCED_FACE('',(#11651),#11616,.T.);
#11658=EDGE_CURVE('',#6163,#6160,#2955,.T.);
#11660=EDGE_CURVE('',#6160,#6181,#2959,.T.);
#11666=ADVANCED_FACE('',(#11665),#11657,.F.);
#11672=EDGE_CURVE('',#6160,#6161,#2975,.T.);
#11676=EDGE_CURVE('',#6161,#6165,#2983,.T.);
#11680=ADVANCED_FACE('',(#11679),#11671,.F.);
#11687=EDGE_CURVE('',#6161,#6179,#2979,.T.);
#11693=ADVANCED_FACE('',(#11692),#11685,.T.);
#11705=ADVANCED_FACE('',(#11704),#11698,.F.);
#11711=EDGE_CURVE('',#6155,#6152,#2991,.T.);
#11713=EDGE_CURVE('',#6152,#6177,#2995,.T.);
#11719=ADVANCED_FACE('',(#11718),#11710,.F.);
#11725=EDGE_CURVE('',#6152,#6153,#3011,.T.);
#11729=EDGE_CURVE('',#6153,#6157,#3019,.T.);
#11733=ADVANCED_FACE('',(#11732),#11724,.F.);
#11740=EDGE_CURVE('',#6153,#6175,#3015,.T.);
#11746=ADVANCED_FACE('',(#11745),#11738,.T.);
#11758=ADVANCED_FACE('',(#11757),#11751,.F.);
#11764=EDGE_CURVE('',#6147,#6144,#3027,.T.);
#11766=EDGE_CURVE('',#6144,#6173,#3031,.T.);
#11772=ADVANCED_FACE('',(#11771),#11763,.F.);
#11778=EDGE_CURVE('',#6144,#6145,#3047,.T.);
#11782=EDGE_CURVE('',#6145,#6149,#3055,.T.);
#11786=ADVANCED_FACE('',(#11785),#11777,.F.);
#11793=EDGE_CURVE('',#6145,#6171,#3051,.T.);
#11799=ADVANCED_FACE('',(#11798),#11791,.T.);
#11811=ADVANCED_FACE('',(#11810),#11804,.F.);
#11817=EDGE_CURVE('',#6139,#6136,#3063,.T.);
#11819=EDGE_CURVE('',#6136,#6169,#3067,.T.);
#11825=ADVANCED_FACE('',(#11824),#11816,.F.);
#11831=EDGE_CURVE('',#6136,#6137,#3083,.T.);
#11835=EDGE_CURVE('',#6137,#6141,#3091,.T.);
#11839=ADVANCED_FACE('',(#11838),#11830,.F.);
#11846=EDGE_CURVE('',#6137,#6167,#3087,.T.);
#11852=ADVANCED_FACE('',(#11851),#11844,.T.);
#11864=ADVANCED_FACE('',(#11863),#11857,.F.);
#11873=EDGE_CURVE('',#6406,#7830,#3115,.T.);
#11875=EDGE_CURVE('',#6406,#6407,#3111,.T.);
#11878=EDGE_CURVE('',#6411,#6409,#3219,.T.);
#11880=EDGE_CURVE('',#7938,#6411,#3251,.T.);
#11884=ADVANCED_FACE('',(#11883),#11869,.T.);
#11892=EDGE_CURVE('',#7862,#7867,#3123,.T.);
#11894=EDGE_CURVE('',#7790,#7862,#3179,.T.);
#11896=EDGE_CURVE('',#7788,#7790,#3163,.T.);
#11898=EDGE_CURVE('',#7788,#6406,#3127,.T.);
#11902=ADVANCED_FACE('',(#11901),#11889,.F.);
#11909=EDGE_CURVE('',#7804,#7794,#3131,.T.);
#11912=EDGE_CURVE('',#7861,#7864,#3147,.T.);
#11914=EDGE_CURVE('',#7861,#7862,#3175,.T.);
#11918=EDGE_CURVE('',#7806,#7868,#3183,.T.);
#11922=ADVANCED_FACE('',(#11921),#11907,.F.);
#11934=ADVANCED_FACE('',(#11933),#11927,.F.);
#11941=EDGE_CURVE('',#7784,#6407,#3155,.T.);
#11943=EDGE_CURVE('',#7786,#7784,#3171,.T.);
#11945=EDGE_CURVE('',#7786,#7861,#3143,.T.);
#11951=ADVANCED_FACE('',(#11950),#11939,.F.);
#11959=EDGE_CURVE('',#7784,#7788,#3159,.T.);
#11964=ADVANCED_FACE('',(#11963),#11956,.F.);
#11972=EDGE_CURVE('',#7790,#7786,#3167,.T.);
#11977=ADVANCED_FACE('',(#11976),#11969,.T.);
#11989=ADVANCED_FACE('',(#11988),#11982,.F.);
#11999=EDGE_CURVE('',#7970,#7876,#3187,.T.);
#12001=EDGE_CURVE('',#7808,#7876,#3215,.T.);
#12005=ADVANCED_FACE('',(#12004),#11994,.F.);
#12013=EDGE_CURVE('',#6129,#7824,#3195,.T.);
#12015=EDGE_CURVE('',#7824,#7876,#3199,.T.);
#12019=ADVANCED_FACE('',(#12018),#12010,.F.);
#12025=EDGE_CURVE('',#7810,#7824,#3203,.T.);
#12032=ADVANCED_FACE('',(#12031),#12024,.F.);
#12044=ADVANCED_FACE('',(#12043),#12037,.F.);
#12051=EDGE_CURVE('',#6419,#6409,#3227,.T.);
#12053=EDGE_CURVE('',#6417,#6419,#3275,.T.);
#12055=EDGE_CURVE('',#6417,#6411,#3223,.T.);
#12059=ADVANCED_FACE('',(#12058),#12049,.F.);
#12065=EDGE_CURVE('',#6414,#7942,#3247,.T.);
#12067=EDGE_CURVE('',#6419,#6414,#3279,.T.);
#12075=ADVANCED_FACE('',(#12074),#12064,.F.);
#12082=EDGE_CURVE('',#6415,#7941,#3255,.T.);
#12084=EDGE_CURVE('',#6414,#6415,#3267,.T.);
#12089=ADVANCED_FACE('',(#12088),#12080,.F.);
#12097=EDGE_CURVE('',#6415,#6417,#3271,.T.);
#12104=ADVANCED_FACE('',(#12103),#12094,.F.);
#12116=ADVANCED_FACE('',(#12115),#12109,.T.);
#12128=ADVANCED_FACE('',(#12127),#12121,.T.);
#12135=EDGE_CURVE('',#7820,#7798,#3295,.T.);
#12141=ADVANCED_FACE('',(#12140),#12133,.F.);
#12148=EDGE_CURVE('',#7818,#7797,#3299,.T.);
#12154=ADVANCED_FACE('',(#12153),#12146,.F.);
#12161=EDGE_CURVE('',#7816,#7871,#3303,.T.);
#12164=EDGE_CURVE('',#7853,#7872,#3339,.T.);
#12166=EDGE_CURVE('',#7853,#7854,#3371,.T.);
#12168=EDGE_CURVE('',#7854,#7874,#3363,.T.);
#12174=ADVANCED_FACE('',(#12173),#12159,.F.);
#12181=EDGE_CURVE('',#7814,#7878,#3307,.T.);
#12183=EDGE_CURVE('',#7972,#7878,#3327,.T.);
#12190=ADVANCED_FACE('',(#12189),#12179,.F.);
#12197=EDGE_CURVE('',#7813,#7858,#3311,.T.);
#12199=EDGE_CURVE('',#7858,#7878,#3319,.T.);
#12204=ADVANCED_FACE('',(#12203),#12195,.F.);
#12213=EDGE_CURVE('',#7858,#6880,#3323,.T.);
#12217=ADVANCED_FACE('',(#12216),#12209,.F.);
#12229=ADVANCED_FACE('',(#12228),#12222,.F.);
#12236=EDGE_CURVE('',#6841,#6830,#3351,.T.);
#12238=EDGE_CURVE('',#6846,#6841,#3391,.T.);
#12240=EDGE_CURVE('',#6846,#7853,#3335,.T.);
#12246=ADVANCED_FACE('',(#12245),#12234,.F.);
#12253=EDGE_CURVE('',#6842,#6728,#3367,.T.);
#12255=EDGE_CURVE('',#6841,#6842,#3379,.T.);
#12260=ADVANCED_FACE('',(#12259),#12251,.F.);
#12269=EDGE_CURVE('',#6844,#7854,#3375,.T.);
#12271=EDGE_CURVE('',#6842,#6844,#3383,.T.);
#12276=ADVANCED_FACE('',(#12275),#12265,.F.);
#12284=EDGE_CURVE('',#6844,#6846,#3387,.T.);
#12289=ADVANCED_FACE('',(#12288),#12281,.F.);
#12301=ADVANCED_FACE('',(#12300),#12294,.T.);
#12308=EDGE_CURVE('',#6836,#6727,#3411,.T.);
#12310=EDGE_CURVE('',#6834,#6836,#3419,.T.);
#12312=EDGE_CURVE('',#6834,#7961,#3399,.T.);
#12318=ADVANCED_FACE('',(#12317),#12306,.F.);
#12326=EDGE_CURVE('',#6836,#6838,#3423,.T.);
#12331=ADVANCED_FACE('',(#12330),#12323,.F.);
#12337=EDGE_CURVE('',#6833,#6834,#3415,.T.);
#12344=ADVANCED_FACE('',(#12343),#12336,.T.);
#12356=ADVANCED_FACE('',(#12355),#12349,.F.);
#12362=EDGE_CURVE('',#6888,#6886,#3439,.T.);
#12364=EDGE_CURVE('',#6849,#6886,#3467,.T.);
#12368=EDGE_CURVE('',#6954,#6948,#3451,.T.);
#12373=ADVANCED_FACE('',(#12372),#12361,.F.);
#12379=EDGE_CURVE('',#6885,#6886,#3459,.T.);
#12383=EDGE_CURVE('',#6885,#6890,#3471,.T.);
#12387=ADVANCED_FACE('',(#12386),#12378,.F.);
#12394=EDGE_CURVE('',#6852,#6885,#3479,.T.);
#12400=ADVANCED_FACE('',(#12399),#12392,.T.);
#12412=ADVANCED_FACE('',(#12411),#12405,.F.);
#12419=EDGE_CURVE('',#6954,#7664,#3483,.T.);
#12421=EDGE_CURVE('',#7664,#7666,#3487,.T.);
#12423=EDGE_CURVE('',#7666,#6948,#3491,.T.);
#12427=ADVANCED_FACE('',(#12426),#12417,.T.);
#12433=EDGE_CURVE('',#7668,#6952,#3503,.T.);
#12435=EDGE_CURVE('',#7668,#7670,#3495,.T.);
#12437=EDGE_CURVE('',#7670,#7664,#3499,.T.);
#12443=ADVANCED_FACE('',(#12442),#12432,.T.);
#12451=EDGE_CURVE('',#7672,#6950,#3511,.T.);
#12453=EDGE_CURVE('',#7672,#7668,#3507,.T.);
#12457=ADVANCED_FACE('',(#12456),#12448,.T.);
#12466=EDGE_CURVE('',#7674,#7666,#3527,.T.);
#12468=EDGE_CURVE('',#7674,#7672,#3519,.T.);
#12472=ADVANCED_FACE('',(#12471),#12462,.T.);
#12480=EDGE_CURVE('',#7670,#7674,#3523,.T.);
#12485=ADVANCED_FACE('',(#12484),#12477,.T.);
#12497=EDGE_CURVE('',#7677,#7678,#3531,.T.);
#12499=EDGE_CURVE('',#7678,#7680,#3535,.T.);
#12501=EDGE_CURVE('',#7680,#7682,#3539,.T.);
#12503=EDGE_CURVE('',#7682,#7677,#3543,.T.);
#12507=ADVANCED_FACE('',(#12496,#12506),#12490,.F.);
#12513=EDGE_CURVE('',#7778,#7678,#3547,.T.);
#12516=EDGE_CURVE('',#7777,#7677,#3563,.T.);
#12518=EDGE_CURVE('',#7777,#7778,#3551,.T.);
#12522=ADVANCED_FACE('',(#12521),#12512,.T.);
#12529=EDGE_CURVE('',#7778,#7782,#3555,.T.);
#12531=EDGE_CURVE('',#7782,#7680,#3559,.T.);
#12536=ADVANCED_FACE('',(#12535),#12527,.T.);
#12543=EDGE_CURVE('',#7780,#7777,#3567,.T.);
#12545=EDGE_CURVE('',#7782,#7780,#3575,.T.);
#12550=ADVANCED_FACE('',(#12549),#12541,.F.);
#12558=EDGE_CURVE('',#7780,#7682,#3571,.T.);
#12563=ADVANCED_FACE('',(#12562),#12555,.T.);
#12575=ADVANCED_FACE('',(#12574),#12568,.T.);
#12581=EDGE_CURVE('',#6896,#6894,#3579,.T.);
#12583=EDGE_CURVE('',#6858,#6894,#3611,.T.);
#12587=EDGE_CURVE('',#7688,#6946,#3627,.T.);
#12589=EDGE_CURVE('',#7688,#7685,#3591,.T.);
#12591=EDGE_CURVE('',#7685,#6940,#3595,.T.);
#12596=ADVANCED_FACE('',(#12595),#12580,.F.);
#12602=EDGE_CURVE('',#6893,#6894,#3603,.T.);
#12606=EDGE_CURVE('',#6893,#6898,#3615,.T.);
#12610=ADVANCED_FACE('',(#12609),#12601,.F.);
#12617=EDGE_CURVE('',#6860,#6893,#3623,.T.);
#12623=ADVANCED_FACE('',(#12622),#12615,.T.);
#12635=ADVANCED_FACE('',(#12634),#12628,.F.);
#12643=EDGE_CURVE('',#7690,#6944,#3639,.T.);
#12645=EDGE_CURVE('',#7690,#7688,#3631,.T.);
#12649=ADVANCED_FACE('',(#12648),#12640,.T.);
#12655=EDGE_CURVE('',#7686,#6942,#3643,.T.);
#12657=EDGE_CURVE('',#7686,#7690,#3635,.T.);
#12663=ADVANCED_FACE('',(#12662),#12654,.T.);
#12672=EDGE_CURVE('',#7685,#7686,#3651,.T.);
#12676=ADVANCED_FACE('',(#12675),#12668,.T.);
#12688=EDGE_CURVE('',#7693,#7694,#3655,.T.);
#12690=EDGE_CURVE('',#7694,#7696,#3659,.T.);
#12692=EDGE_CURVE('',#7696,#7698,#3663,.T.);
#12694=EDGE_CURVE('',#7698,#7693,#3667,.T.);
#12698=ADVANCED_FACE('',(#12687,#12697),#12681,.F.);
#12704=EDGE_CURVE('',#7744,#7694,#3671,.T.);
#12707=EDGE_CURVE('',#7746,#7693,#3687,.T.);
#12709=EDGE_CURVE('',#7746,#7744,#3675,.T.);
#12713=ADVANCED_FACE('',(#12712),#12703,.T.);
#12720=EDGE_CURVE('',#7744,#7748,#3679,.T.);
#12722=EDGE_CURVE('',#7748,#7696,#3683,.T.);
#12727=ADVANCED_FACE('',(#12726),#12718,.T.);
#12734=EDGE_CURVE('',#7750,#7746,#3691,.T.);
#12736=EDGE_CURVE('',#7748,#7750,#3699,.T.);
#12741=ADVANCED_FACE('',(#12740),#12732,.F.);
#12749=EDGE_CURVE('',#7750,#7698,#3695,.T.);
#12754=ADVANCED_FACE('',(#12753),#12746,.T.);
#12766=ADVANCED_FACE('',(#12765),#12759,.T.);
#12772=EDGE_CURVE('',#6904,#6902,#3703,.T.);
#12774=EDGE_CURVE('',#6866,#6902,#3735,.T.);
#12778=EDGE_CURVE('',#7704,#6938,#3751,.T.);
#12780=EDGE_CURVE('',#7704,#7701,#3715,.T.);
#12782=EDGE_CURVE('',#7701,#6932,#3719,.T.);
#12787=ADVANCED_FACE('',(#12786),#12771,.F.);
#12793=EDGE_CURVE('',#6901,#6902,#3727,.T.);
#12797=EDGE_CURVE('',#6901,#6906,#3739,.T.);
#12801=ADVANCED_FACE('',(#12800),#12792,.F.);
#12808=EDGE_CURVE('',#6868,#6901,#3747,.T.);
#12814=ADVANCED_FACE('',(#12813),#12806,.T.);
#12826=ADVANCED_FACE('',(#12825),#12819,.F.);
#12834=EDGE_CURVE('',#7706,#6936,#3763,.T.);
#12836=EDGE_CURVE('',#7706,#7704,#3755,.T.);
#12840=ADVANCED_FACE('',(#12839),#12831,.T.);
#12846=EDGE_CURVE('',#7702,#6934,#3767,.T.);
#12848=EDGE_CURVE('',#7702,#7706,#3759,.T.);
#12854=ADVANCED_FACE('',(#12853),#12845,.T.);
#12863=EDGE_CURVE('',#7701,#7702,#3771,.T.);
#12867=ADVANCED_FACE('',(#12866),#12859,.T.);
#12879=EDGE_CURVE('',#7709,#7710,#3775,.T.);
#12881=EDGE_CURVE('',#7710,#7712,#3779,.T.);
#12883=EDGE_CURVE('',#7712,#7714,#3783,.T.);
#12885=EDGE_CURVE('',#7714,#7709,#3787,.T.);
#12889=ADVANCED_FACE('',(#12878,#12888),#12872,.F.);
#12895=EDGE_CURVE('',#7754,#7710,#3791,.T.);
#12898=EDGE_CURVE('',#7753,#7709,#3807,.T.);
#12900=EDGE_CURVE('',#7753,#7754,#3795,.T.);
#12904=ADVANCED_FACE('',(#12903),#12894,.T.);
#12911=EDGE_CURVE('',#7754,#7758,#3799,.T.);
#12913=EDGE_CURVE('',#7758,#7712,#3803,.T.);
#12918=ADVANCED_FACE('',(#12917),#12909,.T.);
#12925=EDGE_CURVE('',#7756,#7753,#3811,.T.);
#12927=EDGE_CURVE('',#7758,#7756,#3819,.T.);
#12932=ADVANCED_FACE('',(#12931),#12923,.F.);
#12940=EDGE_CURVE('',#7756,#7714,#3815,.T.);
#12945=ADVANCED_FACE('',(#12944),#12937,.T.);
#12957=ADVANCED_FACE('',(#12956),#12950,.T.);
#12963=EDGE_CURVE('',#6912,#6910,#3823,.T.);
#12965=EDGE_CURVE('',#6874,#6910,#3855,.T.);
#12969=EDGE_CURVE('',#7722,#6930,#3875,.T.);
#12971=EDGE_CURVE('',#7722,#7720,#3835,.T.);
#12973=EDGE_CURVE('',#7720,#6924,#3839,.T.);
#12978=ADVANCED_FACE('',(#12977),#12962,.F.);
#12984=EDGE_CURVE('',#6909,#6910,#3847,.T.);
#12988=EDGE_CURVE('',#6909,#6914,#3859,.T.);
#12992=ADVANCED_FACE('',(#12991),#12983,.F.);
#12999=EDGE_CURVE('',#6876,#6909,#3867,.T.);
#13005=ADVANCED_FACE('',(#13004),#12997,.T.);
#13017=ADVANCED_FACE('',(#13016),#13010,.F.);
#13023=EDGE_CURVE('',#7718,#6928,#3879,.T.);
#13025=EDGE_CURVE('',#7718,#7722,#3871,.T.);
#13031=ADVANCED_FACE('',(#13030),#13022,.T.);
#13039=EDGE_CURVE('',#7717,#6926,#3887,.T.);
#13041=EDGE_CURVE('',#7717,#7718,#3883,.T.);
#13045=ADVANCED_FACE('',(#13044),#13036,.T.);
#13054=EDGE_CURVE('',#7720,#7717,#3891,.T.);
#13058=ADVANCED_FACE('',(#13057),#13050,.T.);
#13070=EDGE_CURVE('',#7725,#7726,#3895,.T.);
#13072=EDGE_CURVE('',#7726,#7728,#3899,.T.);
#13074=EDGE_CURVE('',#7728,#7730,#3903,.T.);
#13076=EDGE_CURVE('',#7730,#7725,#3907,.T.);
#13080=ADVANCED_FACE('',(#13069,#13079),#13063,.F.);
#13086=EDGE_CURVE('',#7762,#7726,#3911,.T.);
#13089=EDGE_CURVE('',#7761,#7725,#3927,.T.);
#13091=EDGE_CURVE('',#7761,#7762,#3915,.T.);
#13095=ADVANCED_FACE('',(#13094),#13085,.T.);
#13102=EDGE_CURVE('',#7762,#7766,#3919,.T.);
#13104=EDGE_CURVE('',#7766,#7728,#3923,.T.);
#13109=ADVANCED_FACE('',(#13108),#13100,.T.);
#13116=EDGE_CURVE('',#7764,#7761,#3931,.T.);
#13118=EDGE_CURVE('',#7766,#7764,#3939,.T.);
#13123=ADVANCED_FACE('',(#13122),#13114,.F.);
#13131=EDGE_CURVE('',#7764,#7730,#3935,.T.);
#13136=ADVANCED_FACE('',(#13135),#13128,.T.);
#13148=ADVANCED_FACE('',(#13147),#13141,.T.);
#13156=EDGE_CURVE('',#7044,#6957,#3947,.T.);
#13158=EDGE_CURVE('',#7046,#7044,#3957,.T.);
#13160=EDGE_CURVE('',#7048,#7046,#3952,.T.);
#13162=EDGE_CURVE('',#7048,#6960,#3943,.T.);
#13166=ADVANCED_FACE('',(#13165),#13153,.F.);
#13175=EDGE_CURVE('',#7050,#7048,#3967,.T.);
#13177=EDGE_CURVE('',#7044,#7050,#3962,.T.);
#13182=ADVANCED_FACE('',(#13181),#13171,.F.);
#13194=EDGE_CURVE('',#7053,#7054,#3971,.T.);
#13196=EDGE_CURVE('',#7056,#7053,#4059,.T.);
#13198=EDGE_CURVE('',#7058,#7056,#4051,.T.);
#13200=EDGE_CURVE('',#7060,#7058,#4043,.T.);
#13202=EDGE_CURVE('',#7062,#7060,#4035,.T.);
#13204=EDGE_CURVE('',#7064,#7062,#4027,.T.);
#13206=EDGE_CURVE('',#7066,#7064,#4019,.T.);
#13208=EDGE_CURVE('',#7068,#7066,#4011,.T.);
#13210=EDGE_CURVE('',#7070,#7068,#4003,.T.);
#13212=EDGE_CURVE('',#7072,#7070,#3995,.T.);
#13214=EDGE_CURVE('',#7074,#7072,#3987,.T.);
#13216=EDGE_CURVE('',#7054,#7074,#3979,.T.);
#13220=ADVANCED_FACE('',(#13193,#13219),#13187,.T.);
#13227=EDGE_CURVE('',#7364,#7054,#3983,.T.);
#13229=EDGE_CURVE('',#7366,#7364,#4067,.T.);
#13231=EDGE_CURVE('',#7366,#7053,#3975,.T.);
#13235=ADVANCED_FACE('',(#13234),#13225,.F.);
#13242=EDGE_CURVE('',#7368,#7074,#3991,.T.);
#13244=EDGE_CURVE('',#7364,#7368,#4071,.T.);
#13249=ADVANCED_FACE('',(#13248),#13240,.F.);
#13256=EDGE_CURVE('',#7370,#7072,#3999,.T.);
#13258=EDGE_CURVE('',#7368,#7370,#4075,.T.);
#13263=ADVANCED_FACE('',(#13262),#13254,.F.);
#13270=EDGE_CURVE('',#7372,#7070,#4007,.T.);
#13272=EDGE_CURVE('',#7370,#7372,#4079,.T.);
#13277=ADVANCED_FACE('',(#13276),#13268,.F.);
#13284=EDGE_CURVE('',#7374,#7068,#4015,.T.);
#13286=EDGE_CURVE('',#7372,#7374,#4083,.T.);
#13291=ADVANCED_FACE('',(#13290),#13282,.F.);
#13298=EDGE_CURVE('',#7376,#7066,#4023,.T.);
#13300=EDGE_CURVE('',#7374,#7376,#4087,.T.);
#13305=ADVANCED_FACE('',(#13304),#13296,.F.);
#13312=EDGE_CURVE('',#7378,#7064,#4031,.T.);
#13314=EDGE_CURVE('',#7376,#7378,#4091,.T.);
#13319=ADVANCED_FACE('',(#13318),#13310,.F.);
#13326=EDGE_CURVE('',#7380,#7062,#4039,.T.);
#13328=EDGE_CURVE('',#7378,#7380,#4095,.T.);
#13333=ADVANCED_FACE('',(#13332),#13324,.F.);
#13340=EDGE_CURVE('',#7382,#7060,#4047,.T.);
#13342=EDGE_CURVE('',#7380,#7382,#4099,.T.);
#13347=ADVANCED_FACE('',(#13346),#13338,.F.);
#13354=EDGE_CURVE('',#7384,#7058,#4055,.T.);
#13356=EDGE_CURVE('',#7382,#7384,#4103,.T.);
#13361=ADVANCED_FACE('',(#13360),#13352,.F.);
#13368=EDGE_CURVE('',#7386,#7056,#4063,.T.);
#13370=EDGE_CURVE('',#7384,#7386,#4107,.T.);
#13375=ADVANCED_FACE('',(#13374),#13366,.F.);
#13383=EDGE_CURVE('',#7386,#7366,#4111,.T.);
#13388=ADVANCED_FACE('',(#13387),#13380,.F.);
#13408=ADVANCED_FACE('',(#13407),#13393,.T.);
#13416=EDGE_CURVE('',#7078,#6965,#4119,.T.);
#13418=EDGE_CURVE('',#7077,#7078,#4129,.T.);
#13420=EDGE_CURVE('',#7080,#7077,#4124,.T.);
#13422=EDGE_CURVE('',#7080,#6968,#4115,.T.);
#13426=ADVANCED_FACE('',(#13425),#13413,.F.);
#13435=EDGE_CURVE('',#7082,#7080,#4139,.T.);
#13437=EDGE_CURVE('',#7078,#7082,#4134,.T.);
#13442=ADVANCED_FACE('',(#13441),#13431,.F.);
#13454=EDGE_CURVE('',#7085,#7086,#4143,.T.);
#13456=EDGE_CURVE('',#7088,#7085,#4231,.T.);
#13458=EDGE_CURVE('',#7090,#7088,#4223,.T.);
#13460=EDGE_CURVE('',#7092,#7090,#4215,.T.);
#13462=EDGE_CURVE('',#7094,#7092,#4207,.T.);
#13464=EDGE_CURVE('',#7096,#7094,#4199,.T.);
#13466=EDGE_CURVE('',#7098,#7096,#4191,.T.);
#13468=EDGE_CURVE('',#7100,#7098,#4183,.T.);
#13470=EDGE_CURVE('',#7102,#7100,#4175,.T.);
#13472=EDGE_CURVE('',#7104,#7102,#4167,.T.);
#13474=EDGE_CURVE('',#7106,#7104,#4159,.T.);
#13476=EDGE_CURVE('',#7086,#7106,#4151,.T.);
#13480=ADVANCED_FACE('',(#13453,#13479),#13447,.T.);
#13487=EDGE_CURVE('',#7390,#7086,#4155,.T.);
#13489=EDGE_CURVE('',#7389,#7390,#4239,.T.);
#13491=EDGE_CURVE('',#7389,#7085,#4147,.T.);
#13495=ADVANCED_FACE('',(#13494),#13485,.F.);
#13502=EDGE_CURVE('',#7392,#7106,#4163,.T.);
#13504=EDGE_CURVE('',#7390,#7392,#4243,.T.);
#13509=ADVANCED_FACE('',(#13508),#13500,.F.);
#13516=EDGE_CURVE('',#7394,#7104,#4171,.T.);
#13518=EDGE_CURVE('',#7392,#7394,#4247,.T.);
#13523=ADVANCED_FACE('',(#13522),#13514,.F.);
#13530=EDGE_CURVE('',#7396,#7102,#4179,.T.);
#13532=EDGE_CURVE('',#7394,#7396,#4251,.T.);
#13537=ADVANCED_FACE('',(#13536),#13528,.F.);
#13544=EDGE_CURVE('',#7398,#7100,#4187,.T.);
#13546=EDGE_CURVE('',#7396,#7398,#4255,.T.);
#13551=ADVANCED_FACE('',(#13550),#13542,.F.);
#13558=EDGE_CURVE('',#7400,#7098,#4195,.T.);
#13560=EDGE_CURVE('',#7398,#7400,#4259,.T.);
#13565=ADVANCED_FACE('',(#13564),#13556,.F.);
#13572=EDGE_CURVE('',#7402,#7096,#4203,.T.);
#13574=EDGE_CURVE('',#7400,#7402,#4263,.T.);
#13579=ADVANCED_FACE('',(#13578),#13570,.F.);
#13586=EDGE_CURVE('',#7404,#7094,#4211,.T.);
#13588=EDGE_CURVE('',#7402,#7404,#4267,.T.);
#13593=ADVANCED_FACE('',(#13592),#13584,.F.);
#13600=EDGE_CURVE('',#7406,#7092,#4219,.T.);
#13602=EDGE_CURVE('',#7404,#7406,#4271,.T.);
#13607=ADVANCED_FACE('',(#13606),#13598,.F.);
#13614=EDGE_CURVE('',#7408,#7090,#4227,.T.);
#13616=EDGE_CURVE('',#7406,#7408,#4275,.T.);
#13621=ADVANCED_FACE('',(#13620),#13612,.F.);
#13628=EDGE_CURVE('',#7410,#7088,#4235,.T.);
#13630=EDGE_CURVE('',#7408,#7410,#4279,.T.);
#13635=ADVANCED_FACE('',(#13634),#13626,.F.);
#13643=EDGE_CURVE('',#7410,#7389,#4283,.T.);
#13648=ADVANCED_FACE('',(#13647),#13640,.F.);
#13668=ADVANCED_FACE('',(#13667),#13653,.T.);
#13676=EDGE_CURVE('',#7110,#6973,#4291,.T.);
#13678=EDGE_CURVE('',#7109,#7110,#4301,.T.);
#13680=EDGE_CURVE('',#7112,#7109,#4296,.T.);
#13682=EDGE_CURVE('',#7112,#6976,#4287,.T.);
#13686=ADVANCED_FACE('',(#13685),#13673,.F.);
#13695=EDGE_CURVE('',#7114,#7112,#4311,.T.);
#13697=EDGE_CURVE('',#7110,#7114,#4306,.T.);
#13702=ADVANCED_FACE('',(#13701),#13691,.F.);
#13714=EDGE_CURVE('',#7117,#7118,#4315,.T.);
#13716=EDGE_CURVE('',#7120,#7117,#4403,.T.);
#13718=EDGE_CURVE('',#7122,#7120,#4395,.T.);
#13720=EDGE_CURVE('',#7124,#7122,#4387,.T.);
#13722=EDGE_CURVE('',#7126,#7124,#4379,.T.);
#13724=EDGE_CURVE('',#7128,#7126,#4371,.T.);
#13726=EDGE_CURVE('',#7130,#7128,#4363,.T.);
#13728=EDGE_CURVE('',#7132,#7130,#4355,.T.);
#13730=EDGE_CURVE('',#7134,#7132,#4347,.T.);
#13732=EDGE_CURVE('',#7136,#7134,#4339,.T.);
#13734=EDGE_CURVE('',#7138,#7136,#4331,.T.);
#13736=EDGE_CURVE('',#7118,#7138,#4323,.T.);
#13740=ADVANCED_FACE('',(#13713,#13739),#13707,.T.);
#13747=EDGE_CURVE('',#7414,#7118,#4327,.T.);
#13749=EDGE_CURVE('',#7413,#7414,#4411,.T.);
#13751=EDGE_CURVE('',#7413,#7117,#4319,.T.);
#13755=ADVANCED_FACE('',(#13754),#13745,.F.);
#13762=EDGE_CURVE('',#7416,#7138,#4335,.T.);
#13764=EDGE_CURVE('',#7414,#7416,#4415,.T.);
#13769=ADVANCED_FACE('',(#13768),#13760,.F.);
#13776=EDGE_CURVE('',#7418,#7136,#4343,.T.);
#13778=EDGE_CURVE('',#7416,#7418,#4419,.T.);
#13783=ADVANCED_FACE('',(#13782),#13774,.F.);
#13790=EDGE_CURVE('',#7420,#7134,#4351,.T.);
#13792=EDGE_CURVE('',#7418,#7420,#4423,.T.);
#13797=ADVANCED_FACE('',(#13796),#13788,.F.);
#13804=EDGE_CURVE('',#7422,#7132,#4359,.T.);
#13806=EDGE_CURVE('',#7420,#7422,#4427,.T.);
#13811=ADVANCED_FACE('',(#13810),#13802,.F.);
#13818=EDGE_CURVE('',#7424,#7130,#4367,.T.);
#13820=EDGE_CURVE('',#7422,#7424,#4431,.T.);
#13825=ADVANCED_FACE('',(#13824),#13816,.F.);
#13832=EDGE_CURVE('',#7426,#7128,#4375,.T.);
#13834=EDGE_CURVE('',#7424,#7426,#4435,.T.);
#13839=ADVANCED_FACE('',(#13838),#13830,.F.);
#13846=EDGE_CURVE('',#7428,#7126,#4383,.T.);
#13848=EDGE_CURVE('',#7426,#7428,#4439,.T.);
#13853=ADVANCED_FACE('',(#13852),#13844,.F.);
#13860=EDGE_CURVE('',#7430,#7124,#4391,.T.);
#13862=EDGE_CURVE('',#7428,#7430,#4443,.T.);
#13867=ADVANCED_FACE('',(#13866),#13858,.F.);
#13874=EDGE_CURVE('',#7432,#7122,#4399,.T.);
#13876=EDGE_CURVE('',#7430,#7432,#4447,.T.);
#13881=ADVANCED_FACE('',(#13880),#13872,.F.);
#13888=EDGE_CURVE('',#7434,#7120,#4407,.T.);
#13890=EDGE_CURVE('',#7432,#7434,#4451,.T.);
#13895=ADVANCED_FACE('',(#13894),#13886,.F.);
#13903=EDGE_CURVE('',#7434,#7413,#4455,.T.);
#13908=ADVANCED_FACE('',(#13907),#13900,.F.);
#13928=ADVANCED_FACE('',(#13927),#13913,.T.);
#13936=EDGE_CURVE('',#7142,#6981,#4463,.T.);
#13938=EDGE_CURVE('',#7141,#7142,#4473,.T.);
#13940=EDGE_CURVE('',#7144,#7141,#4468,.T.);
#13942=EDGE_CURVE('',#7144,#6984,#4459,.T.);
#13946=ADVANCED_FACE('',(#13945),#13933,.F.);
#13955=EDGE_CURVE('',#7146,#7144,#4483,.T.);
#13957=EDGE_CURVE('',#7142,#7146,#4478,.T.);
#13962=ADVANCED_FACE('',(#13961),#13951,.F.);
#13974=EDGE_CURVE('',#7149,#7150,#4487,.T.);
#13976=EDGE_CURVE('',#7152,#7149,#4575,.T.);
#13978=EDGE_CURVE('',#7154,#7152,#4567,.T.);
#13980=EDGE_CURVE('',#7156,#7154,#4559,.T.);
#13982=EDGE_CURVE('',#7158,#7156,#4551,.T.);
#13984=EDGE_CURVE('',#7160,#7158,#4543,.T.);
#13986=EDGE_CURVE('',#7162,#7160,#4535,.T.);
#13988=EDGE_CURVE('',#7164,#7162,#4527,.T.);
#13990=EDGE_CURVE('',#7166,#7164,#4519,.T.);
#13992=EDGE_CURVE('',#7168,#7166,#4511,.T.);
#13994=EDGE_CURVE('',#7170,#7168,#4503,.T.);
#13996=EDGE_CURVE('',#7150,#7170,#4495,.T.);
#14000=ADVANCED_FACE('',(#13973,#13999),#13967,.T.);
#14007=EDGE_CURVE('',#7438,#7150,#4499,.T.);
#14009=EDGE_CURVE('',#7437,#7438,#4583,.T.);
#14011=EDGE_CURVE('',#7437,#7149,#4491,.T.);
#14015=ADVANCED_FACE('',(#14014),#14005,.F.);
#14022=EDGE_CURVE('',#7440,#7170,#4507,.T.);
#14024=EDGE_CURVE('',#7438,#7440,#4587,.T.);
#14029=ADVANCED_FACE('',(#14028),#14020,.F.);
#14036=EDGE_CURVE('',#7442,#7168,#4515,.T.);
#14038=EDGE_CURVE('',#7440,#7442,#4591,.T.);
#14043=ADVANCED_FACE('',(#14042),#14034,.F.);
#14050=EDGE_CURVE('',#7444,#7166,#4523,.T.);
#14052=EDGE_CURVE('',#7442,#7444,#4595,.T.);
#14057=ADVANCED_FACE('',(#14056),#14048,.F.);
#14064=EDGE_CURVE('',#7446,#7164,#4531,.T.);
#14066=EDGE_CURVE('',#7444,#7446,#4599,.T.);
#14071=ADVANCED_FACE('',(#14070),#14062,.F.);
#14078=EDGE_CURVE('',#7448,#7162,#4539,.T.);
#14080=EDGE_CURVE('',#7446,#7448,#4603,.T.);
#14085=ADVANCED_FACE('',(#14084),#14076,.F.);
#14092=EDGE_CURVE('',#7450,#7160,#4547,.T.);
#14094=EDGE_CURVE('',#7448,#7450,#4607,.T.);
#14099=ADVANCED_FACE('',(#14098),#14090,.F.);
#14106=EDGE_CURVE('',#7452,#7158,#4555,.T.);
#14108=EDGE_CURVE('',#7450,#7452,#4611,.T.);
#14113=ADVANCED_FACE('',(#14112),#14104,.F.);
#14120=EDGE_CURVE('',#7454,#7156,#4563,.T.);
#14122=EDGE_CURVE('',#7452,#7454,#4615,.T.);
#14127=ADVANCED_FACE('',(#14126),#14118,.F.);
#14134=EDGE_CURVE('',#7456,#7154,#4571,.T.);
#14136=EDGE_CURVE('',#7454,#7456,#4619,.T.);
#14141=ADVANCED_FACE('',(#14140),#14132,.F.);
#14148=EDGE_CURVE('',#7458,#7152,#4579,.T.);
#14150=EDGE_CURVE('',#7456,#7458,#4623,.T.);
#14155=ADVANCED_FACE('',(#14154),#14146,.F.);
#14163=EDGE_CURVE('',#7458,#7437,#4627,.T.);
#14168=ADVANCED_FACE('',(#14167),#14160,.F.);
#14188=ADVANCED_FACE('',(#14187),#14173,.T.);
#14196=EDGE_CURVE('',#7174,#6989,#4635,.T.);
#14198=EDGE_CURVE('',#7173,#7174,#4645,.T.);
#14200=EDGE_CURVE('',#7176,#7173,#4640,.T.);
#14202=EDGE_CURVE('',#7176,#6992,#4631,.T.);
#14206=ADVANCED_FACE('',(#14205),#14193,.F.);
#14215=EDGE_CURVE('',#7178,#7176,#4655,.T.);
#14217=EDGE_CURVE('',#7174,#7178,#4650,.T.);
#14222=ADVANCED_FACE('',(#14221),#14211,.F.);
#14234=EDGE_CURVE('',#7181,#7182,#4659,.T.);
#14236=EDGE_CURVE('',#7184,#7181,#4747,.T.);
#14238=EDGE_CURVE('',#7186,#7184,#4739,.T.);
#14240=EDGE_CURVE('',#7188,#7186,#4731,.T.);
#14242=EDGE_CURVE('',#7190,#7188,#4723,.T.);
#14244=EDGE_CURVE('',#7192,#7190,#4715,.T.);
#14246=EDGE_CURVE('',#7194,#7192,#4707,.T.);
#14248=EDGE_CURVE('',#7196,#7194,#4699,.T.);
#14250=EDGE_CURVE('',#7198,#7196,#4691,.T.);
#14252=EDGE_CURVE('',#7200,#7198,#4683,.T.);
#14254=EDGE_CURVE('',#7202,#7200,#4675,.T.);
#14256=EDGE_CURVE('',#7182,#7202,#4667,.T.);
#14260=ADVANCED_FACE('',(#14233,#14259),#14227,.T.);
#14267=EDGE_CURVE('',#7462,#7182,#4671,.T.);
#14269=EDGE_CURVE('',#7461,#7462,#4755,.T.);
#14271=EDGE_CURVE('',#7461,#7181,#4663,.T.);
#14275=ADVANCED_FACE('',(#14274),#14265,.F.);
#14282=EDGE_CURVE('',#7464,#7202,#4679,.T.);
#14284=EDGE_CURVE('',#7462,#7464,#4759,.T.);
#14289=ADVANCED_FACE('',(#14288),#14280,.F.);
#14296=EDGE_CURVE('',#7466,#7200,#4687,.T.);
#14298=EDGE_CURVE('',#7464,#7466,#4763,.T.);
#14303=ADVANCED_FACE('',(#14302),#14294,.F.);
#14310=EDGE_CURVE('',#7468,#7198,#4695,.T.);
#14312=EDGE_CURVE('',#7466,#7468,#4767,.T.);
#14317=ADVANCED_FACE('',(#14316),#14308,.F.);
#14324=EDGE_CURVE('',#7470,#7196,#4703,.T.);
#14326=EDGE_CURVE('',#7468,#7470,#4771,.T.);
#14331=ADVANCED_FACE('',(#14330),#14322,.F.);
#14338=EDGE_CURVE('',#7472,#7194,#4711,.T.);
#14340=EDGE_CURVE('',#7470,#7472,#4775,.T.);
#14345=ADVANCED_FACE('',(#14344),#14336,.F.);
#14352=EDGE_CURVE('',#7474,#7192,#4719,.T.);
#14354=EDGE_CURVE('',#7472,#7474,#4779,.T.);
#14359=ADVANCED_FACE('',(#14358),#14350,.F.);
#14366=EDGE_CURVE('',#7476,#7190,#4727,.T.);
#14368=EDGE_CURVE('',#7474,#7476,#4783,.T.);
#14373=ADVANCED_FACE('',(#14372),#14364,.F.);
#14380=EDGE_CURVE('',#7478,#7188,#4735,.T.);
#14382=EDGE_CURVE('',#7476,#7478,#4787,.T.);
#14387=ADVANCED_FACE('',(#14386),#14378,.F.);
#14394=EDGE_CURVE('',#7480,#7186,#4743,.T.);
#14396=EDGE_CURVE('',#7478,#7480,#4791,.T.);
#14401=ADVANCED_FACE('',(#14400),#14392,.F.);
#14408=EDGE_CURVE('',#7482,#7184,#4751,.T.);
#14410=EDGE_CURVE('',#7480,#7482,#4795,.T.);
#14415=ADVANCED_FACE('',(#14414),#14406,.F.);
#14423=EDGE_CURVE('',#7482,#7461,#4799,.T.);
#14428=ADVANCED_FACE('',(#14427),#14420,.F.);
#14448=ADVANCED_FACE('',(#14447),#14433,.T.);
#14456=EDGE_CURVE('',#7206,#6997,#4807,.T.);
#14458=EDGE_CURVE('',#7205,#7206,#4817,.T.);
#14460=EDGE_CURVE('',#7208,#7205,#4812,.T.);
#14462=EDGE_CURVE('',#7208,#7000,#4803,.T.);
#14466=ADVANCED_FACE('',(#14465),#14453,.F.);
#14475=EDGE_CURVE('',#7210,#7208,#4827,.T.);
#14477=EDGE_CURVE('',#7206,#7210,#4822,.T.);
#14482=ADVANCED_FACE('',(#14481),#14471,.F.);
#14494=EDGE_CURVE('',#7213,#7214,#4831,.T.);
#14496=EDGE_CURVE('',#7216,#7213,#4919,.T.);
#14498=EDGE_CURVE('',#7218,#7216,#4911,.T.);
#14500=EDGE_CURVE('',#7220,#7218,#4903,.T.);
#14502=EDGE_CURVE('',#7222,#7220,#4895,.T.);
#14504=EDGE_CURVE('',#7224,#7222,#4887,.T.);
#14506=EDGE_CURVE('',#7226,#7224,#4879,.T.);
#14508=EDGE_CURVE('',#7228,#7226,#4871,.T.);
#14510=EDGE_CURVE('',#7230,#7228,#4863,.T.);
#14512=EDGE_CURVE('',#7232,#7230,#4855,.T.);
#14514=EDGE_CURVE('',#7234,#7232,#4847,.T.);
#14516=EDGE_CURVE('',#7214,#7234,#4839,.T.);
#14520=ADVANCED_FACE('',(#14493,#14519),#14487,.T.);
#14527=EDGE_CURVE('',#7582,#7214,#4843,.T.);
#14529=EDGE_CURVE('',#7581,#7582,#4927,.T.);
#14531=EDGE_CURVE('',#7581,#7213,#4835,.T.);
#14535=ADVANCED_FACE('',(#14534),#14525,.F.);
#14542=EDGE_CURVE('',#7584,#7234,#4851,.T.);
#14544=EDGE_CURVE('',#7582,#7584,#4931,.T.);
#14549=ADVANCED_FACE('',(#14548),#14540,.F.);
#14556=EDGE_CURVE('',#7586,#7232,#4859,.T.);
#14558=EDGE_CURVE('',#7584,#7586,#4935,.T.);
#14563=ADVANCED_FACE('',(#14562),#14554,.F.);
#14570=EDGE_CURVE('',#7588,#7230,#4867,.T.);
#14572=EDGE_CURVE('',#7586,#7588,#4939,.T.);
#14577=ADVANCED_FACE('',(#14576),#14568,.F.);
#14584=EDGE_CURVE('',#7590,#7228,#4875,.T.);
#14586=EDGE_CURVE('',#7588,#7590,#4943,.T.);
#14591=ADVANCED_FACE('',(#14590),#14582,.F.);
#14598=EDGE_CURVE('',#7592,#7226,#4883,.T.);
#14600=EDGE_CURVE('',#7590,#7592,#4947,.T.);
#14605=ADVANCED_FACE('',(#14604),#14596,.F.);
#14612=EDGE_CURVE('',#7594,#7224,#4891,.T.);
#14614=EDGE_CURVE('',#7592,#7594,#4951,.T.);
#14619=ADVANCED_FACE('',(#14618),#14610,.F.);
#14626=EDGE_CURVE('',#7596,#7222,#4899,.T.);
#14628=EDGE_CURVE('',#7594,#7596,#4955,.T.);
#14633=ADVANCED_FACE('',(#14632),#14624,.F.);
#14640=EDGE_CURVE('',#7598,#7220,#4907,.T.);
#14642=EDGE_CURVE('',#7596,#7598,#4959,.T.);
#14647=ADVANCED_FACE('',(#14646),#14638,.F.);
#14654=EDGE_CURVE('',#7600,#7218,#4915,.T.);
#14656=EDGE_CURVE('',#7598,#7600,#4963,.T.);
#14661=ADVANCED_FACE('',(#14660),#14652,.F.);
#14668=EDGE_CURVE('',#7602,#7216,#4923,.T.);
#14670=EDGE_CURVE('',#7600,#7602,#4967,.T.);
#14675=ADVANCED_FACE('',(#14674),#14666,.F.);
#14683=EDGE_CURVE('',#7602,#7581,#4971,.T.);
#14688=ADVANCED_FACE('',(#14687),#14680,.F.);
#14708=ADVANCED_FACE('',(#14707),#14693,.T.);
#14716=EDGE_CURVE('',#7238,#7005,#4979,.T.);
#14718=EDGE_CURVE('',#7237,#7238,#4989,.T.);
#14720=EDGE_CURVE('',#7240,#7237,#4984,.T.);
#14722=EDGE_CURVE('',#7240,#7008,#4975,.T.);
#14726=ADVANCED_FACE('',(#14725),#14713,.F.);
#14735=EDGE_CURVE('',#7242,#7240,#4999,.T.);
#14737=EDGE_CURVE('',#7238,#7242,#4994,.T.);
#14742=ADVANCED_FACE('',(#14741),#14731,.F.);
#14754=EDGE_CURVE('',#7245,#7246,#5003,.T.);
#14756=EDGE_CURVE('',#7248,#7245,#5091,.T.);
#14758=EDGE_CURVE('',#7250,#7248,#5083,.T.);
#14760=EDGE_CURVE('',#7252,#7250,#5075,.T.);
#14762=EDGE_CURVE('',#7254,#7252,#5067,.T.);
#14764=EDGE_CURVE('',#7256,#7254,#5059,.T.);
#14766=EDGE_CURVE('',#7258,#7256,#5051,.T.);
#14768=EDGE_CURVE('',#7260,#7258,#5043,.T.);
#14770=EDGE_CURVE('',#7262,#7260,#5035,.T.);
#14772=EDGE_CURVE('',#7264,#7262,#5027,.T.);
#14774=EDGE_CURVE('',#7266,#7264,#5019,.T.);
#14776=EDGE_CURVE('',#7246,#7266,#5011,.T.);
#14780=ADVANCED_FACE('',(#14753,#14779),#14747,.T.);
#14787=EDGE_CURVE('',#7558,#7246,#5015,.T.);
#14789=EDGE_CURVE('',#7557,#7558,#5099,.T.);
#14791=EDGE_CURVE('',#7557,#7245,#5007,.T.);
#14795=ADVANCED_FACE('',(#14794),#14785,.F.);
#14802=EDGE_CURVE('',#7560,#7266,#5023,.T.);
#14804=EDGE_CURVE('',#7558,#7560,#5103,.T.);
#14809=ADVANCED_FACE('',(#14808),#14800,.F.);
#14816=EDGE_CURVE('',#7562,#7264,#5031,.T.);
#14818=EDGE_CURVE('',#7560,#7562,#5107,.T.);
#14823=ADVANCED_FACE('',(#14822),#14814,.F.);
#14830=EDGE_CURVE('',#7564,#7262,#5039,.T.);
#14832=EDGE_CURVE('',#7562,#7564,#5111,.T.);
#14837=ADVANCED_FACE('',(#14836),#14828,.F.);
#14844=EDGE_CURVE('',#7566,#7260,#5047,.T.);
#14846=EDGE_CURVE('',#7564,#7566,#5115,.T.);
#14851=ADVANCED_FACE('',(#14850),#14842,.F.);
#14858=EDGE_CURVE('',#7568,#7258,#5055,.T.);
#14860=EDGE_CURVE('',#7566,#7568,#5119,.T.);
#14865=ADVANCED_FACE('',(#14864),#14856,.F.);
#14872=EDGE_CURVE('',#7570,#7256,#5063,.T.);
#14874=EDGE_CURVE('',#7568,#7570,#5123,.T.);
#14879=ADVANCED_FACE('',(#14878),#14870,.F.);
#14886=EDGE_CURVE('',#7572,#7254,#5071,.T.);
#14888=EDGE_CURVE('',#7570,#7572,#5127,.T.);
#14893=ADVANCED_FACE('',(#14892),#14884,.F.);
#14900=EDGE_CURVE('',#7574,#7252,#5079,.T.);
#14902=EDGE_CURVE('',#7572,#7574,#5131,.T.);
#14907=ADVANCED_FACE('',(#14906),#14898,.F.);
#14914=EDGE_CURVE('',#7576,#7250,#5087,.T.);
#14916=EDGE_CURVE('',#7574,#7576,#5135,.T.);
#14921=ADVANCED_FACE('',(#14920),#14912,.F.);
#14928=EDGE_CURVE('',#7578,#7248,#5095,.T.);
#14930=EDGE_CURVE('',#7576,#7578,#5139,.T.);
#14935=ADVANCED_FACE('',(#14934),#14926,.F.);
#14943=EDGE_CURVE('',#7578,#7557,#5143,.T.);
#14948=ADVANCED_FACE('',(#14947),#14940,.F.);
#14968=ADVANCED_FACE('',(#14967),#14953,.T.);
#14976=EDGE_CURVE('',#7270,#7013,#5151,.T.);
#14978=EDGE_CURVE('',#7269,#7270,#5161,.T.);
#14980=EDGE_CURVE('',#7272,#7269,#5156,.T.);
#14982=EDGE_CURVE('',#7272,#7016,#5147,.T.);
#14986=ADVANCED_FACE('',(#14985),#14973,.F.);
#14995=EDGE_CURVE('',#7274,#7272,#5171,.T.);
#14997=EDGE_CURVE('',#7270,#7274,#5166,.T.);
#15002=ADVANCED_FACE('',(#15001),#14991,.F.);
#15014=EDGE_CURVE('',#7277,#7278,#5175,.T.);
#15016=EDGE_CURVE('',#7280,#7277,#5263,.T.);
#15018=EDGE_CURVE('',#7282,#7280,#5255,.T.);
#15020=EDGE_CURVE('',#7284,#7282,#5247,.T.);
#15022=EDGE_CURVE('',#7286,#7284,#5239,.T.);
#15024=EDGE_CURVE('',#7288,#7286,#5231,.T.);
#15026=EDGE_CURVE('',#7290,#7288,#5223,.T.);
#15028=EDGE_CURVE('',#7292,#7290,#5215,.T.);
#15030=EDGE_CURVE('',#7294,#7292,#5207,.T.);
#15032=EDGE_CURVE('',#7296,#7294,#5199,.T.);
#15034=EDGE_CURVE('',#7298,#7296,#5191,.T.);
#15036=EDGE_CURVE('',#7278,#7298,#5183,.T.);
#15040=ADVANCED_FACE('',(#15013,#15039),#15007,.T.);
#15047=EDGE_CURVE('',#7534,#7278,#5187,.T.);
#15049=EDGE_CURVE('',#7533,#7534,#5271,.T.);
#15051=EDGE_CURVE('',#7533,#7277,#5179,.T.);
#15055=ADVANCED_FACE('',(#15054),#15045,.F.);
#15062=EDGE_CURVE('',#7536,#7298,#5195,.T.);
#15064=EDGE_CURVE('',#7534,#7536,#5275,.T.);
#15069=ADVANCED_FACE('',(#15068),#15060,.F.);
#15076=EDGE_CURVE('',#7538,#7296,#5203,.T.);
#15078=EDGE_CURVE('',#7536,#7538,#5279,.T.);
#15083=ADVANCED_FACE('',(#15082),#15074,.F.);
#15090=EDGE_CURVE('',#7540,#7294,#5211,.T.);
#15092=EDGE_CURVE('',#7538,#7540,#5283,.T.);
#15097=ADVANCED_FACE('',(#15096),#15088,.F.);
#15104=EDGE_CURVE('',#7542,#7292,#5219,.T.);
#15106=EDGE_CURVE('',#7540,#7542,#5287,.T.);
#15111=ADVANCED_FACE('',(#15110),#15102,.F.);
#15118=EDGE_CURVE('',#7544,#7290,#5227,.T.);
#15120=EDGE_CURVE('',#7542,#7544,#5291,.T.);
#15125=ADVANCED_FACE('',(#15124),#15116,.F.);
#15132=EDGE_CURVE('',#7546,#7288,#5235,.T.);
#15134=EDGE_CURVE('',#7544,#7546,#5295,.T.);
#15139=ADVANCED_FACE('',(#15138),#15130,.F.);
#15146=EDGE_CURVE('',#7548,#7286,#5243,.T.);
#15148=EDGE_CURVE('',#7546,#7548,#5299,.T.);
#15153=ADVANCED_FACE('',(#15152),#15144,.F.);
#15160=EDGE_CURVE('',#7550,#7284,#5251,.T.);
#15162=EDGE_CURVE('',#7548,#7550,#5303,.T.);
#15167=ADVANCED_FACE('',(#15166),#15158,.F.);
#15174=EDGE_CURVE('',#7552,#7282,#5259,.T.);
#15176=EDGE_CURVE('',#7550,#7552,#5307,.T.);
#15181=ADVANCED_FACE('',(#15180),#15172,.F.);
#15188=EDGE_CURVE('',#7554,#7280,#5267,.T.);
#15190=EDGE_CURVE('',#7552,#7554,#5311,.T.);
#15195=ADVANCED_FACE('',(#15194),#15186,.F.);
#15203=EDGE_CURVE('',#7554,#7533,#5315,.T.);
#15208=ADVANCED_FACE('',(#15207),#15200,.F.);
#15228=ADVANCED_FACE('',(#15227),#15213,.T.);
#15236=EDGE_CURVE('',#7302,#7021,#5323,.T.);
#15238=EDGE_CURVE('',#7301,#7302,#5333,.T.);
#15240=EDGE_CURVE('',#7304,#7301,#5328,.T.);
#15242=EDGE_CURVE('',#7304,#7024,#5319,.T.);
#15246=ADVANCED_FACE('',(#15245),#15233,.F.);
#15255=EDGE_CURVE('',#7306,#7304,#5343,.T.);
#15257=EDGE_CURVE('',#7302,#7306,#5338,.T.);
#15262=ADVANCED_FACE('',(#15261),#15251,.F.);
#15274=EDGE_CURVE('',#7309,#7310,#5347,.T.);
#15276=EDGE_CURVE('',#7312,#7309,#5435,.T.);
#15278=EDGE_CURVE('',#7314,#7312,#5427,.T.);
#15280=EDGE_CURVE('',#7316,#7314,#5419,.T.);
#15282=EDGE_CURVE('',#7318,#7316,#5411,.T.);
#15284=EDGE_CURVE('',#7320,#7318,#5403,.T.);
#15286=EDGE_CURVE('',#7322,#7320,#5395,.T.);
#15288=EDGE_CURVE('',#7324,#7322,#5387,.T.);
#15290=EDGE_CURVE('',#7326,#7324,#5379,.T.);
#15292=EDGE_CURVE('',#7328,#7326,#5371,.T.);
#15294=EDGE_CURVE('',#7330,#7328,#5363,.T.);
#15296=EDGE_CURVE('',#7310,#7330,#5355,.T.);
#15300=ADVANCED_FACE('',(#15273,#15299),#15267,.T.);
#15307=EDGE_CURVE('',#7510,#7310,#5359,.T.);
#15309=EDGE_CURVE('',#7509,#7510,#5443,.T.);
#15311=EDGE_CURVE('',#7509,#7309,#5351,.T.);
#15315=ADVANCED_FACE('',(#15314),#15305,.F.);
#15322=EDGE_CURVE('',#7512,#7330,#5367,.T.);
#15324=EDGE_CURVE('',#7510,#7512,#5447,.T.);
#15329=ADVANCED_FACE('',(#15328),#15320,.F.);
#15336=EDGE_CURVE('',#7514,#7328,#5375,.T.);
#15338=EDGE_CURVE('',#7512,#7514,#5451,.T.);
#15343=ADVANCED_FACE('',(#15342),#15334,.F.);
#15350=EDGE_CURVE('',#7516,#7326,#5383,.T.);
#15352=EDGE_CURVE('',#7514,#7516,#5455,.T.);
#15357=ADVANCED_FACE('',(#15356),#15348,.F.);
#15364=EDGE_CURVE('',#7518,#7324,#5391,.T.);
#15366=EDGE_CURVE('',#7516,#7518,#5459,.T.);
#15371=ADVANCED_FACE('',(#15370),#15362,.F.);
#15378=EDGE_CURVE('',#7520,#7322,#5399,.T.);
#15380=EDGE_CURVE('',#7518,#7520,#5463,.T.);
#15385=ADVANCED_FACE('',(#15384),#15376,.F.);
#15392=EDGE_CURVE('',#7522,#7320,#5407,.T.);
#15394=EDGE_CURVE('',#7520,#7522,#5467,.T.);
#15399=ADVANCED_FACE('',(#15398),#15390,.F.);
#15406=EDGE_CURVE('',#7524,#7318,#5415,.T.);
#15408=EDGE_CURVE('',#7522,#7524,#5471,.T.);
#15413=ADVANCED_FACE('',(#15412),#15404,.F.);
#15420=EDGE_CURVE('',#7526,#7316,#5423,.T.);
#15422=EDGE_CURVE('',#7524,#7526,#5475,.T.);
#15427=ADVANCED_FACE('',(#15426),#15418,.F.);
#15434=EDGE_CURVE('',#7528,#7314,#5431,.T.);
#15436=EDGE_CURVE('',#7526,#7528,#5479,.T.);
#15441=ADVANCED_FACE('',(#15440),#15432,.F.);
#15448=EDGE_CURVE('',#7530,#7312,#5439,.T.);
#15450=EDGE_CURVE('',#7528,#7530,#5483,.T.);
#15455=ADVANCED_FACE('',(#15454),#15446,.F.);
#15463=EDGE_CURVE('',#7530,#7509,#5487,.T.);
#15468=ADVANCED_FACE('',(#15467),#15460,.F.);
#15488=ADVANCED_FACE('',(#15487),#15473,.T.);
#15496=EDGE_CURVE('',#7334,#7029,#5495,.T.);
#15498=EDGE_CURVE('',#7333,#7334,#5505,.T.);
#15500=EDGE_CURVE('',#7336,#7333,#5500,.T.);
#15502=EDGE_CURVE('',#7336,#7032,#5491,.T.);
#15506=ADVANCED_FACE('',(#15505),#15493,.F.);
#15515=EDGE_CURVE('',#7338,#7336,#5515,.T.);
#15517=EDGE_CURVE('',#7334,#7338,#5510,.T.);
#15522=ADVANCED_FACE('',(#15521),#15511,.F.);
#15534=EDGE_CURVE('',#7341,#7342,#5519,.T.);
#15536=EDGE_CURVE('',#7344,#7341,#5607,.T.);
#15538=EDGE_CURVE('',#7346,#7344,#5599,.T.);
#15540=EDGE_CURVE('',#7348,#7346,#5591,.T.);
#15542=EDGE_CURVE('',#7350,#7348,#5583,.T.);
#15544=EDGE_CURVE('',#7352,#7350,#5575,.T.);
#15546=EDGE_CURVE('',#7354,#7352,#5567,.T.);
#15548=EDGE_CURVE('',#7356,#7354,#5559,.T.);
#15550=EDGE_CURVE('',#7358,#7356,#5551,.T.);
#15552=EDGE_CURVE('',#7360,#7358,#5543,.T.);
#15554=EDGE_CURVE('',#7362,#7360,#5535,.T.);
#15556=EDGE_CURVE('',#7342,#7362,#5527,.T.);
#15560=ADVANCED_FACE('',(#15533,#15559),#15527,.T.);
#15567=EDGE_CURVE('',#7486,#7342,#5531,.T.);
#15569=EDGE_CURVE('',#7485,#7486,#5615,.T.);
#15571=EDGE_CURVE('',#7485,#7341,#5523,.T.);
#15575=ADVANCED_FACE('',(#15574),#15565,.F.);
#15582=EDGE_CURVE('',#7488,#7362,#5539,.T.);
#15584=EDGE_CURVE('',#7486,#7488,#5619,.T.);
#15589=ADVANCED_FACE('',(#15588),#15580,.F.);
#15596=EDGE_CURVE('',#7490,#7360,#5547,.T.);
#15598=EDGE_CURVE('',#7488,#7490,#5623,.T.);
#15603=ADVANCED_FACE('',(#15602),#15594,.F.);
#15610=EDGE_CURVE('',#7492,#7358,#5555,.T.);
#15612=EDGE_CURVE('',#7490,#7492,#5627,.T.);
#15617=ADVANCED_FACE('',(#15616),#15608,.F.);
#15624=EDGE_CURVE('',#7494,#7356,#5563,.T.);
#15626=EDGE_CURVE('',#7492,#7494,#5631,.T.);
#15631=ADVANCED_FACE('',(#15630),#15622,.F.);
#15638=EDGE_CURVE('',#7496,#7354,#5571,.T.);
#15640=EDGE_CURVE('',#7494,#7496,#5635,.T.);
#15645=ADVANCED_FACE('',(#15644),#15636,.F.);
#15652=EDGE_CURVE('',#7498,#7352,#5579,.T.);
#15654=EDGE_CURVE('',#7496,#7498,#5639,.T.);
#15659=ADVANCED_FACE('',(#15658),#15650,.F.);
#15666=EDGE_CURVE('',#7500,#7350,#5587,.T.);
#15668=EDGE_CURVE('',#7498,#7500,#5643,.T.);
#15673=ADVANCED_FACE('',(#15672),#15664,.F.);
#15680=EDGE_CURVE('',#7502,#7348,#5595,.T.);
#15682=EDGE_CURVE('',#7500,#7502,#5647,.T.);
#15687=ADVANCED_FACE('',(#15686),#15678,.F.);
#15694=EDGE_CURVE('',#7504,#7346,#5603,.T.);
#15696=EDGE_CURVE('',#7502,#7504,#5651,.T.);
#15701=ADVANCED_FACE('',(#15700),#15692,.F.);
#15708=EDGE_CURVE('',#7506,#7344,#5611,.T.);
#15710=EDGE_CURVE('',#7504,#7506,#5655,.T.);
#15715=ADVANCED_FACE('',(#15714),#15706,.F.);
#15723=EDGE_CURVE('',#7506,#7485,#5659,.T.);
#15728=ADVANCED_FACE('',(#15727),#15720,.F.);
#15748=ADVANCED_FACE('',(#15747),#15733,.T.);
#15754=EDGE_CURVE('',#7038,#7604,#5663,.T.);
#15756=EDGE_CURVE('',#7606,#7604,#5775,.T.);
#15758=EDGE_CURVE('',#7606,#7037,#5667,.T.);
#15763=ADVANCED_FACE('',(#15762),#15753,.F.);
#15769=EDGE_CURVE('',#7042,#7608,#5675,.T.);
#15771=EDGE_CURVE('',#7610,#7608,#5703,.T.);
#15773=EDGE_CURVE('',#7612,#7610,#5699,.T.);
#15775=EDGE_CURVE('',#7614,#7612,#5723,.T.);
#15777=EDGE_CURVE('',#7614,#7616,#5679,.T.);
#15779=EDGE_CURVE('',#7604,#7616,#5779,.T.);
#15785=ADVANCED_FACE('',(#15784),#15768,.F.);
#15791=EDGE_CURVE('',#7618,#7040,#5691,.T.);
#15793=EDGE_CURVE('',#7608,#7618,#5707,.T.);
#15799=ADVANCED_FACE('',(#15798),#15790,.F.);
#15805=EDGE_CURVE('',#7621,#7622,#5687,.T.);
#15807=EDGE_CURVE('',#7618,#7622,#5711,.T.);
#15812=EDGE_CURVE('',#7624,#7606,#5771,.T.);
#15814=EDGE_CURVE('',#7626,#7624,#5767,.T.);
#15816=EDGE_CURVE('',#7621,#7626,#5715,.T.);
#15820=ADVANCED_FACE('',(#15819),#15804,.F.);
#15826=EDGE_CURVE('',#7610,#7622,#5695,.T.);
#15829=EDGE_CURVE('',#7612,#7621,#5727,.T.);
#15834=ADVANCED_FACE('',(#15833),#15825,.F.);
#15846=ADVANCED_FACE('',(#15845),#15839,.T.);
#15853=EDGE_CURVE('',#7626,#7614,#5719,.T.);
#15859=EDGE_CURVE('',#7629,#7630,#5731,.T.);
#15861=EDGE_CURVE('',#7630,#7632,#5735,.T.);
#15863=EDGE_CURVE('',#7632,#7634,#5739,.T.);
#15865=EDGE_CURVE('',#7634,#7636,#5743,.T.);
#15867=EDGE_CURVE('',#7636,#7638,#5747,.T.);
#15869=EDGE_CURVE('',#7638,#7640,#5751,.T.);
#15871=EDGE_CURVE('',#7640,#7642,#5755,.T.);
#15873=EDGE_CURVE('',#7642,#7629,#5759,.T.);
#15877=ADVANCED_FACE('',(#15858,#15876),#15851,.T.);
#15883=EDGE_CURVE('',#7624,#7616,#5763,.T.);
#15890=ADVANCED_FACE('',(#15889),#15882,.F.);
#15902=ADVANCED_FACE('',(#15901),#15895,.T.);
#15908=EDGE_CURVE('',#7645,#7646,#5783,.T.);
#15910=EDGE_CURVE('',#7630,#7646,#5843,.T.);
#15913=EDGE_CURVE('',#7629,#7645,#5787,.T.);
#15917=ADVANCED_FACE('',(#15916),#15907,.F.);
#15924=EDGE_CURVE('',#7648,#7645,#5795,.T.);
#15926=EDGE_CURVE('',#7650,#7648,#5803,.T.);
#15928=EDGE_CURVE('',#7652,#7650,#5811,.T.);
#15930=EDGE_CURVE('',#7654,#7652,#5819,.T.);
#15932=EDGE_CURVE('',#7656,#7654,#5827,.T.);
#15934=EDGE_CURVE('',#7656,#7658,#5791,.T.);
#15936=EDGE_CURVE('',#7646,#7658,#5839,.T.);
#15940=ADVANCED_FACE('',(#15939),#15922,.T.);
#15949=EDGE_CURVE('',#7642,#7648,#5799,.T.);
#15953=ADVANCED_FACE('',(#15952),#15945,.F.);
#15962=EDGE_CURVE('',#7640,#7650,#5807,.T.);
#15966=ADVANCED_FACE('',(#15965),#15958,.F.);
#15975=EDGE_CURVE('',#7638,#7652,#5815,.T.);
#15979=ADVANCED_FACE('',(#15978),#15971,.F.);
#15988=EDGE_CURVE('',#7636,#7654,#5823,.T.);
#15992=ADVANCED_FACE('',(#15991),#15984,.F.);
#16001=EDGE_CURVE('',#7634,#7656,#5831,.T.);
#16005=ADVANCED_FACE('',(#16004),#15997,.F.);
#16014=EDGE_CURVE('',#7632,#7658,#5835,.T.);
#16018=ADVANCED_FACE('',(#16017),#16010,.F.);
#16030=ADVANCED_FACE('',(#16029),#16023,.F.);
#16036=EDGE_CURVE('',#6363,#6812,#5855,.T.);
#16040=EDGE_CURVE('',#6585,#6812,#5851,.T.);
#16044=ADVANCED_FACE('',(#16043),#16035,.T.);
#16053=EDGE_CURVE('',#6812,#6810,#5859,.T.);
#16057=ADVANCED_FACE('',(#16056),#16049,.T.);
#16067=EDGE_CURVE('',#6809,#6583,#5870,.T.);
#16071=ADVANCED_FACE('',(#16070),#16062,.F.);
#16083=ADVANCED_FACE('',(#16082),#16076,.F.);
#16091=EDGE_CURVE('',#6643,#6639,#5886,.T.);
#16096=ADVANCED_FACE('',(#16095),#16088,.F.);
#16108=EDGE_CURVE('',#6662,#6663,#5903,.T.);
#16110=EDGE_CURVE('',#6663,#6665,#5908,.T.);
#16112=EDGE_CURVE('',#6665,#6667,#5913,.T.);
#16114=EDGE_CURVE('',#6667,#6662,#5918,.T.);
#16118=ADVANCED_FACE('',(#16107,#16117),#16101,.T.);
#16126=EDGE_CURVE('',#6662,#6434,#5922,.T.);
#16130=EDGE_CURVE('',#6665,#6435,#5926,.T.);
#16134=ADVANCED_FACE('',(#16133),#16123,.F.);
#16148=ADVANCED_FACE('',(#16147),#16139,.F.);
#16154=EDGE_CURVE('',#6635,#6823,#5938,.T.);
#16158=EDGE_CURVE('',#6823,#6589,#5959,.T.);
#16162=ADVANCED_FACE('',(#16161),#16153,.F.);
#16169=EDGE_CURVE('',#6823,#6824,#5943,.T.);
#16171=EDGE_CURVE('',#6824,#6107,#5947,.T.);
#16178=ADVANCED_FACE('',(#16177),#16167,.F.);
#16187=EDGE_CURVE('',#6587,#6826,#5963,.T.);
#16189=EDGE_CURVE('',#6826,#6824,#5967,.T.);
#16193=ADVANCED_FACE('',(#16192),#16183,.F.);
#16199=EDGE_CURVE('',#6826,#6109,#5979,.T.);
#16206=ADVANCED_FACE('',(#16205),#16198,.T.);
#16218=ADVANCED_FACE('',(#16217),#16211,.T.);
#16232=ADVANCED_FACE('',(#16231),#16223,.F.);
#16246=ADVANCED_FACE('',(#16245),#16237,.F.);
#16252=EDGE_CURVE('',#6471,#6473,#6021,.T.);
#16254=EDGE_CURVE('',#6470,#6471,#6016,.T.);
#16256=EDGE_CURVE('',#6470,#6438,#5991,.T.);
#16260=EDGE_CURVE('',#6439,#6473,#5995,.T.);
#16264=ADVANCED_FACE('',(#16263),#16251,.F.);
#16270=EDGE_CURVE('',#6462,#6463,#5999,.T.);
#16272=EDGE_CURVE('',#6463,#6465,#6003,.T.);
#16274=EDGE_CURVE('',#6465,#6467,#6007,.T.);
#16276=EDGE_CURVE('',#6467,#6462,#6011,.T.);
#16282=EDGE_CURVE('',#6475,#6473,#6067,.T.);
#16284=EDGE_CURVE('',#6475,#6477,#6026,.T.);
#16286=EDGE_CURVE('',#6477,#6479,#6031,.T.);
#16288=EDGE_CURVE('',#6470,#6479,#6079,.T.);
#16292=ADVANCED_FACE('',(#16279,#16291),#16269,.T.);
#16299=EDGE_CURVE('',#6463,#6625,#6047,.T.);
#16302=EDGE_CURVE('',#6462,#6624,#6039,.T.);
#16306=ADVANCED_FACE('',(#16305),#16297,.F.);
#16313=EDGE_CURVE('',#6465,#6629,#6055,.T.);
#16319=ADVANCED_FACE('',(#16318),#16311,.F.);
#16326=EDGE_CURVE('',#6467,#6627,#6063,.T.);
#16332=ADVANCED_FACE('',(#16331),#16324,.F.);
#16344=ADVANCED_FACE('',(#16343),#16337,.F.);
#16353=EDGE_CURVE('',#6475,#6443,#6071,.T.);
#16357=ADVANCED_FACE('',(#16356),#16349,.F.);
#16368=EDGE_CURVE('',#6441,#6479,#6075,.T.);
#16372=ADVANCED_FACE('',(#16371),#16362,.F.);
#16384=ADVANCED_FACE('',(#16383),#16377,.F.);
#16387=(LENGTH_UNIT()NAMED_UNIT(*)SI_UNIT(.MILLI.,.METRE.));
#16389=(NAMED_UNIT(*)PLANE_ANGLE_UNIT()SI_UNIT($,.RADIAN.));
#16392=(NAMED_UNIT(*)SI_UNIT($,.STERADIAN.)SOLID_ANGLE_UNIT());
#16394=(GEOMETRIC_REPRESENTATION_CONTEXT(3)GLOBAL_UNCERTAINTY_ASSIGNED_CONTEXT((
#16393))GLOBAL_UNIT_ASSIGNED_CONTEXT((#16387,#16391,#16392))REPRESENTATION_CONTEXT('ID1','3'));
#16395=ADVANCED_BREP_SHAPE_REPRESENTATION('',(#16386),#16394);
#16402=PRODUCT_DEFINITION('design','',#16401,#16398);
#16403=PRODUCT_DEFINITION_SHAPE('','SHAPE FOR SB105175_3D-SOFTWARE_COLOUR.',
#16402);
#16404=SHAPE_DEFINITION_REPRESENTATION(#16403,#16395);
ENDSEC;
END-ISO-10303-21;
